ISO-10303-21;
HEADER;
FILE_DESCRIPTION((''),'2;1');
FILE_NAME('RGV0016D_ASM','2018-12-19T07:45:20',('a0412086'),(''),
'CREO PARAMETRIC BY PTC INC, 2018020','CREO PARAMETRIC BY PTC INC, 2018020','');
FILE_SCHEMA(('AUTOMOTIVE_DESIGN { 1 0 10303 214 1 1 1 1 }'));
ENDSEC;
DATA;
#31=CARTESIAN_POINT('',(-1.6015E0,0.E0,-9.76E-1));
#32=DIRECTION('',(0.E0,1.E0,0.E0));
#33=DIRECTION('',(1.E0,0.E0,0.E0));
#34=AXIS2_PLACEMENT_3D('',#31,#32,#33);
#36=DRAUGHTING_PRE_DEFINED_CURVE_FONT('continuous');
#37=CURVE_STYLE('',#36,POSITIVE_LENGTH_MEASURE(2.E-2),#28);
#38=PRESENTATION_STYLE_ASSIGNMENT((#37));
#39=STYLED_ITEM('',(#38),#35);
#40=CARTESIAN_POINT('',(-1.7075625E0,0.E0,-9.75E-1));
#41=DIRECTION('',(0.E0,1.E0,0.E0));
#42=DIRECTION('',(9.998612433722E-1,0.E0,-1.665815122203E-2));
#43=AXIS2_PLACEMENT_3D('',#40,#41,#42);
#45=CURVE_STYLE('',#36,POSITIVE_LENGTH_MEASURE(2.E-2),#28);
#46=PRESENTATION_STYLE_ASSIGNMENT((#45));
#47=STYLED_ITEM('',(#46),#44);
#48=DIRECTION('',(0.E0,0.E0,-1.E0));
#49=VECTOR('',#48,3.05E-1);
#50=CARTESIAN_POINT('',(-2.E0,0.E0,-8.225E-1));
#51=LINE('',#50,#49);
#52=CURVE_STYLE('',#36,POSITIVE_LENGTH_MEASURE(2.E-2),#28);
#53=PRESENTATION_STYLE_ASSIGNMENT((#52));
#54=STYLED_ITEM('',(#53),#51);
#55=CARTESIAN_POINT('',(-1.7075625E0,0.E0,-9.75E-1));
#56=DIRECTION('',(0.E0,1.E0,0.E0));
#57=DIRECTION('',(8.058723610774E-1,0.E0,5.920892987139E-1));
#58=AXIS2_PLACEMENT_3D('',#55,#56,#57);
#60=CURVE_STYLE('',#36,POSITIVE_LENGTH_MEASURE(2.E-2),#28);
#61=PRESENTATION_STYLE_ASSIGNMENT((#60));
#62=STYLED_ITEM('',(#61),#59);
#63=CARTESIAN_POINT('',(-1.6015E0,0.E0,-9.74E-1));
#64=DIRECTION('',(0.E0,1.E0,0.E0));
#65=DIRECTION('',(9.997641022842E-1,0.E0,2.171957144636E-2));
#66=AXIS2_PLACEMENT_3D('',#63,#64,#65);
#68=CURVE_STYLE('',#36,POSITIVE_LENGTH_MEASURE(2.E-2),#28);
#69=PRESENTATION_STYLE_ASSIGNMENT((#68));
#70=STYLED_ITEM('',(#69),#67);
#71=DIRECTION('',(1.110223024625E-13,0.E0,-1.E0));
#72=VECTOR('',#71,2.E-3);
#73=CARTESIAN_POINT('',(-1.45E0,0.E0,-9.74E-1));
#74=LINE('',#73,#72);
#75=CURVE_STYLE('',#36,POSITIVE_LENGTH_MEASURE(2.E-2),#28);
#76=PRESENTATION_STYLE_ASSIGNMENT((#75));
#77=STYLED_ITEM('',(#76),#74);
#78=DIRECTION('',(0.E0,1.E0,-3.663735981263E-14));
#79=VECTOR('',#78,1.E-1);
#80=CARTESIAN_POINT('',(-1.450035738504E0,0.E0,-9.792905150741E-1));
#81=LINE('',#80,#79);
#82=CURVE_STYLE('',#36,POSITIVE_LENGTH_MEASURE(2.E-2),#28);
#83=PRESENTATION_STYLE_ASSIGNMENT((#82));
#84=STYLED_ITEM('',(#83),#81);
#85=DIRECTION('',(0.E0,1.E0,0.E0));
#86=VECTOR('',#85,1.E-1);
#87=CARTESIAN_POINT('',(-1.45E0,0.E0,-9.76E-1));
#88=LINE('',#87,#86);
#89=CURVE_STYLE('',#36,POSITIVE_LENGTH_MEASURE(2.E-2),#28);
#90=PRESENTATION_STYLE_ASSIGNMENT((#89));
#91=STYLED_ITEM('',(#90),#88);
#92=DIRECTION('',(0.E0,1.E0,0.E0));
#93=VECTOR('',#92,1.E-1);
#94=CARTESIAN_POINT('',(-1.5E0,0.E0,-8.225E-1));
#95=LINE('',#94,#93);
#96=CURVE_STYLE('',#36,POSITIVE_LENGTH_MEASURE(2.E-2),#28);
#97=PRESENTATION_STYLE_ASSIGNMENT((#96));
#98=STYLED_ITEM('',(#97),#95);
#99=DIRECTION('',(0.E0,1.E0,-3.219646771413E-14));
#100=VECTOR('',#99,1.E-1);
#101=CARTESIAN_POINT('',(-1.450035738504E0,0.E0,-9.707094849259E-1));
#102=LINE('',#101,#100);
#103=CURVE_STYLE('',#36,POSITIVE_LENGTH_MEASURE(2.E-2),#28);
#104=PRESENTATION_STYLE_ASSIGNMENT((#103));
#105=STYLED_ITEM('',(#104),#102);
#106=DIRECTION('',(1.E0,0.E0,0.E0));
#107=VECTOR('',#106,5.E-1);
#108=CARTESIAN_POINT('',(-2.E0,1.E-1,-1.1275E0));
#109=LINE('',#108,#107);
#110=CURVE_STYLE('',#36,POSITIVE_LENGTH_MEASURE(2.E-2),#28);
#111=PRESENTATION_STYLE_ASSIGNMENT((#110));
#112=STYLED_ITEM('',(#111),#109);
#113=CARTESIAN_POINT('',(-1.7075625E0,1.E-1,-9.75E-1));
#114=DIRECTION('',(0.E0,1.E0,0.E0));
#115=DIRECTION('',(9.998612433722E-1,0.E0,-1.665815122207E-2));
#116=AXIS2_PLACEMENT_3D('',#113,#114,#115);
#118=CURVE_STYLE('',#36,POSITIVE_LENGTH_MEASURE(2.E-2),#28);
#119=PRESENTATION_STYLE_ASSIGNMENT((#118));
#120=STYLED_ITEM('',(#119),#117);
#121=CARTESIAN_POINT('',(-1.6015E0,1.E-1,-9.76E-1));
#122=DIRECTION('',(0.E0,1.E0,0.E0));
#123=DIRECTION('',(1.E0,0.E0,0.E0));
#124=AXIS2_PLACEMENT_3D('',#121,#122,#123);
#126=CURVE_STYLE('',#36,POSITIVE_LENGTH_MEASURE(2.E-2),#28);
#127=PRESENTATION_STYLE_ASSIGNMENT((#126));
#128=STYLED_ITEM('',(#127),#125);
#129=DIRECTION('',(0.E0,0.E0,-1.E0));
#130=VECTOR('',#129,2.E-3);
#131=CARTESIAN_POINT('',(-1.45E0,1.E-1,-9.74E-1));
#132=LINE('',#131,#130);
#133=CURVE_STYLE('',#36,POSITIVE_LENGTH_MEASURE(2.E-2),#28);
#134=PRESENTATION_STYLE_ASSIGNMENT((#133));
#135=STYLED_ITEM('',(#134),#132);
#136=CARTESIAN_POINT('',(-1.6015E0,1.E-1,-9.74E-1));
#137=DIRECTION('',(0.E0,1.E0,0.E0));
#138=DIRECTION('',(9.997641022842E-1,0.E0,2.171957144629E-2));
#139=AXIS2_PLACEMENT_3D('',#136,#137,#138);
#141=CURVE_STYLE('',#36,POSITIVE_LENGTH_MEASURE(2.E-2),#28);
#142=PRESENTATION_STYLE_ASSIGNMENT((#141));
#143=STYLED_ITEM('',(#142),#140);
#144=CARTESIAN_POINT('',(-1.7075625E0,1.E-1,-9.75E-1));
#145=DIRECTION('',(0.E0,1.E0,0.E0));
#146=DIRECTION('',(8.058723610774E-1,0.E0,5.920892987139E-1));
#147=AXIS2_PLACEMENT_3D('',#144,#145,#146);
#149=CURVE_STYLE('',#36,POSITIVE_LENGTH_MEASURE(2.E-2),#28);
#150=PRESENTATION_STYLE_ASSIGNMENT((#149));
#151=STYLED_ITEM('',(#150),#148);
#152=DIRECTION('',(-1.E0,0.E0,0.E0));
#153=VECTOR('',#152,5.E-1);
#154=CARTESIAN_POINT('',(-1.5E0,1.E-1,-8.225E-1));
#155=LINE('',#154,#153);
#156=CURVE_STYLE('',#36,POSITIVE_LENGTH_MEASURE(2.E-2),#28);
#157=PRESENTATION_STYLE_ASSIGNMENT((#156));
#158=STYLED_ITEM('',(#157),#155);
#159=DIRECTION('',(0.E0,0.E0,-1.E0));
#160=VECTOR('',#159,3.05E-1);
#161=CARTESIAN_POINT('',(-2.E0,1.E-1,-8.225E-1));
#162=LINE('',#161,#160);
#163=CURVE_STYLE('',#36,POSITIVE_LENGTH_MEASURE(2.E-2),#28);
#164=PRESENTATION_STYLE_ASSIGNMENT((#163));
#165=STYLED_ITEM('',(#164),#162);
#166=DIRECTION('',(1.E0,0.E0,0.E0));
#167=VECTOR('',#166,5.E-1);
#168=CARTESIAN_POINT('',(-2.E0,0.E0,-1.1275E0));
#169=LINE('',#168,#167);
#170=CURVE_STYLE('',#36,POSITIVE_LENGTH_MEASURE(2.E-2),#28);
#171=PRESENTATION_STYLE_ASSIGNMENT((#170));
#172=STYLED_ITEM('',(#171),#169);
#173=DIRECTION('',(0.E0,1.E0,0.E0));
#174=VECTOR('',#173,1.E-1);
#175=CARTESIAN_POINT('',(-1.5E0,0.E0,-1.1275E0));
#176=LINE('',#175,#174);
#177=CURVE_STYLE('',#36,POSITIVE_LENGTH_MEASURE(2.E-2),#28);
#178=PRESENTATION_STYLE_ASSIGNMENT((#177));
#179=STYLED_ITEM('',(#178),#176);
#180=DIRECTION('',(0.E0,1.E0,0.E0));
#181=VECTOR('',#180,1.E-1);
#182=CARTESIAN_POINT('',(-2.E0,0.E0,-1.1275E0));
#183=LINE('',#182,#181);
#184=CURVE_STYLE('',#36,POSITIVE_LENGTH_MEASURE(2.E-2),#28);
#185=PRESENTATION_STYLE_ASSIGNMENT((#184));
#186=STYLED_ITEM('',(#185),#183);
#187=DIRECTION('',(-1.E0,0.E0,0.E0));
#188=VECTOR('',#187,5.E-1);
#189=CARTESIAN_POINT('',(-1.5E0,0.E0,-8.225E-1));
#190=LINE('',#189,#188);
#191=CURVE_STYLE('',#36,POSITIVE_LENGTH_MEASURE(2.E-2),#28);
#192=PRESENTATION_STYLE_ASSIGNMENT((#191));
#193=STYLED_ITEM('',(#192),#190);
#194=DIRECTION('',(0.E0,1.E0,0.E0));
#195=VECTOR('',#194,1.E-1);
#196=CARTESIAN_POINT('',(-2.E0,0.E0,-8.225E-1));
#197=LINE('',#196,#195);
#198=CURVE_STYLE('',#36,POSITIVE_LENGTH_MEASURE(2.E-2),#28);
#199=PRESENTATION_STYLE_ASSIGNMENT((#198));
#200=STYLED_ITEM('',(#199),#197);
#201=DIRECTION('',(0.E0,1.E0,0.E0));
#202=VECTOR('',#201,1.E-1);
#203=CARTESIAN_POINT('',(-1.45E0,0.E0,-9.74E-1));
#204=LINE('',#203,#202);
#205=CURVE_STYLE('',#36,POSITIVE_LENGTH_MEASURE(2.E-2),#28);
#206=PRESENTATION_STYLE_ASSIGNMENT((#205));
#207=STYLED_ITEM('',(#206),#204);
#208=CARTESIAN_POINT('',(-1.45E0,0.E0,-9.74E-1));
#209=CARTESIAN_POINT('',(-1.45E0,0.E0,-9.76E-1));
#210=VERTEX_POINT('',#208);
#211=VERTEX_POINT('',#209);
#212=CARTESIAN_POINT('',(-1.45E0,1.E-1,-9.74E-1));
#213=CARTESIAN_POINT('',(-1.45E0,1.E-1,-9.76E-1));
#214=VERTEX_POINT('',#212);
#215=VERTEX_POINT('',#213);
#216=CARTESIAN_POINT('',(-2.E0,0.E0,-8.225E-1));
#217=CARTESIAN_POINT('',(-2.E0,0.E0,-1.1275E0));
#218=VERTEX_POINT('',#216);
#219=VERTEX_POINT('',#217);
#220=CARTESIAN_POINT('',(-2.E0,1.E-1,-8.225E-1));
#221=CARTESIAN_POINT('',(-2.E0,1.E-1,-1.1275E0));
#222=VERTEX_POINT('',#220);
#223=VERTEX_POINT('',#221);
#224=CARTESIAN_POINT('',(-1.5E0,0.E0,-8.225E-1));
#225=CARTESIAN_POINT('',(-1.5E0,1.E-1,-8.225E-1));
#226=VERTEX_POINT('',#224);
#227=VERTEX_POINT('',#225);
#228=CARTESIAN_POINT('',(-1.5E0,0.E0,-1.1275E0));
#229=CARTESIAN_POINT('',(-1.5E0,1.E-1,-1.1275E0));
#230=VERTEX_POINT('',#228);
#231=VERTEX_POINT('',#229);
#232=CARTESIAN_POINT('',(-1.450035738504E0,0.E0,-9.707094849259E-1));
#233=CARTESIAN_POINT('',(-1.450035738504E0,1.E-1,-9.707094849259E-1));
#234=VERTEX_POINT('',#232);
#235=VERTEX_POINT('',#233);
#236=CARTESIAN_POINT('',(-1.450035738504E0,0.E0,-9.792905150741E-1));
#237=CARTESIAN_POINT('',(-1.450035738504E0,1.E-1,-9.792905150741E-1));
#238=VERTEX_POINT('',#236);
#239=VERTEX_POINT('',#237);
#240=CARTESIAN_POINT('',(0.E0,0.E0,0.E0));
#241=DIRECTION('',(0.E0,1.E0,0.E0));
#242=DIRECTION('',(1.E0,0.E0,0.E0));
#243=AXIS2_PLACEMENT_3D('',#240,#241,#242);
#244=PLANE('',#243);
#246=ORIENTED_EDGE('',*,*,#245,.T.);
#248=ORIENTED_EDGE('',*,*,#247,.T.);
#250=ORIENTED_EDGE('',*,*,#249,.F.);
#252=ORIENTED_EDGE('',*,*,#251,.F.);
#254=ORIENTED_EDGE('',*,*,#253,.F.);
#256=ORIENTED_EDGE('',*,*,#255,.T.);
#258=ORIENTED_EDGE('',*,*,#257,.T.);
#260=ORIENTED_EDGE('',*,*,#259,.T.);
#261=EDGE_LOOP('',(#246,#248,#250,#252,#254,#256,#258,#260));
#262=FACE_OUTER_BOUND('',#261,.F.);
#264=CARTESIAN_POINT('',(-1.6015E0,0.E0,-9.76E-1));
#265=DIRECTION('',(0.E0,1.E0,0.E0));
#266=DIRECTION('',(1.E0,0.E0,0.E0));
#267=AXIS2_PLACEMENT_3D('',#264,#265,#266);
#268=CYLINDRICAL_SURFACE('',#267,1.515E-1);
#270=ORIENTED_EDGE('',*,*,#269,.F.);
#271=ORIENTED_EDGE('',*,*,#245,.F.);
#273=ORIENTED_EDGE('',*,*,#272,.T.);
#275=ORIENTED_EDGE('',*,*,#274,.T.);
#276=EDGE_LOOP('',(#270,#271,#273,#275));
#277=FACE_OUTER_BOUND('',#276,.F.);
#279=CARTESIAN_POINT('',(-1.7075625E0,0.E0,-9.75E-1));
#280=DIRECTION('',(0.E0,1.E0,0.E0));
#281=DIRECTION('',(1.E0,0.E0,0.E0));
#282=AXIS2_PLACEMENT_3D('',#279,#280,#281);
#283=CYLINDRICAL_SURFACE('',#282,2.575625E-1);
#285=ORIENTED_EDGE('',*,*,#284,.F.);
#286=ORIENTED_EDGE('',*,*,#255,.F.);
#288=ORIENTED_EDGE('',*,*,#287,.T.);
#290=ORIENTED_EDGE('',*,*,#289,.T.);
#291=EDGE_LOOP('',(#285,#286,#288,#290));
#292=FACE_OUTER_BOUND('',#291,.F.);
#294=CARTESIAN_POINT('',(-1.7075625E0,0.E0,-9.75E-1));
#295=DIRECTION('',(0.E0,1.E0,0.E0));
#296=DIRECTION('',(1.E0,0.E0,0.E0));
#297=AXIS2_PLACEMENT_3D('',#294,#295,#296);
#298=CYLINDRICAL_SURFACE('',#297,2.575625E-1);
#299=ORIENTED_EDGE('',*,*,#269,.T.);
#301=ORIENTED_EDGE('',*,*,#300,.T.);
#303=ORIENTED_EDGE('',*,*,#302,.F.);
#304=ORIENTED_EDGE('',*,*,#247,.F.);
#305=EDGE_LOOP('',(#299,#301,#303,#304));
#306=FACE_OUTER_BOUND('',#305,.F.);
#308=CARTESIAN_POINT('',(-1.6015E0,0.E0,-9.74E-1));
#309=DIRECTION('',(0.E0,1.E0,0.E0));
#310=DIRECTION('',(1.E0,0.E0,0.E0));
#311=AXIS2_PLACEMENT_3D('',#308,#309,#310);
#312=CYLINDRICAL_SURFACE('',#311,1.515E-1);
#313=ORIENTED_EDGE('',*,*,#284,.T.);
#315=ORIENTED_EDGE('',*,*,#314,.T.);
#317=ORIENTED_EDGE('',*,*,#316,.F.);
#318=ORIENTED_EDGE('',*,*,#257,.F.);
#319=EDGE_LOOP('',(#313,#315,#317,#318));
#320=FACE_OUTER_BOUND('',#319,.F.);
#322=CARTESIAN_POINT('',(0.E0,1.E-1,0.E0));
#323=DIRECTION('',(0.E0,1.E0,0.E0));
#324=DIRECTION('',(1.E0,0.E0,0.E0));
#325=AXIS2_PLACEMENT_3D('',#322,#323,#324);
#326=PLANE('',#325);
#328=ORIENTED_EDGE('',*,*,#327,.T.);
#329=ORIENTED_EDGE('',*,*,#300,.F.);
#330=ORIENTED_EDGE('',*,*,#274,.F.);
#332=ORIENTED_EDGE('',*,*,#331,.F.);
#333=ORIENTED_EDGE('',*,*,#314,.F.);
#334=ORIENTED_EDGE('',*,*,#289,.F.);
#336=ORIENTED_EDGE('',*,*,#335,.T.);
#338=ORIENTED_EDGE('',*,*,#337,.T.);
#339=EDGE_LOOP('',(#328,#329,#330,#332,#333,#334,#336,#338));
#340=FACE_OUTER_BOUND('',#339,.F.);
#342=CARTESIAN_POINT('',(-1.6015E0,0.E0,-1.1275E0));
#343=DIRECTION('',(0.E0,0.E0,-1.E0));
#344=DIRECTION('',(-1.E0,0.E0,0.E0));
#345=AXIS2_PLACEMENT_3D('',#342,#343,#344);
#346=PLANE('',#345);
#347=ORIENTED_EDGE('',*,*,#249,.T.);
#348=ORIENTED_EDGE('',*,*,#302,.T.);
#349=ORIENTED_EDGE('',*,*,#327,.F.);
#351=ORIENTED_EDGE('',*,*,#350,.F.);
#352=EDGE_LOOP('',(#347,#348,#349,#351));
#353=FACE_OUTER_BOUND('',#352,.F.);
#355=CARTESIAN_POINT('',(-2.E0,0.E0,2.E0));
#356=DIRECTION('',(1.E0,0.E0,0.E0));
#357=DIRECTION('',(0.E0,0.E0,-1.E0));
#358=AXIS2_PLACEMENT_3D('',#355,#356,#357);
#359=PLANE('',#358);
#360=ORIENTED_EDGE('',*,*,#251,.T.);
#361=ORIENTED_EDGE('',*,*,#350,.T.);
#362=ORIENTED_EDGE('',*,*,#337,.F.);
#364=ORIENTED_EDGE('',*,*,#363,.F.);
#365=EDGE_LOOP('',(#360,#361,#362,#364));
#366=FACE_OUTER_BOUND('',#365,.F.);
#368=FILL_AREA_STYLE_COLOUR('',#29);
#369=FILL_AREA_STYLE('',(#368));
#370=SURFACE_STYLE_FILL_AREA(#369);
#371=SURFACE_SIDE_STYLE('',(#370));
#372=SURFACE_STYLE_USAGE(.POSITIVE.,#371);
#373=FILL_AREA_STYLE_COLOUR('',#28);
#374=FILL_AREA_STYLE('',(#373));
#375=SURFACE_STYLE_FILL_AREA(#374);
#376=SURFACE_SIDE_STYLE('',(#375));
#377=SURFACE_STYLE_USAGE(.NEGATIVE.,#376);
#378=PRESENTATION_STYLE_ASSIGNMENT((#372,#377));
#379=OVER_RIDING_STYLED_ITEM('',(#378),#367,#30);
#380=CARTESIAN_POINT('',(-2.1E0,0.E0,-8.225E-1));
#381=DIRECTION('',(0.E0,0.E0,1.E0));
#382=DIRECTION('',(1.E0,0.E0,0.E0));
#383=AXIS2_PLACEMENT_3D('',#380,#381,#382);
#384=PLANE('',#383);
#385=ORIENTED_EDGE('',*,*,#335,.F.);
#386=ORIENTED_EDGE('',*,*,#287,.F.);
#387=ORIENTED_EDGE('',*,*,#253,.T.);
#388=ORIENTED_EDGE('',*,*,#363,.T.);
#389=EDGE_LOOP('',(#385,#386,#387,#388));
#390=FACE_OUTER_BOUND('',#389,.F.);
#392=CARTESIAN_POINT('',(-1.45E0,0.E0,-9.74E-1));
#393=DIRECTION('',(1.E0,0.E0,0.E0));
#394=DIRECTION('',(0.E0,0.E0,-1.E0));
#395=AXIS2_PLACEMENT_3D('',#392,#393,#394);
#396=PLANE('',#395);
#397=ORIENTED_EDGE('',*,*,#259,.F.);
#398=ORIENTED_EDGE('',*,*,#316,.T.);
#399=ORIENTED_EDGE('',*,*,#331,.T.);
#400=ORIENTED_EDGE('',*,*,#272,.F.);
#401=EDGE_LOOP('',(#397,#398,#399,#400));
#402=FACE_OUTER_BOUND('',#401,.F.);
#404=CLOSED_SHELL('',(#263,#278,#293,#307,#321,#341,#354,#367,#391,#403));
#405=MANIFOLD_SOLID_BREP('',#404);
#406=FILL_AREA_STYLE_COLOUR('',#28);
#407=FILL_AREA_STYLE('',(#406));
#408=SURFACE_STYLE_FILL_AREA(#407);
#409=SURFACE_SIDE_STYLE('',(#408));
#410=SURFACE_STYLE_USAGE(.BOTH.,#409);
#411=PRESENTATION_STYLE_ASSIGNMENT((#410));
#30=STYLED_ITEM('',(#411),#405);
#413=CARTESIAN_POINT('',(-1.6015E0,0.E0,-3.26E-1));
#414=DIRECTION('',(0.E0,1.E0,0.E0));
#415=DIRECTION('',(1.E0,0.E0,0.E0));
#416=AXIS2_PLACEMENT_3D('',#413,#414,#415);
#418=CURVE_STYLE('',#36,POSITIVE_LENGTH_MEASURE(2.E-2),#28);
#419=PRESENTATION_STYLE_ASSIGNMENT((#418));
#420=STYLED_ITEM('',(#419),#417);
#421=CARTESIAN_POINT('',(-1.7075625E0,0.E0,-3.25E-1));
#422=DIRECTION('',(0.E0,1.E0,0.E0));
#423=DIRECTION('',(9.998612433722E-1,0.E0,-1.665815122203E-2));
#424=AXIS2_PLACEMENT_3D('',#421,#422,#423);
#426=CURVE_STYLE('',#36,POSITIVE_LENGTH_MEASURE(2.E-2),#28);
#427=PRESENTATION_STYLE_ASSIGNMENT((#426));
#428=STYLED_ITEM('',(#427),#425);
#429=DIRECTION('',(0.E0,0.E0,-1.E0));
#430=VECTOR('',#429,3.05E-1);
#431=CARTESIAN_POINT('',(-2.E0,0.E0,-1.725E-1));
#432=LINE('',#431,#430);
#433=CURVE_STYLE('',#36,POSITIVE_LENGTH_MEASURE(2.E-2),#28);
#434=PRESENTATION_STYLE_ASSIGNMENT((#433));
#435=STYLED_ITEM('',(#434),#432);
#436=CARTESIAN_POINT('',(-1.7075625E0,0.E0,-3.25E-1));
#437=DIRECTION('',(0.E0,1.E0,0.E0));
#438=DIRECTION('',(8.058723610774E-1,0.E0,5.920892987139E-1));
#439=AXIS2_PLACEMENT_3D('',#436,#437,#438);
#441=CURVE_STYLE('',#36,POSITIVE_LENGTH_MEASURE(2.E-2),#28);
#442=PRESENTATION_STYLE_ASSIGNMENT((#441));
#443=STYLED_ITEM('',(#442),#440);
#444=CARTESIAN_POINT('',(-1.6015E0,0.E0,-3.24E-1));
#445=DIRECTION('',(0.E0,1.E0,0.E0));
#446=DIRECTION('',(9.997641022842E-1,0.E0,2.171957144636E-2));
#447=AXIS2_PLACEMENT_3D('',#444,#445,#446);
#449=CURVE_STYLE('',#36,POSITIVE_LENGTH_MEASURE(2.E-2),#28);
#450=PRESENTATION_STYLE_ASSIGNMENT((#449));
#451=STYLED_ITEM('',(#450),#448);
#452=DIRECTION('',(1.110223024625E-13,0.E0,-1.E0));
#453=VECTOR('',#452,2.E-3);
#454=CARTESIAN_POINT('',(-1.45E0,0.E0,-3.24E-1));
#455=LINE('',#454,#453);
#456=CURVE_STYLE('',#36,POSITIVE_LENGTH_MEASURE(2.E-2),#28);
#457=PRESENTATION_STYLE_ASSIGNMENT((#456));
#458=STYLED_ITEM('',(#457),#455);
#459=DIRECTION('',(0.E0,1.E0,-3.552713678801E-14));
#460=VECTOR('',#459,1.E-1);
#461=CARTESIAN_POINT('',(-1.450035738504E0,0.E0,-3.292905150741E-1));
#462=LINE('',#461,#460);
#463=CURVE_STYLE('',#36,POSITIVE_LENGTH_MEASURE(2.E-2),#28);
#464=PRESENTATION_STYLE_ASSIGNMENT((#463));
#465=STYLED_ITEM('',(#464),#462);
#466=DIRECTION('',(0.E0,1.E0,0.E0));
#467=VECTOR('',#466,1.E-1);
#468=CARTESIAN_POINT('',(-1.45E0,0.E0,-3.26E-1));
#469=LINE('',#468,#467);
#470=CURVE_STYLE('',#36,POSITIVE_LENGTH_MEASURE(2.E-2),#28);
#471=PRESENTATION_STYLE_ASSIGNMENT((#470));
#472=STYLED_ITEM('',(#471),#469);
#473=DIRECTION('',(0.E0,1.E0,0.E0));
#474=VECTOR('',#473,1.E-1);
#475=CARTESIAN_POINT('',(-1.5E0,0.E0,-1.725E-1));
#476=LINE('',#475,#474);
#477=CURVE_STYLE('',#36,POSITIVE_LENGTH_MEASURE(2.E-2),#28);
#478=PRESENTATION_STYLE_ASSIGNMENT((#477));
#479=STYLED_ITEM('',(#478),#476);
#480=DIRECTION('',(0.E0,1.E0,3.663735981263E-14));
#481=VECTOR('',#480,1.E-1);
#482=CARTESIAN_POINT('',(-1.450035738504E0,0.E0,-3.207094849259E-1));
#483=LINE('',#482,#481);
#484=CURVE_STYLE('',#36,POSITIVE_LENGTH_MEASURE(2.E-2),#28);
#485=PRESENTATION_STYLE_ASSIGNMENT((#484));
#486=STYLED_ITEM('',(#485),#483);
#487=DIRECTION('',(1.E0,0.E0,0.E0));
#488=VECTOR('',#487,5.E-1);
#489=CARTESIAN_POINT('',(-2.E0,1.E-1,-4.775E-1));
#490=LINE('',#489,#488);
#491=CURVE_STYLE('',#36,POSITIVE_LENGTH_MEASURE(2.E-2),#28);
#492=PRESENTATION_STYLE_ASSIGNMENT((#491));
#493=STYLED_ITEM('',(#492),#490);
#494=CARTESIAN_POINT('',(-1.7075625E0,1.E-1,-3.25E-1));
#495=DIRECTION('',(0.E0,1.E0,0.E0));
#496=DIRECTION('',(9.998612433722E-1,0.E0,-1.665815122207E-2));
#497=AXIS2_PLACEMENT_3D('',#494,#495,#496);
#499=CURVE_STYLE('',#36,POSITIVE_LENGTH_MEASURE(2.E-2),#28);
#500=PRESENTATION_STYLE_ASSIGNMENT((#499));
#501=STYLED_ITEM('',(#500),#498);
#502=CARTESIAN_POINT('',(-1.6015E0,1.E-1,-3.26E-1));
#503=DIRECTION('',(0.E0,1.E0,0.E0));
#504=DIRECTION('',(1.E0,0.E0,0.E0));
#505=AXIS2_PLACEMENT_3D('',#502,#503,#504);
#507=CURVE_STYLE('',#36,POSITIVE_LENGTH_MEASURE(2.E-2),#28);
#508=PRESENTATION_STYLE_ASSIGNMENT((#507));
#509=STYLED_ITEM('',(#508),#506);
#510=DIRECTION('',(0.E0,0.E0,-1.E0));
#511=VECTOR('',#510,2.E-3);
#512=CARTESIAN_POINT('',(-1.45E0,1.E-1,-3.24E-1));
#513=LINE('',#512,#511);
#514=CURVE_STYLE('',#36,POSITIVE_LENGTH_MEASURE(2.E-2),#28);
#515=PRESENTATION_STYLE_ASSIGNMENT((#514));
#516=STYLED_ITEM('',(#515),#513);
#517=CARTESIAN_POINT('',(-1.6015E0,1.E-1,-3.24E-1));
#518=DIRECTION('',(0.E0,1.E0,0.E0));
#519=DIRECTION('',(9.997641022842E-1,0.E0,2.171957144643E-2));
#520=AXIS2_PLACEMENT_3D('',#517,#518,#519);
#522=CURVE_STYLE('',#36,POSITIVE_LENGTH_MEASURE(2.E-2),#28);
#523=PRESENTATION_STYLE_ASSIGNMENT((#522));
#524=STYLED_ITEM('',(#523),#521);
#525=CARTESIAN_POINT('',(-1.7075625E0,1.E-1,-3.25E-1));
#526=DIRECTION('',(0.E0,1.E0,0.E0));
#527=DIRECTION('',(8.058723610774E-1,0.E0,5.920892987139E-1));
#528=AXIS2_PLACEMENT_3D('',#525,#526,#527);
#530=CURVE_STYLE('',#36,POSITIVE_LENGTH_MEASURE(2.E-2),#28);
#531=PRESENTATION_STYLE_ASSIGNMENT((#530));
#532=STYLED_ITEM('',(#531),#529);
#533=DIRECTION('',(-1.E0,0.E0,0.E0));
#534=VECTOR('',#533,5.E-1);
#535=CARTESIAN_POINT('',(-1.5E0,1.E-1,-1.725E-1));
#536=LINE('',#535,#534);
#537=CURVE_STYLE('',#36,POSITIVE_LENGTH_MEASURE(2.E-2),#28);
#538=PRESENTATION_STYLE_ASSIGNMENT((#537));
#539=STYLED_ITEM('',(#538),#536);
#540=DIRECTION('',(0.E0,0.E0,-1.E0));
#541=VECTOR('',#540,3.05E-1);
#542=CARTESIAN_POINT('',(-2.E0,1.E-1,-1.725E-1));
#543=LINE('',#542,#541);
#544=CURVE_STYLE('',#36,POSITIVE_LENGTH_MEASURE(2.E-2),#28);
#545=PRESENTATION_STYLE_ASSIGNMENT((#544));
#546=STYLED_ITEM('',(#545),#543);
#547=DIRECTION('',(1.E0,0.E0,0.E0));
#548=VECTOR('',#547,5.E-1);
#549=CARTESIAN_POINT('',(-2.E0,0.E0,-4.775E-1));
#550=LINE('',#549,#548);
#551=CURVE_STYLE('',#36,POSITIVE_LENGTH_MEASURE(2.E-2),#28);
#552=PRESENTATION_STYLE_ASSIGNMENT((#551));
#553=STYLED_ITEM('',(#552),#550);
#554=DIRECTION('',(0.E0,1.E0,0.E0));
#555=VECTOR('',#554,1.E-1);
#556=CARTESIAN_POINT('',(-1.5E0,0.E0,-4.775E-1));
#557=LINE('',#556,#555);
#558=CURVE_STYLE('',#36,POSITIVE_LENGTH_MEASURE(2.E-2),#28);
#559=PRESENTATION_STYLE_ASSIGNMENT((#558));
#560=STYLED_ITEM('',(#559),#557);
#561=DIRECTION('',(0.E0,1.E0,0.E0));
#562=VECTOR('',#561,1.E-1);
#563=CARTESIAN_POINT('',(-2.E0,0.E0,-4.775E-1));
#564=LINE('',#563,#562);
#565=CURVE_STYLE('',#36,POSITIVE_LENGTH_MEASURE(2.E-2),#28);
#566=PRESENTATION_STYLE_ASSIGNMENT((#565));
#567=STYLED_ITEM('',(#566),#564);
#568=DIRECTION('',(-1.E0,0.E0,0.E0));
#569=VECTOR('',#568,5.E-1);
#570=CARTESIAN_POINT('',(-1.5E0,0.E0,-1.725E-1));
#571=LINE('',#570,#569);
#572=CURVE_STYLE('',#36,POSITIVE_LENGTH_MEASURE(2.E-2),#28);
#573=PRESENTATION_STYLE_ASSIGNMENT((#572));
#574=STYLED_ITEM('',(#573),#571);
#575=DIRECTION('',(0.E0,1.E0,0.E0));
#576=VECTOR('',#575,1.E-1);
#577=CARTESIAN_POINT('',(-2.E0,0.E0,-1.725E-1));
#578=LINE('',#577,#576);
#579=CURVE_STYLE('',#36,POSITIVE_LENGTH_MEASURE(2.E-2),#28);
#580=PRESENTATION_STYLE_ASSIGNMENT((#579));
#581=STYLED_ITEM('',(#580),#578);
#582=DIRECTION('',(0.E0,1.E0,0.E0));
#583=VECTOR('',#582,1.E-1);
#584=CARTESIAN_POINT('',(-1.45E0,0.E0,-3.24E-1));
#585=LINE('',#584,#583);
#586=CURVE_STYLE('',#36,POSITIVE_LENGTH_MEASURE(2.E-2),#28);
#587=PRESENTATION_STYLE_ASSIGNMENT((#586));
#588=STYLED_ITEM('',(#587),#585);
#589=CARTESIAN_POINT('',(-1.45E0,0.E0,-3.24E-1));
#590=CARTESIAN_POINT('',(-1.45E0,0.E0,-3.26E-1));
#591=VERTEX_POINT('',#589);
#592=VERTEX_POINT('',#590);
#593=CARTESIAN_POINT('',(-1.45E0,1.E-1,-3.24E-1));
#594=CARTESIAN_POINT('',(-1.45E0,1.E-1,-3.26E-1));
#595=VERTEX_POINT('',#593);
#596=VERTEX_POINT('',#594);
#597=CARTESIAN_POINT('',(-2.E0,0.E0,-1.725E-1));
#598=CARTESIAN_POINT('',(-2.E0,0.E0,-4.775E-1));
#599=VERTEX_POINT('',#597);
#600=VERTEX_POINT('',#598);
#601=CARTESIAN_POINT('',(-2.E0,1.E-1,-1.725E-1));
#602=CARTESIAN_POINT('',(-2.E0,1.E-1,-4.775E-1));
#603=VERTEX_POINT('',#601);
#604=VERTEX_POINT('',#602);
#605=CARTESIAN_POINT('',(-1.5E0,0.E0,-1.725E-1));
#606=CARTESIAN_POINT('',(-1.5E0,1.E-1,-1.725E-1));
#607=VERTEX_POINT('',#605);
#608=VERTEX_POINT('',#606);
#609=CARTESIAN_POINT('',(-1.5E0,0.E0,-4.775E-1));
#610=CARTESIAN_POINT('',(-1.5E0,1.E-1,-4.775E-1));
#611=VERTEX_POINT('',#609);
#612=VERTEX_POINT('',#610);
#613=CARTESIAN_POINT('',(-1.450035738504E0,0.E0,-3.207094849259E-1));
#614=CARTESIAN_POINT('',(-1.450035738504E0,1.E-1,-3.207094849259E-1));
#615=VERTEX_POINT('',#613);
#616=VERTEX_POINT('',#614);
#617=CARTESIAN_POINT('',(-1.450035738504E0,0.E0,-3.292905150741E-1));
#618=CARTESIAN_POINT('',(-1.450035738504E0,1.E-1,-3.292905150741E-1));
#619=VERTEX_POINT('',#617);
#620=VERTEX_POINT('',#618);
#621=CARTESIAN_POINT('',(0.E0,0.E0,0.E0));
#622=DIRECTION('',(0.E0,1.E0,0.E0));
#623=DIRECTION('',(1.E0,0.E0,0.E0));
#624=AXIS2_PLACEMENT_3D('',#621,#622,#623);
#625=PLANE('',#624);
#627=ORIENTED_EDGE('',*,*,#626,.T.);
#629=ORIENTED_EDGE('',*,*,#628,.T.);
#631=ORIENTED_EDGE('',*,*,#630,.F.);
#633=ORIENTED_EDGE('',*,*,#632,.F.);
#635=ORIENTED_EDGE('',*,*,#634,.F.);
#637=ORIENTED_EDGE('',*,*,#636,.T.);
#639=ORIENTED_EDGE('',*,*,#638,.T.);
#641=ORIENTED_EDGE('',*,*,#640,.T.);
#642=EDGE_LOOP('',(#627,#629,#631,#633,#635,#637,#639,#641));
#643=FACE_OUTER_BOUND('',#642,.F.);
#645=CARTESIAN_POINT('',(-1.6015E0,0.E0,-3.26E-1));
#646=DIRECTION('',(0.E0,1.E0,0.E0));
#647=DIRECTION('',(1.E0,0.E0,0.E0));
#648=AXIS2_PLACEMENT_3D('',#645,#646,#647);
#649=CYLINDRICAL_SURFACE('',#648,1.515E-1);
#651=ORIENTED_EDGE('',*,*,#650,.F.);
#652=ORIENTED_EDGE('',*,*,#626,.F.);
#654=ORIENTED_EDGE('',*,*,#653,.T.);
#656=ORIENTED_EDGE('',*,*,#655,.T.);
#657=EDGE_LOOP('',(#651,#652,#654,#656));
#658=FACE_OUTER_BOUND('',#657,.F.);
#660=CARTESIAN_POINT('',(-1.7075625E0,0.E0,-3.25E-1));
#661=DIRECTION('',(0.E0,1.E0,0.E0));
#662=DIRECTION('',(1.E0,0.E0,0.E0));
#663=AXIS2_PLACEMENT_3D('',#660,#661,#662);
#664=CYLINDRICAL_SURFACE('',#663,2.575625E-1);
#666=ORIENTED_EDGE('',*,*,#665,.F.);
#667=ORIENTED_EDGE('',*,*,#636,.F.);
#669=ORIENTED_EDGE('',*,*,#668,.T.);
#671=ORIENTED_EDGE('',*,*,#670,.T.);
#672=EDGE_LOOP('',(#666,#667,#669,#671));
#673=FACE_OUTER_BOUND('',#672,.F.);
#675=CARTESIAN_POINT('',(-1.7075625E0,0.E0,-3.25E-1));
#676=DIRECTION('',(0.E0,1.E0,0.E0));
#677=DIRECTION('',(1.E0,0.E0,0.E0));
#678=AXIS2_PLACEMENT_3D('',#675,#676,#677);
#679=CYLINDRICAL_SURFACE('',#678,2.575625E-1);
#680=ORIENTED_EDGE('',*,*,#650,.T.);
#682=ORIENTED_EDGE('',*,*,#681,.T.);
#684=ORIENTED_EDGE('',*,*,#683,.F.);
#685=ORIENTED_EDGE('',*,*,#628,.F.);
#686=EDGE_LOOP('',(#680,#682,#684,#685));
#687=FACE_OUTER_BOUND('',#686,.F.);
#689=CARTESIAN_POINT('',(-1.6015E0,0.E0,-3.24E-1));
#690=DIRECTION('',(0.E0,1.E0,0.E0));
#691=DIRECTION('',(1.E0,0.E0,0.E0));
#692=AXIS2_PLACEMENT_3D('',#689,#690,#691);
#693=CYLINDRICAL_SURFACE('',#692,1.515E-1);
#694=ORIENTED_EDGE('',*,*,#665,.T.);
#696=ORIENTED_EDGE('',*,*,#695,.T.);
#698=ORIENTED_EDGE('',*,*,#697,.F.);
#699=ORIENTED_EDGE('',*,*,#638,.F.);
#700=EDGE_LOOP('',(#694,#696,#698,#699));
#701=FACE_OUTER_BOUND('',#700,.F.);
#703=CARTESIAN_POINT('',(0.E0,1.E-1,0.E0));
#704=DIRECTION('',(0.E0,1.E0,0.E0));
#705=DIRECTION('',(1.E0,0.E0,0.E0));
#706=AXIS2_PLACEMENT_3D('',#703,#704,#705);
#707=PLANE('',#706);
#709=ORIENTED_EDGE('',*,*,#708,.T.);
#710=ORIENTED_EDGE('',*,*,#681,.F.);
#711=ORIENTED_EDGE('',*,*,#655,.F.);
#713=ORIENTED_EDGE('',*,*,#712,.F.);
#714=ORIENTED_EDGE('',*,*,#695,.F.);
#715=ORIENTED_EDGE('',*,*,#670,.F.);
#717=ORIENTED_EDGE('',*,*,#716,.T.);
#719=ORIENTED_EDGE('',*,*,#718,.T.);
#720=EDGE_LOOP('',(#709,#710,#711,#713,#714,#715,#717,#719));
#721=FACE_OUTER_BOUND('',#720,.F.);
#723=CARTESIAN_POINT('',(-1.6015E0,0.E0,-4.775E-1));
#724=DIRECTION('',(0.E0,0.E0,-1.E0));
#725=DIRECTION('',(-1.E0,0.E0,0.E0));
#726=AXIS2_PLACEMENT_3D('',#723,#724,#725);
#727=PLANE('',#726);
#728=ORIENTED_EDGE('',*,*,#630,.T.);
#729=ORIENTED_EDGE('',*,*,#683,.T.);
#730=ORIENTED_EDGE('',*,*,#708,.F.);
#732=ORIENTED_EDGE('',*,*,#731,.F.);
#733=EDGE_LOOP('',(#728,#729,#730,#732));
#734=FACE_OUTER_BOUND('',#733,.F.);
#736=CARTESIAN_POINT('',(-2.E0,0.E0,2.E0));
#737=DIRECTION('',(1.E0,0.E0,0.E0));
#738=DIRECTION('',(0.E0,0.E0,-1.E0));
#739=AXIS2_PLACEMENT_3D('',#736,#737,#738);
#740=PLANE('',#739);
#741=ORIENTED_EDGE('',*,*,#632,.T.);
#742=ORIENTED_EDGE('',*,*,#731,.T.);
#743=ORIENTED_EDGE('',*,*,#718,.F.);
#745=ORIENTED_EDGE('',*,*,#744,.F.);
#746=EDGE_LOOP('',(#741,#742,#743,#745));
#747=FACE_OUTER_BOUND('',#746,.F.);
#749=FILL_AREA_STYLE_COLOUR('',#29);
#750=FILL_AREA_STYLE('',(#749));
#751=SURFACE_STYLE_FILL_AREA(#750);
#752=SURFACE_SIDE_STYLE('',(#751));
#753=SURFACE_STYLE_USAGE(.POSITIVE.,#752);
#754=PRESENTATION_STYLE_ASSIGNMENT((#753));
#755=OVER_RIDING_STYLED_ITEM('',(#754),#748,#412);
#756=CARTESIAN_POINT('',(-2.1E0,0.E0,-1.725E-1));
#757=DIRECTION('',(0.E0,0.E0,1.E0));
#758=DIRECTION('',(1.E0,0.E0,0.E0));
#759=AXIS2_PLACEMENT_3D('',#756,#757,#758);
#760=PLANE('',#759);
#761=ORIENTED_EDGE('',*,*,#716,.F.);
#762=ORIENTED_EDGE('',*,*,#668,.F.);
#763=ORIENTED_EDGE('',*,*,#634,.T.);
#764=ORIENTED_EDGE('',*,*,#744,.T.);
#765=EDGE_LOOP('',(#761,#762,#763,#764));
#766=FACE_OUTER_BOUND('',#765,.F.);
#768=CARTESIAN_POINT('',(-1.45E0,0.E0,-3.24E-1));
#769=DIRECTION('',(1.E0,0.E0,0.E0));
#770=DIRECTION('',(0.E0,0.E0,-1.E0));
#771=AXIS2_PLACEMENT_3D('',#768,#769,#770);
#772=PLANE('',#771);
#773=ORIENTED_EDGE('',*,*,#640,.F.);
#774=ORIENTED_EDGE('',*,*,#697,.T.);
#775=ORIENTED_EDGE('',*,*,#712,.T.);
#776=ORIENTED_EDGE('',*,*,#653,.F.);
#777=EDGE_LOOP('',(#773,#774,#775,#776));
#778=FACE_OUTER_BOUND('',#777,.F.);
#780=CLOSED_SHELL('',(#644,#659,#674,#688,#702,#722,#735,#748,#767,#779));
#781=MANIFOLD_SOLID_BREP('',#780);
#782=FILL_AREA_STYLE_COLOUR('',#28);
#783=FILL_AREA_STYLE('',(#782));
#784=SURFACE_STYLE_FILL_AREA(#783);
#785=SURFACE_SIDE_STYLE('',(#784));
#786=SURFACE_STYLE_USAGE(.POSITIVE.,#785);
#787=PRESENTATION_STYLE_ASSIGNMENT((#786));
#412=STYLED_ITEM('',(#787),#781);
#789=CARTESIAN_POINT('',(-1.6015E0,0.E0,3.24E-1));
#790=DIRECTION('',(0.E0,1.E0,0.E0));
#791=DIRECTION('',(1.E0,0.E0,0.E0));
#792=AXIS2_PLACEMENT_3D('',#789,#790,#791);
#794=CURVE_STYLE('',#36,POSITIVE_LENGTH_MEASURE(2.E-2),#28);
#795=PRESENTATION_STYLE_ASSIGNMENT((#794));
#796=STYLED_ITEM('',(#795),#793);
#797=CARTESIAN_POINT('',(-1.7075625E0,0.E0,3.25E-1));
#798=DIRECTION('',(0.E0,1.E0,0.E0));
#799=DIRECTION('',(9.998612433722E-1,0.E0,-1.665815122203E-2));
#800=AXIS2_PLACEMENT_3D('',#797,#798,#799);
#802=CURVE_STYLE('',#36,POSITIVE_LENGTH_MEASURE(2.E-2),#28);
#803=PRESENTATION_STYLE_ASSIGNMENT((#802));
#804=STYLED_ITEM('',(#803),#801);
#805=DIRECTION('',(0.E0,0.E0,-1.E0));
#806=VECTOR('',#805,3.05E-1);
#807=CARTESIAN_POINT('',(-2.E0,0.E0,4.775E-1));
#808=LINE('',#807,#806);
#809=CURVE_STYLE('',#36,POSITIVE_LENGTH_MEASURE(2.E-2),#28);
#810=PRESENTATION_STYLE_ASSIGNMENT((#809));
#811=STYLED_ITEM('',(#810),#808);
#812=CARTESIAN_POINT('',(-1.7075625E0,0.E0,3.25E-1));
#813=DIRECTION('',(0.E0,1.E0,0.E0));
#814=DIRECTION('',(8.058723610774E-1,0.E0,5.920892987139E-1));
#815=AXIS2_PLACEMENT_3D('',#812,#813,#814);
#817=CURVE_STYLE('',#36,POSITIVE_LENGTH_MEASURE(2.E-2),#28);
#818=PRESENTATION_STYLE_ASSIGNMENT((#817));
#819=STYLED_ITEM('',(#818),#816);
#820=CARTESIAN_POINT('',(-1.6015E0,0.E0,3.26E-1));
#821=DIRECTION('',(0.E0,1.E0,0.E0));
#822=DIRECTION('',(9.997641022842E-1,0.E0,2.171957144636E-2));
#823=AXIS2_PLACEMENT_3D('',#820,#821,#822);
#825=CURVE_STYLE('',#36,POSITIVE_LENGTH_MEASURE(2.E-2),#28);
#826=PRESENTATION_STYLE_ASSIGNMENT((#825));
#827=STYLED_ITEM('',(#826),#824);
#828=DIRECTION('',(1.110223024625E-13,0.E0,-1.E0));
#829=VECTOR('',#828,2.E-3);
#830=CARTESIAN_POINT('',(-1.45E0,0.E0,3.26E-1));
#831=LINE('',#830,#829);
#832=CURVE_STYLE('',#36,POSITIVE_LENGTH_MEASURE(2.E-2),#28);
#833=PRESENTATION_STYLE_ASSIGNMENT((#832));
#834=STYLED_ITEM('',(#833),#831);
#835=DIRECTION('',(0.E0,1.E0,-3.774758283726E-14));
#836=VECTOR('',#835,1.E-1);
#837=CARTESIAN_POINT('',(-1.450035738504E0,0.E0,3.207094849259E-1));
#838=LINE('',#837,#836);
#839=CURVE_STYLE('',#36,POSITIVE_LENGTH_MEASURE(2.E-2),#28);
#840=PRESENTATION_STYLE_ASSIGNMENT((#839));
#841=STYLED_ITEM('',(#840),#838);
#842=DIRECTION('',(0.E0,1.E0,0.E0));
#843=VECTOR('',#842,1.E-1);
#844=CARTESIAN_POINT('',(-1.45E0,0.E0,3.24E-1));
#845=LINE('',#844,#843);
#846=CURVE_STYLE('',#36,POSITIVE_LENGTH_MEASURE(2.E-2),#28);
#847=PRESENTATION_STYLE_ASSIGNMENT((#846));
#848=STYLED_ITEM('',(#847),#845);
#849=DIRECTION('',(0.E0,1.E0,0.E0));
#850=VECTOR('',#849,1.E-1);
#851=CARTESIAN_POINT('',(-1.5E0,0.E0,4.775E-1));
#852=LINE('',#851,#850);
#853=CURVE_STYLE('',#36,POSITIVE_LENGTH_MEASURE(2.E-2),#28);
#854=PRESENTATION_STYLE_ASSIGNMENT((#853));
#855=STYLED_ITEM('',(#854),#852);
#856=DIRECTION('',(0.E0,1.E0,3.663735981263E-14));
#857=VECTOR('',#856,1.E-1);
#858=CARTESIAN_POINT('',(-1.450035738504E0,0.E0,3.292905150741E-1));
#859=LINE('',#858,#857);
#860=CURVE_STYLE('',#36,POSITIVE_LENGTH_MEASURE(2.E-2),#28);
#861=PRESENTATION_STYLE_ASSIGNMENT((#860));
#862=STYLED_ITEM('',(#861),#859);
#863=DIRECTION('',(1.E0,0.E0,0.E0));
#864=VECTOR('',#863,5.E-1);
#865=CARTESIAN_POINT('',(-2.E0,1.E-1,1.725E-1));
#866=LINE('',#865,#864);
#867=CURVE_STYLE('',#36,POSITIVE_LENGTH_MEASURE(2.E-2),#28);
#868=PRESENTATION_STYLE_ASSIGNMENT((#867));
#869=STYLED_ITEM('',(#868),#866);
#870=CARTESIAN_POINT('',(-1.7075625E0,1.E-1,3.25E-1));
#871=DIRECTION('',(0.E0,1.E0,0.E0));
#872=DIRECTION('',(9.998612433722E-1,0.E0,-1.665815122207E-2));
#873=AXIS2_PLACEMENT_3D('',#870,#871,#872);
#875=CURVE_STYLE('',#36,POSITIVE_LENGTH_MEASURE(2.E-2),#28);
#876=PRESENTATION_STYLE_ASSIGNMENT((#875));
#877=STYLED_ITEM('',(#876),#874);
#878=CARTESIAN_POINT('',(-1.6015E0,1.E-1,3.24E-1));
#879=DIRECTION('',(0.E0,1.E0,0.E0));
#880=DIRECTION('',(1.E0,0.E0,0.E0));
#881=AXIS2_PLACEMENT_3D('',#878,#879,#880);
#883=CURVE_STYLE('',#36,POSITIVE_LENGTH_MEASURE(2.E-2),#28);
#884=PRESENTATION_STYLE_ASSIGNMENT((#883));
#885=STYLED_ITEM('',(#884),#882);
#886=DIRECTION('',(0.E0,0.E0,-1.E0));
#887=VECTOR('',#886,2.E-3);
#888=CARTESIAN_POINT('',(-1.45E0,1.E-1,3.26E-1));
#889=LINE('',#888,#887);
#890=CURVE_STYLE('',#36,POSITIVE_LENGTH_MEASURE(2.E-2),#28);
#891=PRESENTATION_STYLE_ASSIGNMENT((#890));
#892=STYLED_ITEM('',(#891),#889);
#893=CARTESIAN_POINT('',(-1.6015E0,1.E-1,3.26E-1));
#894=DIRECTION('',(0.E0,1.E0,0.E0));
#895=DIRECTION('',(9.997641022842E-1,0.E0,2.171957144643E-2));
#896=AXIS2_PLACEMENT_3D('',#893,#894,#895);
#898=CURVE_STYLE('',#36,POSITIVE_LENGTH_MEASURE(2.E-2),#28);
#899=PRESENTATION_STYLE_ASSIGNMENT((#898));
#900=STYLED_ITEM('',(#899),#897);
#901=CARTESIAN_POINT('',(-1.7075625E0,1.E-1,3.25E-1));
#902=DIRECTION('',(0.E0,1.E0,0.E0));
#903=DIRECTION('',(8.058723610774E-1,0.E0,5.920892987139E-1));
#904=AXIS2_PLACEMENT_3D('',#901,#902,#903);
#906=CURVE_STYLE('',#36,POSITIVE_LENGTH_MEASURE(2.E-2),#28);
#907=PRESENTATION_STYLE_ASSIGNMENT((#906));
#908=STYLED_ITEM('',(#907),#905);
#909=DIRECTION('',(-1.E0,0.E0,0.E0));
#910=VECTOR('',#909,5.E-1);
#911=CARTESIAN_POINT('',(-1.5E0,1.E-1,4.775E-1));
#912=LINE('',#911,#910);
#913=CURVE_STYLE('',#36,POSITIVE_LENGTH_MEASURE(2.E-2),#28);
#914=PRESENTATION_STYLE_ASSIGNMENT((#913));
#915=STYLED_ITEM('',(#914),#912);
#916=DIRECTION('',(0.E0,0.E0,-1.E0));
#917=VECTOR('',#916,3.05E-1);
#918=CARTESIAN_POINT('',(-2.E0,1.E-1,4.775E-1));
#919=LINE('',#918,#917);
#920=CURVE_STYLE('',#36,POSITIVE_LENGTH_MEASURE(2.E-2),#28);
#921=PRESENTATION_STYLE_ASSIGNMENT((#920));
#922=STYLED_ITEM('',(#921),#919);
#923=DIRECTION('',(1.E0,0.E0,0.E0));
#924=VECTOR('',#923,5.E-1);
#925=CARTESIAN_POINT('',(-2.E0,0.E0,1.725E-1));
#926=LINE('',#925,#924);
#927=CURVE_STYLE('',#36,POSITIVE_LENGTH_MEASURE(2.E-2),#28);
#928=PRESENTATION_STYLE_ASSIGNMENT((#927));
#929=STYLED_ITEM('',(#928),#926);
#930=DIRECTION('',(0.E0,1.E0,0.E0));
#931=VECTOR('',#930,1.E-1);
#932=CARTESIAN_POINT('',(-1.5E0,0.E0,1.725E-1));
#933=LINE('',#932,#931);
#934=CURVE_STYLE('',#36,POSITIVE_LENGTH_MEASURE(2.E-2),#28);
#935=PRESENTATION_STYLE_ASSIGNMENT((#934));
#936=STYLED_ITEM('',(#935),#933);
#937=DIRECTION('',(0.E0,1.E0,0.E0));
#938=VECTOR('',#937,1.E-1);
#939=CARTESIAN_POINT('',(-2.E0,0.E0,1.725E-1));
#940=LINE('',#939,#938);
#941=CURVE_STYLE('',#36,POSITIVE_LENGTH_MEASURE(2.E-2),#28);
#942=PRESENTATION_STYLE_ASSIGNMENT((#941));
#943=STYLED_ITEM('',(#942),#940);
#944=DIRECTION('',(-1.E0,0.E0,0.E0));
#945=VECTOR('',#944,5.E-1);
#946=CARTESIAN_POINT('',(-1.5E0,0.E0,4.775E-1));
#947=LINE('',#946,#945);
#948=CURVE_STYLE('',#36,POSITIVE_LENGTH_MEASURE(2.E-2),#28);
#949=PRESENTATION_STYLE_ASSIGNMENT((#948));
#950=STYLED_ITEM('',(#949),#947);
#951=DIRECTION('',(0.E0,1.E0,0.E0));
#952=VECTOR('',#951,1.E-1);
#953=CARTESIAN_POINT('',(-2.E0,0.E0,4.775E-1));
#954=LINE('',#953,#952);
#955=CURVE_STYLE('',#36,POSITIVE_LENGTH_MEASURE(2.E-2),#28);
#956=PRESENTATION_STYLE_ASSIGNMENT((#955));
#957=STYLED_ITEM('',(#956),#954);
#958=DIRECTION('',(0.E0,1.E0,0.E0));
#959=VECTOR('',#958,1.E-1);
#960=CARTESIAN_POINT('',(-1.45E0,0.E0,3.26E-1));
#961=LINE('',#960,#959);
#962=CURVE_STYLE('',#36,POSITIVE_LENGTH_MEASURE(2.E-2),#28);
#963=PRESENTATION_STYLE_ASSIGNMENT((#962));
#964=STYLED_ITEM('',(#963),#961);
#965=CARTESIAN_POINT('',(-1.45E0,0.E0,3.26E-1));
#966=CARTESIAN_POINT('',(-1.45E0,0.E0,3.24E-1));
#967=VERTEX_POINT('',#965);
#968=VERTEX_POINT('',#966);
#969=CARTESIAN_POINT('',(-1.45E0,1.E-1,3.26E-1));
#970=CARTESIAN_POINT('',(-1.45E0,1.E-1,3.24E-1));
#971=VERTEX_POINT('',#969);
#972=VERTEX_POINT('',#970);
#973=CARTESIAN_POINT('',(-2.E0,0.E0,4.775E-1));
#974=CARTESIAN_POINT('',(-2.E0,0.E0,1.725E-1));
#975=VERTEX_POINT('',#973);
#976=VERTEX_POINT('',#974);
#977=CARTESIAN_POINT('',(-2.E0,1.E-1,4.775E-1));
#978=CARTESIAN_POINT('',(-2.E0,1.E-1,1.725E-1));
#979=VERTEX_POINT('',#977);
#980=VERTEX_POINT('',#978);
#981=CARTESIAN_POINT('',(-1.5E0,0.E0,4.775E-1));
#982=CARTESIAN_POINT('',(-1.5E0,1.E-1,4.775E-1));
#983=VERTEX_POINT('',#981);
#984=VERTEX_POINT('',#982);
#985=CARTESIAN_POINT('',(-1.5E0,0.E0,1.725E-1));
#986=CARTESIAN_POINT('',(-1.5E0,1.E-1,1.725E-1));
#987=VERTEX_POINT('',#985);
#988=VERTEX_POINT('',#986);
#989=CARTESIAN_POINT('',(-1.450035738504E0,0.E0,3.292905150741E-1));
#990=CARTESIAN_POINT('',(-1.450035738504E0,1.E-1,3.292905150741E-1));
#991=VERTEX_POINT('',#989);
#992=VERTEX_POINT('',#990);
#993=CARTESIAN_POINT('',(-1.450035738504E0,0.E0,3.207094849259E-1));
#994=CARTESIAN_POINT('',(-1.450035738504E0,1.E-1,3.207094849259E-1));
#995=VERTEX_POINT('',#993);
#996=VERTEX_POINT('',#994);
#997=CARTESIAN_POINT('',(0.E0,0.E0,0.E0));
#998=DIRECTION('',(0.E0,1.E0,0.E0));
#999=DIRECTION('',(1.E0,0.E0,0.E0));
#1000=AXIS2_PLACEMENT_3D('',#997,#998,#999);
#1001=PLANE('',#1000);
#1003=ORIENTED_EDGE('',*,*,#1002,.T.);
#1005=ORIENTED_EDGE('',*,*,#1004,.T.);
#1007=ORIENTED_EDGE('',*,*,#1006,.F.);
#1009=ORIENTED_EDGE('',*,*,#1008,.F.);
#1011=ORIENTED_EDGE('',*,*,#1010,.F.);
#1013=ORIENTED_EDGE('',*,*,#1012,.T.);
#1015=ORIENTED_EDGE('',*,*,#1014,.T.);
#1017=ORIENTED_EDGE('',*,*,#1016,.T.);
#1018=EDGE_LOOP('',(#1003,#1005,#1007,#1009,#1011,#1013,#1015,#1017));
#1019=FACE_OUTER_BOUND('',#1018,.F.);
#1021=CARTESIAN_POINT('',(-1.6015E0,0.E0,3.24E-1));
#1022=DIRECTION('',(0.E0,1.E0,0.E0));
#1023=DIRECTION('',(1.E0,0.E0,0.E0));
#1024=AXIS2_PLACEMENT_3D('',#1021,#1022,#1023);
#1025=CYLINDRICAL_SURFACE('',#1024,1.515E-1);
#1027=ORIENTED_EDGE('',*,*,#1026,.F.);
#1028=ORIENTED_EDGE('',*,*,#1002,.F.);
#1030=ORIENTED_EDGE('',*,*,#1029,.T.);
#1032=ORIENTED_EDGE('',*,*,#1031,.T.);
#1033=EDGE_LOOP('',(#1027,#1028,#1030,#1032));
#1034=FACE_OUTER_BOUND('',#1033,.F.);
#1036=CARTESIAN_POINT('',(-1.7075625E0,0.E0,3.25E-1));
#1037=DIRECTION('',(0.E0,1.E0,0.E0));
#1038=DIRECTION('',(1.E0,0.E0,0.E0));
#1039=AXIS2_PLACEMENT_3D('',#1036,#1037,#1038);
#1040=CYLINDRICAL_SURFACE('',#1039,2.575625E-1);
#1042=ORIENTED_EDGE('',*,*,#1041,.F.);
#1043=ORIENTED_EDGE('',*,*,#1012,.F.);
#1045=ORIENTED_EDGE('',*,*,#1044,.T.);
#1047=ORIENTED_EDGE('',*,*,#1046,.T.);
#1048=EDGE_LOOP('',(#1042,#1043,#1045,#1047));
#1049=FACE_OUTER_BOUND('',#1048,.F.);
#1051=CARTESIAN_POINT('',(-1.7075625E0,0.E0,3.25E-1));
#1052=DIRECTION('',(0.E0,1.E0,0.E0));
#1053=DIRECTION('',(1.E0,0.E0,0.E0));
#1054=AXIS2_PLACEMENT_3D('',#1051,#1052,#1053);
#1055=CYLINDRICAL_SURFACE('',#1054,2.575625E-1);
#1056=ORIENTED_EDGE('',*,*,#1026,.T.);
#1058=ORIENTED_EDGE('',*,*,#1057,.T.);
#1060=ORIENTED_EDGE('',*,*,#1059,.F.);
#1061=ORIENTED_EDGE('',*,*,#1004,.F.);
#1062=EDGE_LOOP('',(#1056,#1058,#1060,#1061));
#1063=FACE_OUTER_BOUND('',#1062,.F.);
#1065=CARTESIAN_POINT('',(-1.6015E0,0.E0,3.26E-1));
#1066=DIRECTION('',(0.E0,1.E0,0.E0));
#1067=DIRECTION('',(1.E0,0.E0,0.E0));
#1068=AXIS2_PLACEMENT_3D('',#1065,#1066,#1067);
#1069=CYLINDRICAL_SURFACE('',#1068,1.515E-1);
#1070=ORIENTED_EDGE('',*,*,#1041,.T.);
#1072=ORIENTED_EDGE('',*,*,#1071,.T.);
#1074=ORIENTED_EDGE('',*,*,#1073,.F.);
#1075=ORIENTED_EDGE('',*,*,#1014,.F.);
#1076=EDGE_LOOP('',(#1070,#1072,#1074,#1075));
#1077=FACE_OUTER_BOUND('',#1076,.F.);
#1079=CARTESIAN_POINT('',(0.E0,1.E-1,0.E0));
#1080=DIRECTION('',(0.E0,1.E0,0.E0));
#1081=DIRECTION('',(1.E0,0.E0,0.E0));
#1082=AXIS2_PLACEMENT_3D('',#1079,#1080,#1081);
#1083=PLANE('',#1082);
#1085=ORIENTED_EDGE('',*,*,#1084,.T.);
#1086=ORIENTED_EDGE('',*,*,#1057,.F.);
#1087=ORIENTED_EDGE('',*,*,#1031,.F.);
#1089=ORIENTED_EDGE('',*,*,#1088,.F.);
#1090=ORIENTED_EDGE('',*,*,#1071,.F.);
#1091=ORIENTED_EDGE('',*,*,#1046,.F.);
#1093=ORIENTED_EDGE('',*,*,#1092,.T.);
#1095=ORIENTED_EDGE('',*,*,#1094,.T.);
#1096=EDGE_LOOP('',(#1085,#1086,#1087,#1089,#1090,#1091,#1093,#1095));
#1097=FACE_OUTER_BOUND('',#1096,.F.);
#1099=CARTESIAN_POINT('',(-1.6015E0,0.E0,1.725E-1));
#1100=DIRECTION('',(0.E0,0.E0,-1.E0));
#1101=DIRECTION('',(-1.E0,0.E0,0.E0));
#1102=AXIS2_PLACEMENT_3D('',#1099,#1100,#1101);
#1103=PLANE('',#1102);
#1104=ORIENTED_EDGE('',*,*,#1006,.T.);
#1105=ORIENTED_EDGE('',*,*,#1059,.T.);
#1106=ORIENTED_EDGE('',*,*,#1084,.F.);
#1108=ORIENTED_EDGE('',*,*,#1107,.F.);
#1109=EDGE_LOOP('',(#1104,#1105,#1106,#1108));
#1110=FACE_OUTER_BOUND('',#1109,.F.);
#1112=CARTESIAN_POINT('',(-2.E0,0.E0,2.E0));
#1113=DIRECTION('',(1.E0,0.E0,0.E0));
#1114=DIRECTION('',(0.E0,0.E0,-1.E0));
#1115=AXIS2_PLACEMENT_3D('',#1112,#1113,#1114);
#1116=PLANE('',#1115);
#1117=ORIENTED_EDGE('',*,*,#1008,.T.);
#1118=ORIENTED_EDGE('',*,*,#1107,.T.);
#1119=ORIENTED_EDGE('',*,*,#1094,.F.);
#1121=ORIENTED_EDGE('',*,*,#1120,.F.);
#1122=EDGE_LOOP('',(#1117,#1118,#1119,#1121));
#1123=FACE_OUTER_BOUND('',#1122,.F.);
#1125=FILL_AREA_STYLE_COLOUR('',#29);
#1126=FILL_AREA_STYLE('',(#1125));
#1127=SURFACE_STYLE_FILL_AREA(#1126);
#1128=SURFACE_SIDE_STYLE('',(#1127));
#1129=SURFACE_STYLE_USAGE(.POSITIVE.,#1128);
#1130=PRESENTATION_STYLE_ASSIGNMENT((#1129));
#1131=OVER_RIDING_STYLED_ITEM('',(#1130),#1124,#788);
#1132=CARTESIAN_POINT('',(-2.1E0,0.E0,4.775E-1));
#1133=DIRECTION('',(0.E0,0.E0,1.E0));
#1134=DIRECTION('',(1.E0,0.E0,0.E0));
#1135=AXIS2_PLACEMENT_3D('',#1132,#1133,#1134);
#1136=PLANE('',#1135);
#1137=ORIENTED_EDGE('',*,*,#1092,.F.);
#1138=ORIENTED_EDGE('',*,*,#1044,.F.);
#1139=ORIENTED_EDGE('',*,*,#1010,.T.);
#1140=ORIENTED_EDGE('',*,*,#1120,.T.);
#1141=EDGE_LOOP('',(#1137,#1138,#1139,#1140));
#1142=FACE_OUTER_BOUND('',#1141,.F.);
#1144=CARTESIAN_POINT('',(-1.45E0,0.E0,3.26E-1));
#1145=DIRECTION('',(1.E0,0.E0,0.E0));
#1146=DIRECTION('',(0.E0,0.E0,-1.E0));
#1147=AXIS2_PLACEMENT_3D('',#1144,#1145,#1146);
#1148=PLANE('',#1147);
#1149=ORIENTED_EDGE('',*,*,#1016,.F.);
#1150=ORIENTED_EDGE('',*,*,#1073,.T.);
#1151=ORIENTED_EDGE('',*,*,#1088,.T.);
#1152=ORIENTED_EDGE('',*,*,#1029,.F.);
#1153=EDGE_LOOP('',(#1149,#1150,#1151,#1152));
#1154=FACE_OUTER_BOUND('',#1153,.F.);
#1156=CLOSED_SHELL('',(#1020,#1035,#1050,#1064,#1078,#1098,#1111,#1124,#1143,
#1155));
#1157=MANIFOLD_SOLID_BREP('',#1156);
#1158=FILL_AREA_STYLE_COLOUR('',#28);
#1159=FILL_AREA_STYLE('',(#1158));
#1160=SURFACE_STYLE_FILL_AREA(#1159);
#1161=SURFACE_SIDE_STYLE('',(#1160));
#1162=SURFACE_STYLE_USAGE(.POSITIVE.,#1161);
#1163=PRESENTATION_STYLE_ASSIGNMENT((#1162));
#788=STYLED_ITEM('',(#1163),#1157);
#1165=CARTESIAN_POINT('',(-1.6015E0,0.E0,9.74E-1));
#1166=DIRECTION('',(0.E0,1.E0,0.E0));
#1167=DIRECTION('',(1.E0,0.E0,0.E0));
#1168=AXIS2_PLACEMENT_3D('',#1165,#1166,#1167);
#1170=CURVE_STYLE('',#36,POSITIVE_LENGTH_MEASURE(2.E-2),#28);
#1171=PRESENTATION_STYLE_ASSIGNMENT((#1170));
#1172=STYLED_ITEM('',(#1171),#1169);
#1173=CARTESIAN_POINT('',(-1.7075625E0,0.E0,9.75E-1));
#1174=DIRECTION('',(0.E0,1.E0,0.E0));
#1175=DIRECTION('',(9.998612433722E-1,0.E0,-1.665815122203E-2));
#1176=AXIS2_PLACEMENT_3D('',#1173,#1174,#1175);
#1178=CURVE_STYLE('',#36,POSITIVE_LENGTH_MEASURE(2.E-2),#28);
#1179=PRESENTATION_STYLE_ASSIGNMENT((#1178));
#1180=STYLED_ITEM('',(#1179),#1177);
#1181=DIRECTION('',(0.E0,0.E0,-1.E0));
#1182=VECTOR('',#1181,3.05E-1);
#1183=CARTESIAN_POINT('',(-2.E0,0.E0,1.1275E0));
#1184=LINE('',#1183,#1182);
#1185=CURVE_STYLE('',#36,POSITIVE_LENGTH_MEASURE(2.E-2),#28);
#1186=PRESENTATION_STYLE_ASSIGNMENT((#1185));
#1187=STYLED_ITEM('',(#1186),#1184);
#1188=CARTESIAN_POINT('',(-1.7075625E0,0.E0,9.75E-1));
#1189=DIRECTION('',(0.E0,1.E0,0.E0));
#1190=DIRECTION('',(8.058723610774E-1,0.E0,5.920892987139E-1));
#1191=AXIS2_PLACEMENT_3D('',#1188,#1189,#1190);
#1193=CURVE_STYLE('',#36,POSITIVE_LENGTH_MEASURE(2.E-2),#28);
#1194=PRESENTATION_STYLE_ASSIGNMENT((#1193));
#1195=STYLED_ITEM('',(#1194),#1192);
#1196=CARTESIAN_POINT('',(-1.6015E0,0.E0,9.76E-1));
#1197=DIRECTION('',(0.E0,1.E0,0.E0));
#1198=DIRECTION('',(9.997641022842E-1,0.E0,2.171957144635E-2));
#1199=AXIS2_PLACEMENT_3D('',#1196,#1197,#1198);
#1201=CURVE_STYLE('',#36,POSITIVE_LENGTH_MEASURE(2.E-2),#28);
#1202=PRESENTATION_STYLE_ASSIGNMENT((#1201));
#1203=STYLED_ITEM('',(#1202),#1200);
#1204=DIRECTION('',(1.110223024625E-13,0.E0,-1.E0));
#1205=VECTOR('',#1204,2.E-3);
#1206=CARTESIAN_POINT('',(-1.45E0,0.E0,9.76E-1));
#1207=LINE('',#1206,#1205);
#1208=CURVE_STYLE('',#36,POSITIVE_LENGTH_MEASURE(2.E-2),#28);
#1209=PRESENTATION_STYLE_ASSIGNMENT((#1208));
#1210=STYLED_ITEM('',(#1209),#1207);
#1211=DIRECTION('',(0.E0,1.E0,-3.663735981263E-14));
#1212=VECTOR('',#1211,1.E-1);
#1213=CARTESIAN_POINT('',(-1.450035738504E0,0.E0,9.707094849259E-1));
#1214=LINE('',#1213,#1212);
#1215=CURVE_STYLE('',#36,POSITIVE_LENGTH_MEASURE(2.E-2),#28);
#1216=PRESENTATION_STYLE_ASSIGNMENT((#1215));
#1217=STYLED_ITEM('',(#1216),#1214);
#1218=DIRECTION('',(0.E0,1.E0,0.E0));
#1219=VECTOR('',#1218,1.E-1);
#1220=CARTESIAN_POINT('',(-1.45E0,0.E0,9.74E-1));
#1221=LINE('',#1220,#1219);
#1222=CURVE_STYLE('',#36,POSITIVE_LENGTH_MEASURE(2.E-2),#28);
#1223=PRESENTATION_STYLE_ASSIGNMENT((#1222));
#1224=STYLED_ITEM('',(#1223),#1221);
#1225=DIRECTION('',(0.E0,1.E0,0.E0));
#1226=VECTOR('',#1225,1.E-1);
#1227=CARTESIAN_POINT('',(-1.5E0,0.E0,1.1275E0));
#1228=LINE('',#1227,#1226);
#1229=CURVE_STYLE('',#36,POSITIVE_LENGTH_MEASURE(2.E-2),#28);
#1230=PRESENTATION_STYLE_ASSIGNMENT((#1229));
#1231=STYLED_ITEM('',(#1230),#1228);
#1232=DIRECTION('',(0.E0,1.E0,3.996802888651E-14));
#1233=VECTOR('',#1232,1.E-1);
#1234=CARTESIAN_POINT('',(-1.450035738504E0,0.E0,9.792905150741E-1));
#1235=LINE('',#1234,#1233);
#1236=CURVE_STYLE('',#36,POSITIVE_LENGTH_MEASURE(2.E-2),#28);
#1237=PRESENTATION_STYLE_ASSIGNMENT((#1236));
#1238=STYLED_ITEM('',(#1237),#1235);
#1239=DIRECTION('',(1.E0,0.E0,0.E0));
#1240=VECTOR('',#1239,5.E-1);
#1241=CARTESIAN_POINT('',(-2.E0,1.E-1,8.225E-1));
#1242=LINE('',#1241,#1240);
#1243=CURVE_STYLE('',#36,POSITIVE_LENGTH_MEASURE(2.E-2),#28);
#1244=PRESENTATION_STYLE_ASSIGNMENT((#1243));
#1245=STYLED_ITEM('',(#1244),#1242);
#1246=CARTESIAN_POINT('',(-1.7075625E0,1.E-1,9.75E-1));
#1247=DIRECTION('',(0.E0,1.E0,0.E0));
#1248=DIRECTION('',(9.998612433722E-1,0.E0,-1.665815122207E-2));
#1249=AXIS2_PLACEMENT_3D('',#1246,#1247,#1248);
#1251=CURVE_STYLE('',#36,POSITIVE_LENGTH_MEASURE(2.E-2),#28);
#1252=PRESENTATION_STYLE_ASSIGNMENT((#1251));
#1253=STYLED_ITEM('',(#1252),#1250);
#1254=CARTESIAN_POINT('',(-1.6015E0,1.E-1,9.74E-1));
#1255=DIRECTION('',(0.E0,1.E0,0.E0));
#1256=DIRECTION('',(1.E0,0.E0,0.E0));
#1257=AXIS2_PLACEMENT_3D('',#1254,#1255,#1256);
#1259=CURVE_STYLE('',#36,POSITIVE_LENGTH_MEASURE(2.E-2),#28);
#1260=PRESENTATION_STYLE_ASSIGNMENT((#1259));
#1261=STYLED_ITEM('',(#1260),#1258);
#1262=DIRECTION('',(0.E0,0.E0,-1.E0));
#1263=VECTOR('',#1262,2.E-3);
#1264=CARTESIAN_POINT('',(-1.45E0,1.E-1,9.76E-1));
#1265=LINE('',#1264,#1263);
#1266=CURVE_STYLE('',#36,POSITIVE_LENGTH_MEASURE(2.E-2),#28);
#1267=PRESENTATION_STYLE_ASSIGNMENT((#1266));
#1268=STYLED_ITEM('',(#1267),#1265);
#1269=CARTESIAN_POINT('',(-1.6015E0,1.E-1,9.76E-1));
#1270=DIRECTION('',(0.E0,1.E0,0.E0));
#1271=DIRECTION('',(9.997641022842E-1,0.E0,2.171957144643E-2));
#1272=AXIS2_PLACEMENT_3D('',#1269,#1270,#1271);
#1274=CURVE_STYLE('',#36,POSITIVE_LENGTH_MEASURE(2.E-2),#28);
#1275=PRESENTATION_STYLE_ASSIGNMENT((#1274));
#1276=STYLED_ITEM('',(#1275),#1273);
#1277=CARTESIAN_POINT('',(-1.7075625E0,1.E-1,9.75E-1));
#1278=DIRECTION('',(0.E0,1.E0,0.E0));
#1279=DIRECTION('',(8.058723610774E-1,0.E0,5.920892987139E-1));
#1280=AXIS2_PLACEMENT_3D('',#1277,#1278,#1279);
#1282=CURVE_STYLE('',#36,POSITIVE_LENGTH_MEASURE(2.E-2),#28);
#1283=PRESENTATION_STYLE_ASSIGNMENT((#1282));
#1284=STYLED_ITEM('',(#1283),#1281);
#1285=DIRECTION('',(-1.E0,0.E0,0.E0));
#1286=VECTOR('',#1285,5.E-1);
#1287=CARTESIAN_POINT('',(-1.5E0,1.E-1,1.1275E0));
#1288=LINE('',#1287,#1286);
#1289=CURVE_STYLE('',#36,POSITIVE_LENGTH_MEASURE(2.E-2),#28);
#1290=PRESENTATION_STYLE_ASSIGNMENT((#1289));
#1291=STYLED_ITEM('',(#1290),#1288);
#1292=DIRECTION('',(0.E0,0.E0,-1.E0));
#1293=VECTOR('',#1292,3.05E-1);
#1294=CARTESIAN_POINT('',(-2.E0,1.E-1,1.1275E0));
#1295=LINE('',#1294,#1293);
#1296=CURVE_STYLE('',#36,POSITIVE_LENGTH_MEASURE(2.E-2),#28);
#1297=PRESENTATION_STYLE_ASSIGNMENT((#1296));
#1298=STYLED_ITEM('',(#1297),#1295);
#1299=DIRECTION('',(1.E0,0.E0,0.E0));
#1300=VECTOR('',#1299,5.E-1);
#1301=CARTESIAN_POINT('',(-2.E0,0.E0,8.225E-1));
#1302=LINE('',#1301,#1300);
#1303=CURVE_STYLE('',#36,POSITIVE_LENGTH_MEASURE(2.E-2),#28);
#1304=PRESENTATION_STYLE_ASSIGNMENT((#1303));
#1305=STYLED_ITEM('',(#1304),#1302);
#1306=DIRECTION('',(0.E0,1.E0,0.E0));
#1307=VECTOR('',#1306,1.E-1);
#1308=CARTESIAN_POINT('',(-1.5E0,0.E0,8.225E-1));
#1309=LINE('',#1308,#1307);
#1310=CURVE_STYLE('',#36,POSITIVE_LENGTH_MEASURE(2.E-2),#28);
#1311=PRESENTATION_STYLE_ASSIGNMENT((#1310));
#1312=STYLED_ITEM('',(#1311),#1309);
#1313=DIRECTION('',(0.E0,1.E0,0.E0));
#1314=VECTOR('',#1313,1.E-1);
#1315=CARTESIAN_POINT('',(-2.E0,0.E0,8.225E-1));
#1316=LINE('',#1315,#1314);
#1317=CURVE_STYLE('',#36,POSITIVE_LENGTH_MEASURE(2.E-2),#28);
#1318=PRESENTATION_STYLE_ASSIGNMENT((#1317));
#1319=STYLED_ITEM('',(#1318),#1316);
#1320=DIRECTION('',(-1.E0,0.E0,0.E0));
#1321=VECTOR('',#1320,5.E-1);
#1322=CARTESIAN_POINT('',(-1.5E0,0.E0,1.1275E0));
#1323=LINE('',#1322,#1321);
#1324=CURVE_STYLE('',#36,POSITIVE_LENGTH_MEASURE(2.E-2),#28);
#1325=PRESENTATION_STYLE_ASSIGNMENT((#1324));
#1326=STYLED_ITEM('',(#1325),#1323);
#1327=DIRECTION('',(0.E0,1.E0,0.E0));
#1328=VECTOR('',#1327,1.E-1);
#1329=CARTESIAN_POINT('',(-2.E0,0.E0,1.1275E0));
#1330=LINE('',#1329,#1328);
#1331=CURVE_STYLE('',#36,POSITIVE_LENGTH_MEASURE(2.E-2),#28);
#1332=PRESENTATION_STYLE_ASSIGNMENT((#1331));
#1333=STYLED_ITEM('',(#1332),#1330);
#1334=DIRECTION('',(0.E0,1.E0,0.E0));
#1335=VECTOR('',#1334,1.E-1);
#1336=CARTESIAN_POINT('',(-1.45E0,0.E0,9.76E-1));
#1337=LINE('',#1336,#1335);
#1338=CURVE_STYLE('',#36,POSITIVE_LENGTH_MEASURE(2.E-2),#28);
#1339=PRESENTATION_STYLE_ASSIGNMENT((#1338));
#1340=STYLED_ITEM('',(#1339),#1337);
#1341=CARTESIAN_POINT('',(-1.45E0,0.E0,9.76E-1));
#1342=CARTESIAN_POINT('',(-1.45E0,0.E0,9.74E-1));
#1343=VERTEX_POINT('',#1341);
#1344=VERTEX_POINT('',#1342);
#1345=CARTESIAN_POINT('',(-1.45E0,1.E-1,9.76E-1));
#1346=CARTESIAN_POINT('',(-1.45E0,1.E-1,9.74E-1));
#1347=VERTEX_POINT('',#1345);
#1348=VERTEX_POINT('',#1346);
#1349=CARTESIAN_POINT('',(-2.E0,0.E0,1.1275E0));
#1350=CARTESIAN_POINT('',(-2.E0,0.E0,8.225E-1));
#1351=VERTEX_POINT('',#1349);
#1352=VERTEX_POINT('',#1350);
#1353=CARTESIAN_POINT('',(-2.E0,1.E-1,1.1275E0));
#1354=CARTESIAN_POINT('',(-2.E0,1.E-1,8.225E-1));
#1355=VERTEX_POINT('',#1353);
#1356=VERTEX_POINT('',#1354);
#1357=CARTESIAN_POINT('',(-1.5E0,0.E0,1.1275E0));
#1358=CARTESIAN_POINT('',(-1.5E0,1.E-1,1.1275E0));
#1359=VERTEX_POINT('',#1357);
#1360=VERTEX_POINT('',#1358);
#1361=CARTESIAN_POINT('',(-1.5E0,0.E0,8.225E-1));
#1362=CARTESIAN_POINT('',(-1.5E0,1.E-1,8.225E-1));
#1363=VERTEX_POINT('',#1361);
#1364=VERTEX_POINT('',#1362);
#1365=CARTESIAN_POINT('',(-1.450035738504E0,0.E0,9.792905150741E-1));
#1366=CARTESIAN_POINT('',(-1.450035738504E0,1.E-1,9.792905150741E-1));
#1367=VERTEX_POINT('',#1365);
#1368=VERTEX_POINT('',#1366);
#1369=CARTESIAN_POINT('',(-1.450035738504E0,0.E0,9.707094849259E-1));
#1370=CARTESIAN_POINT('',(-1.450035738504E0,1.E-1,9.707094849259E-1));
#1371=VERTEX_POINT('',#1369);
#1372=VERTEX_POINT('',#1370);
#1373=CARTESIAN_POINT('',(0.E0,0.E0,0.E0));
#1374=DIRECTION('',(0.E0,1.E0,0.E0));
#1375=DIRECTION('',(1.E0,0.E0,0.E0));
#1376=AXIS2_PLACEMENT_3D('',#1373,#1374,#1375);
#1377=PLANE('',#1376);
#1379=ORIENTED_EDGE('',*,*,#1378,.T.);
#1381=ORIENTED_EDGE('',*,*,#1380,.T.);
#1383=ORIENTED_EDGE('',*,*,#1382,.F.);
#1385=ORIENTED_EDGE('',*,*,#1384,.F.);
#1387=ORIENTED_EDGE('',*,*,#1386,.F.);
#1389=ORIENTED_EDGE('',*,*,#1388,.T.);
#1391=ORIENTED_EDGE('',*,*,#1390,.T.);
#1393=ORIENTED_EDGE('',*,*,#1392,.T.);
#1394=EDGE_LOOP('',(#1379,#1381,#1383,#1385,#1387,#1389,#1391,#1393));
#1395=FACE_OUTER_BOUND('',#1394,.F.);
#1397=CARTESIAN_POINT('',(-1.6015E0,0.E0,9.74E-1));
#1398=DIRECTION('',(0.E0,1.E0,0.E0));
#1399=DIRECTION('',(1.E0,0.E0,0.E0));
#1400=AXIS2_PLACEMENT_3D('',#1397,#1398,#1399);
#1401=CYLINDRICAL_SURFACE('',#1400,1.515E-1);
#1403=ORIENTED_EDGE('',*,*,#1402,.F.);
#1404=ORIENTED_EDGE('',*,*,#1378,.F.);
#1406=ORIENTED_EDGE('',*,*,#1405,.T.);
#1408=ORIENTED_EDGE('',*,*,#1407,.T.);
#1409=EDGE_LOOP('',(#1403,#1404,#1406,#1408));
#1410=FACE_OUTER_BOUND('',#1409,.F.);
#1412=CARTESIAN_POINT('',(-1.7075625E0,0.E0,9.75E-1));
#1413=DIRECTION('',(0.E0,1.E0,0.E0));
#1414=DIRECTION('',(1.E0,0.E0,0.E0));
#1415=AXIS2_PLACEMENT_3D('',#1412,#1413,#1414);
#1416=CYLINDRICAL_SURFACE('',#1415,2.575625E-1);
#1418=ORIENTED_EDGE('',*,*,#1417,.F.);
#1419=ORIENTED_EDGE('',*,*,#1388,.F.);
#1421=ORIENTED_EDGE('',*,*,#1420,.T.);
#1423=ORIENTED_EDGE('',*,*,#1422,.T.);
#1424=EDGE_LOOP('',(#1418,#1419,#1421,#1423));
#1425=FACE_OUTER_BOUND('',#1424,.F.);
#1427=CARTESIAN_POINT('',(-1.7075625E0,0.E0,9.75E-1));
#1428=DIRECTION('',(0.E0,1.E0,0.E0));
#1429=DIRECTION('',(1.E0,0.E0,0.E0));
#1430=AXIS2_PLACEMENT_3D('',#1427,#1428,#1429);
#1431=CYLINDRICAL_SURFACE('',#1430,2.575625E-1);
#1432=ORIENTED_EDGE('',*,*,#1402,.T.);
#1434=ORIENTED_EDGE('',*,*,#1433,.T.);
#1436=ORIENTED_EDGE('',*,*,#1435,.F.);
#1437=ORIENTED_EDGE('',*,*,#1380,.F.);
#1438=EDGE_LOOP('',(#1432,#1434,#1436,#1437));
#1439=FACE_OUTER_BOUND('',#1438,.F.);
#1441=CARTESIAN_POINT('',(-1.6015E0,0.E0,9.76E-1));
#1442=DIRECTION('',(0.E0,1.E0,0.E0));
#1443=DIRECTION('',(1.E0,0.E0,0.E0));
#1444=AXIS2_PLACEMENT_3D('',#1441,#1442,#1443);
#1445=CYLINDRICAL_SURFACE('',#1444,1.515E-1);
#1446=ORIENTED_EDGE('',*,*,#1417,.T.);
#1448=ORIENTED_EDGE('',*,*,#1447,.T.);
#1450=ORIENTED_EDGE('',*,*,#1449,.F.);
#1451=ORIENTED_EDGE('',*,*,#1390,.F.);
#1452=EDGE_LOOP('',(#1446,#1448,#1450,#1451));
#1453=FACE_OUTER_BOUND('',#1452,.F.);
#1455=CARTESIAN_POINT('',(0.E0,1.E-1,0.E0));
#1456=DIRECTION('',(0.E0,1.E0,0.E0));
#1457=DIRECTION('',(1.E0,0.E0,0.E0));
#1458=AXIS2_PLACEMENT_3D('',#1455,#1456,#1457);
#1459=PLANE('',#1458);
#1461=ORIENTED_EDGE('',*,*,#1460,.T.);
#1462=ORIENTED_EDGE('',*,*,#1433,.F.);
#1463=ORIENTED_EDGE('',*,*,#1407,.F.);
#1465=ORIENTED_EDGE('',*,*,#1464,.F.);
#1466=ORIENTED_EDGE('',*,*,#1447,.F.);
#1467=ORIENTED_EDGE('',*,*,#1422,.F.);
#1469=ORIENTED_EDGE('',*,*,#1468,.T.);
#1471=ORIENTED_EDGE('',*,*,#1470,.T.);
#1472=EDGE_LOOP('',(#1461,#1462,#1463,#1465,#1466,#1467,#1469,#1471));
#1473=FACE_OUTER_BOUND('',#1472,.F.);
#1475=CARTESIAN_POINT('',(-1.6015E0,0.E0,8.225E-1));
#1476=DIRECTION('',(0.E0,0.E0,-1.E0));
#1477=DIRECTION('',(-1.E0,0.E0,0.E0));
#1478=AXIS2_PLACEMENT_3D('',#1475,#1476,#1477);
#1479=PLANE('',#1478);
#1480=ORIENTED_EDGE('',*,*,#1382,.T.);
#1481=ORIENTED_EDGE('',*,*,#1435,.T.);
#1482=ORIENTED_EDGE('',*,*,#1460,.F.);
#1484=ORIENTED_EDGE('',*,*,#1483,.F.);
#1485=EDGE_LOOP('',(#1480,#1481,#1482,#1484));
#1486=FACE_OUTER_BOUND('',#1485,.F.);
#1488=CARTESIAN_POINT('',(-2.E0,0.E0,2.E0));
#1489=DIRECTION('',(1.E0,0.E0,0.E0));
#1490=DIRECTION('',(0.E0,0.E0,-1.E0));
#1491=AXIS2_PLACEMENT_3D('',#1488,#1489,#1490);
#1492=PLANE('',#1491);
#1493=ORIENTED_EDGE('',*,*,#1384,.T.);
#1494=ORIENTED_EDGE('',*,*,#1483,.T.);
#1495=ORIENTED_EDGE('',*,*,#1470,.F.);
#1497=ORIENTED_EDGE('',*,*,#1496,.F.);
#1498=EDGE_LOOP('',(#1493,#1494,#1495,#1497));
#1499=FACE_OUTER_BOUND('',#1498,.F.);
#1501=FILL_AREA_STYLE_COLOUR('',#29);
#1502=FILL_AREA_STYLE('',(#1501));
#1503=SURFACE_STYLE_FILL_AREA(#1502);
#1504=SURFACE_SIDE_STYLE('',(#1503));
#1505=SURFACE_STYLE_USAGE(.POSITIVE.,#1504);
#1506=PRESENTATION_STYLE_ASSIGNMENT((#1505));
#1507=OVER_RIDING_STYLED_ITEM('',(#1506),#1500,#1164);
#1508=CARTESIAN_POINT('',(-2.1E0,0.E0,1.1275E0));
#1509=DIRECTION('',(0.E0,0.E0,1.E0));
#1510=DIRECTION('',(1.E0,0.E0,0.E0));
#1511=AXIS2_PLACEMENT_3D('',#1508,#1509,#1510);
#1512=PLANE('',#1511);
#1513=ORIENTED_EDGE('',*,*,#1468,.F.);
#1514=ORIENTED_EDGE('',*,*,#1420,.F.);
#1515=ORIENTED_EDGE('',*,*,#1386,.T.);
#1516=ORIENTED_EDGE('',*,*,#1496,.T.);
#1517=EDGE_LOOP('',(#1513,#1514,#1515,#1516));
#1518=FACE_OUTER_BOUND('',#1517,.F.);
#1520=CARTESIAN_POINT('',(-1.45E0,0.E0,9.76E-1));
#1521=DIRECTION('',(1.E0,0.E0,0.E0));
#1522=DIRECTION('',(0.E0,0.E0,-1.E0));
#1523=AXIS2_PLACEMENT_3D('',#1520,#1521,#1522);
#1524=PLANE('',#1523);
#1525=ORIENTED_EDGE('',*,*,#1392,.F.);
#1526=ORIENTED_EDGE('',*,*,#1449,.T.);
#1527=ORIENTED_EDGE('',*,*,#1464,.T.);
#1528=ORIENTED_EDGE('',*,*,#1405,.F.);
#1529=EDGE_LOOP('',(#1525,#1526,#1527,#1528));
#1530=FACE_OUTER_BOUND('',#1529,.F.);
#1532=CLOSED_SHELL('',(#1396,#1411,#1426,#1440,#1454,#1474,#1487,#1500,#1519,
#1531));
#1533=MANIFOLD_SOLID_BREP('',#1532);
#1534=FILL_AREA_STYLE_COLOUR('',#28);
#1535=FILL_AREA_STYLE('',(#1534));
#1536=SURFACE_STYLE_FILL_AREA(#1535);
#1537=SURFACE_SIDE_STYLE('',(#1536));
#1538=SURFACE_STYLE_USAGE(.POSITIVE.,#1537);
#1539=PRESENTATION_STYLE_ASSIGNMENT((#1538));
#1164=STYLED_ITEM('',(#1539),#1533);
#1541=CARTESIAN_POINT('',(1.6015E0,0.E0,-9.74E-1));
#1542=DIRECTION('',(0.E0,-1.E0,0.E0));
#1543=DIRECTION('',(-9.997641022842E-1,0.E0,2.171957144620E-2));
#1544=AXIS2_PLACEMENT_3D('',#1541,#1542,#1543);
#1546=CURVE_STYLE('',#36,POSITIVE_LENGTH_MEASURE(2.E-2),#28);
#1547=PRESENTATION_STYLE_ASSIGNMENT((#1546));
#1548=STYLED_ITEM('',(#1547),#1545);
#1549=CARTESIAN_POINT('',(1.7075625E0,0.E0,-9.75E-1));
#1550=DIRECTION('',(0.E0,1.E0,0.E0));
#1551=DIRECTION('',(-9.998612433722E-1,0.E0,1.665815122193E-2));
#1552=AXIS2_PLACEMENT_3D('',#1549,#1550,#1551);
#1554=CURVE_STYLE('',#36,POSITIVE_LENGTH_MEASURE(2.E-2),#28);
#1555=PRESENTATION_STYLE_ASSIGNMENT((#1554));
#1556=STYLED_ITEM('',(#1555),#1553);
#1557=DIRECTION('',(0.E0,0.E0,-1.E0));
#1558=VECTOR('',#1557,3.05E-1);
#1559=CARTESIAN_POINT('',(2.E0,0.E0,-8.225E-1));
#1560=LINE('',#1559,#1558);
#1561=CURVE_STYLE('',#36,POSITIVE_LENGTH_MEASURE(2.E-2),#28);
#1562=PRESENTATION_STYLE_ASSIGNMENT((#1561));
#1563=STYLED_ITEM('',(#1562),#1560);
#1564=CARTESIAN_POINT('',(1.7075625E0,0.E0,-9.75E-1));
#1565=DIRECTION('',(0.E0,1.E0,0.E0));
#1566=DIRECTION('',(-8.058723610774E-1,0.E0,-5.920892987139E-1));
#1567=AXIS2_PLACEMENT_3D('',#1564,#1565,#1566);
#1569=CURVE_STYLE('',#36,POSITIVE_LENGTH_MEASURE(2.E-2),#28);
#1570=PRESENTATION_STYLE_ASSIGNMENT((#1569));
#1571=STYLED_ITEM('',(#1570),#1568);
#1572=CARTESIAN_POINT('',(1.6015E0,0.E0,-9.76E-1));
#1573=DIRECTION('',(0.E0,-1.E0,0.E0));
#1574=DIRECTION('',(-1.E0,0.E0,0.E0));
#1575=AXIS2_PLACEMENT_3D('',#1572,#1573,#1574);
#1577=CURVE_STYLE('',#36,POSITIVE_LENGTH_MEASURE(2.E-2),#28);
#1578=PRESENTATION_STYLE_ASSIGNMENT((#1577));
#1579=STYLED_ITEM('',(#1578),#1576);
#1580=DIRECTION('',(0.E0,0.E0,-1.E0));
#1581=VECTOR('',#1580,2.E-3);
#1582=CARTESIAN_POINT('',(1.45E0,0.E0,-9.74E-1));
#1583=LINE('',#1582,#1581);
#1584=CURVE_STYLE('',#36,POSITIVE_LENGTH_MEASURE(2.E-2),#28);
#1585=PRESENTATION_STYLE_ASSIGNMENT((#1584));
#1586=STYLED_ITEM('',(#1585),#1583);
#1587=DIRECTION('',(0.E0,-1.E0,-4.662936703426E-14));
#1588=VECTOR('',#1587,1.E-1);
#1589=CARTESIAN_POINT('',(1.450035738504E0,1.E-1,-9.707094849259E-1));
#1590=LINE('',#1589,#1588);
#1591=CURVE_STYLE('',#36,POSITIVE_LENGTH_MEASURE(2.E-2),#28);
#1592=PRESENTATION_STYLE_ASSIGNMENT((#1591));
#1593=STYLED_ITEM('',(#1592),#1590);
#1594=DIRECTION('',(0.E0,1.E0,0.E0));
#1595=VECTOR('',#1594,1.E-1);
#1596=CARTESIAN_POINT('',(1.5E0,0.E0,-1.1275E0));
#1597=LINE('',#1596,#1595);
#1598=CURVE_STYLE('',#36,POSITIVE_LENGTH_MEASURE(2.E-2),#28);
#1599=PRESENTATION_STYLE_ASSIGNMENT((#1598));
#1600=STYLED_ITEM('',(#1599),#1597);
#1601=DIRECTION('',(1.E0,0.E0,0.E0));
#1602=VECTOR('',#1601,5.E-1);
#1603=CARTESIAN_POINT('',(1.5E0,0.E0,-1.1275E0));
#1604=LINE('',#1603,#1602);
#1605=CURVE_STYLE('',#36,POSITIVE_LENGTH_MEASURE(2.E-2),#28);
#1606=PRESENTATION_STYLE_ASSIGNMENT((#1605));
#1607=STYLED_ITEM('',(#1606),#1604);
#1608=DIRECTION('',(0.E0,1.E0,0.E0));
#1609=VECTOR('',#1608,1.E-1);
#1610=CARTESIAN_POINT('',(2.E0,0.E0,-1.1275E0));
#1611=LINE('',#1610,#1609);
#1612=CURVE_STYLE('',#36,POSITIVE_LENGTH_MEASURE(2.E-2),#28);
#1613=PRESENTATION_STYLE_ASSIGNMENT((#1612));
#1614=STYLED_ITEM('',(#1613),#1611);
#1615=DIRECTION('',(-1.E0,0.E0,0.E0));
#1616=VECTOR('',#1615,5.E-1);
#1617=CARTESIAN_POINT('',(2.E0,1.E-1,-8.225E-1));
#1618=LINE('',#1617,#1616);
#1619=CURVE_STYLE('',#36,POSITIVE_LENGTH_MEASURE(2.E-2),#28);
#1620=PRESENTATION_STYLE_ASSIGNMENT((#1619));
#1621=STYLED_ITEM('',(#1620),#1618);
#1622=CARTESIAN_POINT('',(1.7075625E0,1.E-1,-9.75E-1));
#1623=DIRECTION('',(0.E0,1.E0,0.E0));
#1624=DIRECTION('',(-9.998612433722E-1,0.E0,1.665815122199E-2));
#1625=AXIS2_PLACEMENT_3D('',#1622,#1623,#1624);
#1627=CURVE_STYLE('',#36,POSITIVE_LENGTH_MEASURE(2.E-2),#28);
#1628=PRESENTATION_STYLE_ASSIGNMENT((#1627));
#1629=STYLED_ITEM('',(#1628),#1626);
#1630=CARTESIAN_POINT('',(1.6015E0,1.E-1,-9.74E-1));
#1631=DIRECTION('',(0.E0,-1.E0,0.E0));
#1632=DIRECTION('',(-9.997641022842E-1,0.E0,2.171957144630E-2));
#1633=AXIS2_PLACEMENT_3D('',#1630,#1631,#1632);
#1635=CURVE_STYLE('',#36,POSITIVE_LENGTH_MEASURE(2.E-2),#28);
#1636=PRESENTATION_STYLE_ASSIGNMENT((#1635));
#1637=STYLED_ITEM('',(#1636),#1634);
#1638=DIRECTION('',(-1.110223024625E-13,0.E0,-1.E0));
#1639=VECTOR('',#1638,2.E-3);
#1640=CARTESIAN_POINT('',(1.45E0,1.E-1,-9.74E-1));
#1641=LINE('',#1640,#1639);
#1642=CURVE_STYLE('',#36,POSITIVE_LENGTH_MEASURE(2.E-2),#28);
#1643=PRESENTATION_STYLE_ASSIGNMENT((#1642));
#1644=STYLED_ITEM('',(#1643),#1641);
#1645=CARTESIAN_POINT('',(1.6015E0,1.E-1,-9.76E-1));
#1646=DIRECTION('',(0.E0,-1.E0,0.E0));
#1647=DIRECTION('',(-1.E0,0.E0,0.E0));
#1648=AXIS2_PLACEMENT_3D('',#1645,#1646,#1647);
#1650=CURVE_STYLE('',#36,POSITIVE_LENGTH_MEASURE(2.E-2),#28);
#1651=PRESENTATION_STYLE_ASSIGNMENT((#1650));
#1652=STYLED_ITEM('',(#1651),#1649);
#1653=CARTESIAN_POINT('',(1.7075625E0,1.E-1,-9.75E-1));
#1654=DIRECTION('',(0.E0,1.E0,0.E0));
#1655=DIRECTION('',(-8.058723610774E-1,0.E0,-5.920892987139E-1));
#1656=AXIS2_PLACEMENT_3D('',#1653,#1654,#1655);
#1658=CURVE_STYLE('',#36,POSITIVE_LENGTH_MEASURE(2.E-2),#28);
#1659=PRESENTATION_STYLE_ASSIGNMENT((#1658));
#1660=STYLED_ITEM('',(#1659),#1657);
#1661=DIRECTION('',(1.E0,0.E0,0.E0));
#1662=VECTOR('',#1661,5.E-1);
#1663=CARTESIAN_POINT('',(1.5E0,1.E-1,-1.1275E0));
#1664=LINE('',#1663,#1662);
#1665=CURVE_STYLE('',#36,POSITIVE_LENGTH_MEASURE(2.E-2),#28);
#1666=PRESENTATION_STYLE_ASSIGNMENT((#1665));
#1667=STYLED_ITEM('',(#1666),#1664);
#1668=DIRECTION('',(0.E0,0.E0,-1.E0));
#1669=VECTOR('',#1668,3.05E-1);
#1670=CARTESIAN_POINT('',(2.E0,1.E-1,-8.225E-1));
#1671=LINE('',#1670,#1669);
#1672=CURVE_STYLE('',#36,POSITIVE_LENGTH_MEASURE(2.E-2),#28);
#1673=PRESENTATION_STYLE_ASSIGNMENT((#1672));
#1674=STYLED_ITEM('',(#1673),#1671);
#1675=DIRECTION('',(-1.E0,0.E0,0.E0));
#1676=VECTOR('',#1675,5.E-1);
#1677=CARTESIAN_POINT('',(2.E0,0.E0,-8.225E-1));
#1678=LINE('',#1677,#1676);
#1679=CURVE_STYLE('',#36,POSITIVE_LENGTH_MEASURE(2.E-2),#28);
#1680=PRESENTATION_STYLE_ASSIGNMENT((#1679));
#1681=STYLED_ITEM('',(#1680),#1678);
#1682=DIRECTION('',(0.E0,1.E0,0.E0));
#1683=VECTOR('',#1682,1.E-1);
#1684=CARTESIAN_POINT('',(1.5E0,0.E0,-8.225E-1));
#1685=LINE('',#1684,#1683);
#1686=CURVE_STYLE('',#36,POSITIVE_LENGTH_MEASURE(2.E-2),#28);
#1687=PRESENTATION_STYLE_ASSIGNMENT((#1686));
#1688=STYLED_ITEM('',(#1687),#1685);
#1689=DIRECTION('',(0.E0,1.E0,0.E0));
#1690=VECTOR('',#1689,1.E-1);
#1691=CARTESIAN_POINT('',(2.E0,0.E0,-8.225E-1));
#1692=LINE('',#1691,#1690);
#1693=CURVE_STYLE('',#36,POSITIVE_LENGTH_MEASURE(2.E-2),#28);
#1694=PRESENTATION_STYLE_ASSIGNMENT((#1693));
#1695=STYLED_ITEM('',(#1694),#1692);
#1696=DIRECTION('',(0.E0,1.E0,0.E0));
#1697=VECTOR('',#1696,1.E-1);
#1698=CARTESIAN_POINT('',(1.45E0,0.E0,-9.74E-1));
#1699=LINE('',#1698,#1697);
#1700=CURVE_STYLE('',#36,POSITIVE_LENGTH_MEASURE(2.E-2),#28);
#1701=PRESENTATION_STYLE_ASSIGNMENT((#1700));
#1702=STYLED_ITEM('',(#1701),#1699);
#1703=DIRECTION('',(0.E0,-1.E0,-1.332267629550E-14));
#1704=VECTOR('',#1703,1.E-1);
#1705=CARTESIAN_POINT('',(1.450035738504E0,1.E-1,-9.792905150741E-1));
#1706=LINE('',#1705,#1704);
#1707=CURVE_STYLE('',#36,POSITIVE_LENGTH_MEASURE(2.E-2),#28);
#1708=PRESENTATION_STYLE_ASSIGNMENT((#1707));
#1709=STYLED_ITEM('',(#1708),#1706);
#1710=DIRECTION('',(0.E0,1.E0,0.E0));
#1711=VECTOR('',#1710,1.E-1);
#1712=CARTESIAN_POINT('',(1.45E0,0.E0,-9.76E-1));
#1713=LINE('',#1712,#1711);
#1714=CURVE_STYLE('',#36,POSITIVE_LENGTH_MEASURE(2.E-2),#28);
#1715=PRESENTATION_STYLE_ASSIGNMENT((#1714));
#1716=STYLED_ITEM('',(#1715),#1713);
#1717=CARTESIAN_POINT('',(1.45E0,0.E0,-9.74E-1));
#1718=CARTESIAN_POINT('',(1.45E0,0.E0,-9.76E-1));
#1719=VERTEX_POINT('',#1717);
#1720=VERTEX_POINT('',#1718);
#1721=CARTESIAN_POINT('',(1.45E0,1.E-1,-9.74E-1));
#1722=CARTESIAN_POINT('',(1.45E0,1.E-1,-9.76E-1));
#1723=VERTEX_POINT('',#1721);
#1724=VERTEX_POINT('',#1722);
#1725=CARTESIAN_POINT('',(2.E0,0.E0,-8.225E-1));
#1726=CARTESIAN_POINT('',(2.E0,0.E0,-1.1275E0));
#1727=VERTEX_POINT('',#1725);
#1728=VERTEX_POINT('',#1726);
#1729=CARTESIAN_POINT('',(2.E0,1.E-1,-8.225E-1));
#1730=CARTESIAN_POINT('',(2.E0,1.E-1,-1.1275E0));
#1731=VERTEX_POINT('',#1729);
#1732=VERTEX_POINT('',#1730);
#1733=CARTESIAN_POINT('',(1.5E0,0.E0,-1.1275E0));
#1734=CARTESIAN_POINT('',(1.5E0,1.E-1,-1.1275E0));
#1735=VERTEX_POINT('',#1733);
#1736=VERTEX_POINT('',#1734);
#1737=CARTESIAN_POINT('',(1.5E0,0.E0,-8.225E-1));
#1738=CARTESIAN_POINT('',(1.5E0,1.E-1,-8.225E-1));
#1739=VERTEX_POINT('',#1737);
#1740=VERTEX_POINT('',#1738);
#1741=CARTESIAN_POINT('',(1.450035738504E0,0.E0,-9.792905150741E-1));
#1742=VERTEX_POINT('',#1741);
#1743=CARTESIAN_POINT('',(1.450035738504E0,0.E0,-9.707094849259E-1));
#1744=VERTEX_POINT('',#1743);
#1745=CARTESIAN_POINT('',(1.450035738504E0,1.E-1,-9.792905150741E-1));
#1746=VERTEX_POINT('',#1745);
#1747=CARTESIAN_POINT('',(1.450035738504E0,1.E-1,-9.707094849259E-1));
#1748=VERTEX_POINT('',#1747);
#1749=CARTESIAN_POINT('',(0.E0,0.E0,0.E0));
#1750=DIRECTION('',(0.E0,-1.E0,0.E0));
#1751=DIRECTION('',(-1.E0,0.E0,0.E0));
#1752=AXIS2_PLACEMENT_3D('',#1749,#1750,#1751);
#1753=PLANE('',#1752);
#1755=ORIENTED_EDGE('',*,*,#1754,.F.);
#1757=ORIENTED_EDGE('',*,*,#1756,.T.);
#1759=ORIENTED_EDGE('',*,*,#1758,.F.);
#1761=ORIENTED_EDGE('',*,*,#1760,.T.);
#1763=ORIENTED_EDGE('',*,*,#1762,.F.);
#1765=ORIENTED_EDGE('',*,*,#1764,.T.);
#1767=ORIENTED_EDGE('',*,*,#1766,.F.);
#1769=ORIENTED_EDGE('',*,*,#1768,.F.);
#1770=EDGE_LOOP('',(#1755,#1757,#1759,#1761,#1763,#1765,#1767,#1769));
#1771=FACE_OUTER_BOUND('',#1770,.F.);
#1773=CARTESIAN_POINT('',(1.6015E0,0.E0,-9.74E-1));
#1774=DIRECTION('',(0.E0,-1.E0,0.E0));
#1775=DIRECTION('',(-1.E0,0.E0,0.E0));
#1776=AXIS2_PLACEMENT_3D('',#1773,#1774,#1775);
#1777=CYLINDRICAL_SURFACE('',#1776,1.515E-1);
#1779=ORIENTED_EDGE('',*,*,#1778,.T.);
#1780=ORIENTED_EDGE('',*,*,#1754,.T.);
#1782=ORIENTED_EDGE('',*,*,#1781,.T.);
#1784=ORIENTED_EDGE('',*,*,#1783,.F.);
#1785=EDGE_LOOP('',(#1779,#1780,#1782,#1784));
#1786=FACE_OUTER_BOUND('',#1785,.F.);
#1788=CARTESIAN_POINT('',(1.7075625E0,0.E0,-9.75E-1));
#1789=DIRECTION('',(0.E0,1.E0,0.E0));
#1790=DIRECTION('',(-1.E0,0.E0,0.E0));
#1791=AXIS2_PLACEMENT_3D('',#1788,#1789,#1790);
#1792=CYLINDRICAL_SURFACE('',#1791,2.575625E-1);
#1793=ORIENTED_EDGE('',*,*,#1764,.F.);
#1795=ORIENTED_EDGE('',*,*,#1794,.T.);
#1797=ORIENTED_EDGE('',*,*,#1796,.T.);
#1799=ORIENTED_EDGE('',*,*,#1798,.T.);
#1800=EDGE_LOOP('',(#1793,#1795,#1797,#1799));
#1801=FACE_OUTER_BOUND('',#1800,.F.);
#1803=CARTESIAN_POINT('',(1.7075625E0,0.E0,-9.75E-1));
#1804=DIRECTION('',(0.E0,1.E0,0.E0));
#1805=DIRECTION('',(-1.E0,0.E0,0.E0));
#1806=AXIS2_PLACEMENT_3D('',#1803,#1804,#1805);
#1807=CYLINDRICAL_SURFACE('',#1806,2.575625E-1);
#1808=ORIENTED_EDGE('',*,*,#1756,.F.);
#1809=ORIENTED_EDGE('',*,*,#1778,.F.);
#1811=ORIENTED_EDGE('',*,*,#1810,.T.);
#1813=ORIENTED_EDGE('',*,*,#1812,.F.);
#1814=EDGE_LOOP('',(#1808,#1809,#1811,#1813));
#1815=FACE_OUTER_BOUND('',#1814,.F.);
#1817=CARTESIAN_POINT('',(1.6015E0,0.E0,-1.1275E0));
#1818=DIRECTION('',(0.E0,0.E0,1.E0));
#1819=DIRECTION('',(1.E0,0.E0,0.E0));
#1820=AXIS2_PLACEMENT_3D('',#1817,#1818,#1819);
#1821=PLANE('',#1820);
#1823=ORIENTED_EDGE('',*,*,#1822,.F.);
#1824=ORIENTED_EDGE('',*,*,#1794,.F.);
#1825=ORIENTED_EDGE('',*,*,#1762,.T.);
#1827=ORIENTED_EDGE('',*,*,#1826,.T.);
#1828=EDGE_LOOP('',(#1823,#1824,#1825,#1827));
#1829=FACE_OUTER_BOUND('',#1828,.F.);
#1831=CARTESIAN_POINT('',(0.E0,1.E-1,0.E0));
#1832=DIRECTION('',(0.E0,-1.E0,0.E0));
#1833=DIRECTION('',(-1.E0,0.E0,0.E0));
#1834=AXIS2_PLACEMENT_3D('',#1831,#1832,#1833);
#1835=PLANE('',#1834);
#1837=ORIENTED_EDGE('',*,*,#1836,.T.);
#1838=ORIENTED_EDGE('',*,*,#1810,.F.);
#1839=ORIENTED_EDGE('',*,*,#1783,.T.);
#1841=ORIENTED_EDGE('',*,*,#1840,.T.);
#1843=ORIENTED_EDGE('',*,*,#1842,.T.);
#1844=ORIENTED_EDGE('',*,*,#1796,.F.);
#1845=ORIENTED_EDGE('',*,*,#1822,.T.);
#1847=ORIENTED_EDGE('',*,*,#1846,.F.);
#1848=EDGE_LOOP('',(#1837,#1838,#1839,#1841,#1843,#1844,#1845,#1847));
#1849=FACE_OUTER_BOUND('',#1848,.F.);
#1851=CARTESIAN_POINT('',(2.1E0,0.E0,-8.225E-1));
#1852=DIRECTION('',(0.E0,0.E0,-1.E0));
#1853=DIRECTION('',(-1.E0,0.E0,0.E0));
#1854=AXIS2_PLACEMENT_3D('',#1851,#1852,#1853);
#1855=PLANE('',#1854);
#1856=ORIENTED_EDGE('',*,*,#1758,.T.);
#1857=ORIENTED_EDGE('',*,*,#1812,.T.);
#1858=ORIENTED_EDGE('',*,*,#1836,.F.);
#1860=ORIENTED_EDGE('',*,*,#1859,.F.);
#1861=EDGE_LOOP('',(#1856,#1857,#1858,#1860));
#1862=FACE_OUTER_BOUND('',#1861,.F.);
#1864=CARTESIAN_POINT('',(2.E0,0.E0,-2.E0));
#1865=DIRECTION('',(-1.E0,0.E0,0.E0));
#1866=DIRECTION('',(0.E0,0.E0,1.E0));
#1867=AXIS2_PLACEMENT_3D('',#1864,#1865,#1866);
#1868=PLANE('',#1867);
#1869=ORIENTED_EDGE('',*,*,#1760,.F.);
#1870=ORIENTED_EDGE('',*,*,#1859,.T.);
#1871=ORIENTED_EDGE('',*,*,#1846,.T.);
#1872=ORIENTED_EDGE('',*,*,#1826,.F.);
#1873=EDGE_LOOP('',(#1869,#1870,#1871,#1872));
#1874=FACE_OUTER_BOUND('',#1873,.F.);
#1876=FILL_AREA_STYLE_COLOUR('',#29);
#1877=FILL_AREA_STYLE('',(#1876));
#1878=SURFACE_STYLE_FILL_AREA(#1877);
#1879=SURFACE_SIDE_STYLE('',(#1878));
#1880=SURFACE_STYLE_USAGE(.POSITIVE.,#1879);
#1881=PRESENTATION_STYLE_ASSIGNMENT((#1880));
#1882=OVER_RIDING_STYLED_ITEM('',(#1881),#1875,#1540);
#1883=CARTESIAN_POINT('',(1.45E0,0.E0,-9.74E-1));
#1884=DIRECTION('',(1.E0,0.E0,0.E0));
#1885=DIRECTION('',(0.E0,0.E0,-1.E0));
#1886=AXIS2_PLACEMENT_3D('',#1883,#1884,#1885);
#1887=PLANE('',#1886);
#1888=ORIENTED_EDGE('',*,*,#1768,.T.);
#1890=ORIENTED_EDGE('',*,*,#1889,.T.);
#1891=ORIENTED_EDGE('',*,*,#1840,.F.);
#1892=ORIENTED_EDGE('',*,*,#1781,.F.);
#1893=EDGE_LOOP('',(#1888,#1890,#1891,#1892));
#1894=FACE_OUTER_BOUND('',#1893,.F.);
#1896=CARTESIAN_POINT('',(1.6015E0,0.E0,-9.76E-1));
#1897=DIRECTION('',(0.E0,-1.E0,0.E0));
#1898=DIRECTION('',(-1.E0,0.E0,0.E0));
#1899=AXIS2_PLACEMENT_3D('',#1896,#1897,#1898);
#1900=CYLINDRICAL_SURFACE('',#1899,1.515E-1);
#1901=ORIENTED_EDGE('',*,*,#1798,.F.);
#1902=ORIENTED_EDGE('',*,*,#1842,.F.);
#1903=ORIENTED_EDGE('',*,*,#1889,.F.);
#1904=ORIENTED_EDGE('',*,*,#1766,.T.);
#1905=EDGE_LOOP('',(#1901,#1902,#1903,#1904));
#1906=FACE_OUTER_BOUND('',#1905,.F.);
#1908=CLOSED_SHELL('',(#1772,#1787,#1802,#1816,#1830,#1850,#1863,#1875,#1895,
#1907));
#1909=MANIFOLD_SOLID_BREP('',#1908);
#1910=FILL_AREA_STYLE_COLOUR('',#28);
#1911=FILL_AREA_STYLE('',(#1910));
#1912=SURFACE_STYLE_FILL_AREA(#1911);
#1913=SURFACE_SIDE_STYLE('',(#1912));
#1914=SURFACE_STYLE_USAGE(.POSITIVE.,#1913);
#1915=PRESENTATION_STYLE_ASSIGNMENT((#1914));
#1540=STYLED_ITEM('',(#1915),#1909);
#1917=CARTESIAN_POINT('',(1.6015E0,0.E0,-3.24E-1));
#1918=DIRECTION('',(0.E0,-1.E0,0.E0));
#1919=DIRECTION('',(-9.997641022842E-1,0.E0,2.171957144636E-2));
#1920=AXIS2_PLACEMENT_3D('',#1917,#1918,#1919);
#1922=CURVE_STYLE('',#36,POSITIVE_LENGTH_MEASURE(2.E-2),#28);
#1923=PRESENTATION_STYLE_ASSIGNMENT((#1922));
#1924=STYLED_ITEM('',(#1923),#1921);
#1925=CARTESIAN_POINT('',(1.7075625E0,0.E0,-3.25E-1));
#1926=DIRECTION('',(0.E0,1.E0,0.E0));
#1927=DIRECTION('',(-9.998612433722E-1,0.E0,1.665815122203E-2));
#1928=AXIS2_PLACEMENT_3D('',#1925,#1926,#1927);
#1930=CURVE_STYLE('',#36,POSITIVE_LENGTH_MEASURE(2.E-2),#28);
#1931=PRESENTATION_STYLE_ASSIGNMENT((#1930));
#1932=STYLED_ITEM('',(#1931),#1929);
#1933=DIRECTION('',(0.E0,0.E0,-1.E0));
#1934=VECTOR('',#1933,3.05E-1);
#1935=CARTESIAN_POINT('',(2.E0,0.E0,-1.725E-1));
#1936=LINE('',#1935,#1934);
#1937=CURVE_STYLE('',#36,POSITIVE_LENGTH_MEASURE(2.E-2),#28);
#1938=PRESENTATION_STYLE_ASSIGNMENT((#1937));
#1939=STYLED_ITEM('',(#1938),#1936);
#1940=CARTESIAN_POINT('',(1.7075625E0,0.E0,-3.25E-1));
#1941=DIRECTION('',(0.E0,1.E0,0.E0));
#1942=DIRECTION('',(-8.058723610774E-1,0.E0,-5.920892987139E-1));
#1943=AXIS2_PLACEMENT_3D('',#1940,#1941,#1942);
#1945=CURVE_STYLE('',#36,POSITIVE_LENGTH_MEASURE(2.E-2),#28);
#1946=PRESENTATION_STYLE_ASSIGNMENT((#1945));
#1947=STYLED_ITEM('',(#1946),#1944);
#1948=CARTESIAN_POINT('',(1.6015E0,0.E0,-3.26E-1));
#1949=DIRECTION('',(0.E0,-1.E0,0.E0));
#1950=DIRECTION('',(-1.E0,0.E0,0.E0));
#1951=AXIS2_PLACEMENT_3D('',#1948,#1949,#1950);
#1953=CURVE_STYLE('',#36,POSITIVE_LENGTH_MEASURE(2.E-2),#28);
#1954=PRESENTATION_STYLE_ASSIGNMENT((#1953));
#1955=STYLED_ITEM('',(#1954),#1952);
#1956=DIRECTION('',(0.E0,0.E0,-1.E0));
#1957=VECTOR('',#1956,2.E-3);
#1958=CARTESIAN_POINT('',(1.45E0,0.E0,-3.24E-1));
#1959=LINE('',#1958,#1957);
#1960=CURVE_STYLE('',#36,POSITIVE_LENGTH_MEASURE(2.E-2),#28);
#1961=PRESENTATION_STYLE_ASSIGNMENT((#1960));
#1962=STYLED_ITEM('',(#1961),#1959);
#1963=DIRECTION('',(0.E0,-1.E0,-3.608224830032E-14));
#1964=VECTOR('',#1963,1.E-1);
#1965=CARTESIAN_POINT('',(1.450035738504E0,1.E-1,-3.207094849259E-1));
#1966=LINE('',#1965,#1964);
#1967=CURVE_STYLE('',#36,POSITIVE_LENGTH_MEASURE(2.E-2),#28);
#1968=PRESENTATION_STYLE_ASSIGNMENT((#1967));
#1969=STYLED_ITEM('',(#1968),#1966);
#1970=DIRECTION('',(0.E0,1.E0,0.E0));
#1971=VECTOR('',#1970,1.E-1);
#1972=CARTESIAN_POINT('',(1.5E0,0.E0,-4.775E-1));
#1973=LINE('',#1972,#1971);
#1974=CURVE_STYLE('',#36,POSITIVE_LENGTH_MEASURE(2.E-2),#28);
#1975=PRESENTATION_STYLE_ASSIGNMENT((#1974));
#1976=STYLED_ITEM('',(#1975),#1973);
#1977=DIRECTION('',(1.E0,0.E0,0.E0));
#1978=VECTOR('',#1977,5.E-1);
#1979=CARTESIAN_POINT('',(1.5E0,0.E0,-4.775E-1));
#1980=LINE('',#1979,#1978);
#1981=CURVE_STYLE('',#36,POSITIVE_LENGTH_MEASURE(2.E-2),#28);
#1982=PRESENTATION_STYLE_ASSIGNMENT((#1981));
#1983=STYLED_ITEM('',(#1982),#1980);
#1984=DIRECTION('',(0.E0,1.E0,0.E0));
#1985=VECTOR('',#1984,1.E-1);
#1986=CARTESIAN_POINT('',(2.E0,0.E0,-4.775E-1));
#1987=LINE('',#1986,#1985);
#1988=CURVE_STYLE('',#36,POSITIVE_LENGTH_MEASURE(2.E-2),#28);
#1989=PRESENTATION_STYLE_ASSIGNMENT((#1988));
#1990=STYLED_ITEM('',(#1989),#1987);
#1991=DIRECTION('',(-1.E0,0.E0,0.E0));
#1992=VECTOR('',#1991,5.E-1);
#1993=CARTESIAN_POINT('',(2.E0,1.E-1,-1.725E-1));
#1994=LINE('',#1993,#1992);
#1995=CURVE_STYLE('',#36,POSITIVE_LENGTH_MEASURE(2.E-2),#28);
#1996=PRESENTATION_STYLE_ASSIGNMENT((#1995));
#1997=STYLED_ITEM('',(#1996),#1994);
#1998=CARTESIAN_POINT('',(1.7075625E0,1.E-1,-3.25E-1));
#1999=DIRECTION('',(0.E0,1.E0,0.E0));
#2000=DIRECTION('',(-9.998612433722E-1,0.E0,1.665815122207E-2));
#2001=AXIS2_PLACEMENT_3D('',#1998,#1999,#2000);
#2003=CURVE_STYLE('',#36,POSITIVE_LENGTH_MEASURE(2.E-2),#28);
#2004=PRESENTATION_STYLE_ASSIGNMENT((#2003));
#2005=STYLED_ITEM('',(#2004),#2002);
#2006=CARTESIAN_POINT('',(1.6015E0,1.E-1,-3.24E-1));
#2007=DIRECTION('',(0.E0,-1.E0,0.E0));
#2008=DIRECTION('',(-9.997641022842E-1,0.E0,2.171957144643E-2));
#2009=AXIS2_PLACEMENT_3D('',#2006,#2007,#2008);
#2011=CURVE_STYLE('',#36,POSITIVE_LENGTH_MEASURE(2.E-2),#28);
#2012=PRESENTATION_STYLE_ASSIGNMENT((#2011));
#2013=STYLED_ITEM('',(#2012),#2010);
#2014=DIRECTION('',(-1.110223024625E-13,0.E0,-1.E0));
#2015=VECTOR('',#2014,2.E-3);
#2016=CARTESIAN_POINT('',(1.45E0,1.E-1,-3.24E-1));
#2017=LINE('',#2016,#2015);
#2018=CURVE_STYLE('',#36,POSITIVE_LENGTH_MEASURE(2.E-2),#28);
#2019=PRESENTATION_STYLE_ASSIGNMENT((#2018));
#2020=STYLED_ITEM('',(#2019),#2017);
#2021=CARTESIAN_POINT('',(1.6015E0,1.E-1,-3.26E-1));
#2022=DIRECTION('',(0.E0,-1.E0,0.E0));
#2023=DIRECTION('',(-1.E0,0.E0,0.E0));
#2024=AXIS2_PLACEMENT_3D('',#2021,#2022,#2023);
#2026=CURVE_STYLE('',#36,POSITIVE_LENGTH_MEASURE(2.E-2),#28);
#2027=PRESENTATION_STYLE_ASSIGNMENT((#2026));
#2028=STYLED_ITEM('',(#2027),#2025);
#2029=CARTESIAN_POINT('',(1.7075625E0,1.E-1,-3.25E-1));
#2030=DIRECTION('',(0.E0,1.E0,0.E0));
#2031=DIRECTION('',(-8.058723610774E-1,0.E0,-5.920892987139E-1));
#2032=AXIS2_PLACEMENT_3D('',#2029,#2030,#2031);
#2034=CURVE_STYLE('',#36,POSITIVE_LENGTH_MEASURE(2.E-2),#28);
#2035=PRESENTATION_STYLE_ASSIGNMENT((#2034));
#2036=STYLED_ITEM('',(#2035),#2033);
#2037=DIRECTION('',(1.E0,0.E0,0.E0));
#2038=VECTOR('',#2037,5.E-1);
#2039=CARTESIAN_POINT('',(1.5E0,1.E-1,-4.775E-1));
#2040=LINE('',#2039,#2038);
#2041=CURVE_STYLE('',#36,POSITIVE_LENGTH_MEASURE(2.E-2),#28);
#2042=PRESENTATION_STYLE_ASSIGNMENT((#2041));
#2043=STYLED_ITEM('',(#2042),#2040);
#2044=DIRECTION('',(0.E0,0.E0,-1.E0));
#2045=VECTOR('',#2044,3.05E-1);
#2046=CARTESIAN_POINT('',(2.E0,1.E-1,-1.725E-1));
#2047=LINE('',#2046,#2045);
#2048=CURVE_STYLE('',#36,POSITIVE_LENGTH_MEASURE(2.E-2),#28);
#2049=PRESENTATION_STYLE_ASSIGNMENT((#2048));
#2050=STYLED_ITEM('',(#2049),#2047);
#2051=DIRECTION('',(-1.E0,0.E0,0.E0));
#2052=VECTOR('',#2051,5.E-1);
#2053=CARTESIAN_POINT('',(2.E0,0.E0,-1.725E-1));
#2054=LINE('',#2053,#2052);
#2055=CURVE_STYLE('',#36,POSITIVE_LENGTH_MEASURE(2.E-2),#28);
#2056=PRESENTATION_STYLE_ASSIGNMENT((#2055));
#2057=STYLED_ITEM('',(#2056),#2054);
#2058=DIRECTION('',(0.E0,1.E0,0.E0));
#2059=VECTOR('',#2058,1.E-1);
#2060=CARTESIAN_POINT('',(1.5E0,0.E0,-1.725E-1));
#2061=LINE('',#2060,#2059);
#2062=CURVE_STYLE('',#36,POSITIVE_LENGTH_MEASURE(2.E-2),#28);
#2063=PRESENTATION_STYLE_ASSIGNMENT((#2062));
#2064=STYLED_ITEM('',(#2063),#2061);
#2065=DIRECTION('',(0.E0,1.E0,0.E0));
#2066=VECTOR('',#2065,1.E-1);
#2067=CARTESIAN_POINT('',(2.E0,0.E0,-1.725E-1));
#2068=LINE('',#2067,#2066);
#2069=CURVE_STYLE('',#36,POSITIVE_LENGTH_MEASURE(2.E-2),#28);
#2070=PRESENTATION_STYLE_ASSIGNMENT((#2069));
#2071=STYLED_ITEM('',(#2070),#2068);
#2072=DIRECTION('',(0.E0,1.E0,0.E0));
#2073=VECTOR('',#2072,1.E-1);
#2074=CARTESIAN_POINT('',(1.45E0,0.E0,-3.24E-1));
#2075=LINE('',#2074,#2073);
#2076=CURVE_STYLE('',#36,POSITIVE_LENGTH_MEASURE(2.E-2),#28);
#2077=PRESENTATION_STYLE_ASSIGNMENT((#2076));
#2078=STYLED_ITEM('',(#2077),#2075);
#2079=DIRECTION('',(0.E0,-1.E0,4.662936703426E-14));
#2080=VECTOR('',#2079,1.E-1);
#2081=CARTESIAN_POINT('',(1.450035738504E0,1.E-1,-3.292905150741E-1));
#2082=LINE('',#2081,#2080);
#2083=CURVE_STYLE('',#36,POSITIVE_LENGTH_MEASURE(2.E-2),#28);
#2084=PRESENTATION_STYLE_ASSIGNMENT((#2083));
#2085=STYLED_ITEM('',(#2084),#2082);
#2086=DIRECTION('',(0.E0,1.E0,0.E0));
#2087=VECTOR('',#2086,1.E-1);
#2088=CARTESIAN_POINT('',(1.45E0,0.E0,-3.26E-1));
#2089=LINE('',#2088,#2087);
#2090=CURVE_STYLE('',#36,POSITIVE_LENGTH_MEASURE(2.E-2),#28);
#2091=PRESENTATION_STYLE_ASSIGNMENT((#2090));
#2092=STYLED_ITEM('',(#2091),#2089);
#2093=CARTESIAN_POINT('',(1.45E0,0.E0,-3.24E-1));
#2094=CARTESIAN_POINT('',(1.45E0,0.E0,-3.26E-1));
#2095=VERTEX_POINT('',#2093);
#2096=VERTEX_POINT('',#2094);
#2097=CARTESIAN_POINT('',(1.45E0,1.E-1,-3.24E-1));
#2098=CARTESIAN_POINT('',(1.45E0,1.E-1,-3.26E-1));
#2099=VERTEX_POINT('',#2097);
#2100=VERTEX_POINT('',#2098);
#2101=CARTESIAN_POINT('',(2.E0,0.E0,-1.725E-1));
#2102=CARTESIAN_POINT('',(2.E0,0.E0,-4.775E-1));
#2103=VERTEX_POINT('',#2101);
#2104=VERTEX_POINT('',#2102);
#2105=CARTESIAN_POINT('',(2.E0,1.E-1,-1.725E-1));
#2106=CARTESIAN_POINT('',(2.E0,1.E-1,-4.775E-1));
#2107=VERTEX_POINT('',#2105);
#2108=VERTEX_POINT('',#2106);
#2109=CARTESIAN_POINT('',(1.5E0,0.E0,-4.775E-1));
#2110=CARTESIAN_POINT('',(1.5E0,1.E-1,-4.775E-1));
#2111=VERTEX_POINT('',#2109);
#2112=VERTEX_POINT('',#2110);
#2113=CARTESIAN_POINT('',(1.5E0,0.E0,-1.725E-1));
#2114=CARTESIAN_POINT('',(1.5E0,1.E-1,-1.725E-1));
#2115=VERTEX_POINT('',#2113);
#2116=VERTEX_POINT('',#2114);
#2117=CARTESIAN_POINT('',(1.450035738504E0,0.E0,-3.292905150741E-1));
#2118=VERTEX_POINT('',#2117);
#2119=CARTESIAN_POINT('',(1.450035738504E0,0.E0,-3.207094849259E-1));
#2120=VERTEX_POINT('',#2119);
#2121=CARTESIAN_POINT('',(1.450035738504E0,1.E-1,-3.292905150741E-1));
#2122=VERTEX_POINT('',#2121);
#2123=CARTESIAN_POINT('',(1.450035738504E0,1.E-1,-3.207094849259E-1));
#2124=VERTEX_POINT('',#2123);
#2125=CARTESIAN_POINT('',(0.E0,0.E0,0.E0));
#2126=DIRECTION('',(0.E0,-1.E0,0.E0));
#2127=DIRECTION('',(-1.E0,0.E0,0.E0));
#2128=AXIS2_PLACEMENT_3D('',#2125,#2126,#2127);
#2129=PLANE('',#2128);
#2131=ORIENTED_EDGE('',*,*,#2130,.F.);
#2133=ORIENTED_EDGE('',*,*,#2132,.T.);
#2135=ORIENTED_EDGE('',*,*,#2134,.F.);
#2137=ORIENTED_EDGE('',*,*,#2136,.T.);
#2139=ORIENTED_EDGE('',*,*,#2138,.F.);
#2141=ORIENTED_EDGE('',*,*,#2140,.T.);
#2143=ORIENTED_EDGE('',*,*,#2142,.F.);
#2145=ORIENTED_EDGE('',*,*,#2144,.F.);
#2146=EDGE_LOOP('',(#2131,#2133,#2135,#2137,#2139,#2141,#2143,#2145));
#2147=FACE_OUTER_BOUND('',#2146,.F.);
#2149=CARTESIAN_POINT('',(1.6015E0,0.E0,-3.24E-1));
#2150=DIRECTION('',(0.E0,-1.E0,0.E0));
#2151=DIRECTION('',(-1.E0,0.E0,0.E0));
#2152=AXIS2_PLACEMENT_3D('',#2149,#2150,#2151);
#2153=CYLINDRICAL_SURFACE('',#2152,1.515E-1);
#2155=ORIENTED_EDGE('',*,*,#2154,.T.);
#2156=ORIENTED_EDGE('',*,*,#2130,.T.);
#2158=ORIENTED_EDGE('',*,*,#2157,.T.);
#2160=ORIENTED_EDGE('',*,*,#2159,.F.);
#2161=EDGE_LOOP('',(#2155,#2156,#2158,#2160));
#2162=FACE_OUTER_BOUND('',#2161,.F.);
#2164=CARTESIAN_POINT('',(1.7075625E0,0.E0,-3.25E-1));
#2165=DIRECTION('',(0.E0,1.E0,0.E0));
#2166=DIRECTION('',(-1.E0,0.E0,0.E0));
#2167=AXIS2_PLACEMENT_3D('',#2164,#2165,#2166);
#2168=CYLINDRICAL_SURFACE('',#2167,2.575625E-1);
#2169=ORIENTED_EDGE('',*,*,#2140,.F.);
#2171=ORIENTED_EDGE('',*,*,#2170,.T.);
#2173=ORIENTED_EDGE('',*,*,#2172,.T.);
#2175=ORIENTED_EDGE('',*,*,#2174,.T.);
#2176=EDGE_LOOP('',(#2169,#2171,#2173,#2175));
#2177=FACE_OUTER_BOUND('',#2176,.F.);
#2179=CARTESIAN_POINT('',(1.7075625E0,0.E0,-3.25E-1));
#2180=DIRECTION('',(0.E0,1.E0,0.E0));
#2181=DIRECTION('',(-1.E0,0.E0,0.E0));
#2182=AXIS2_PLACEMENT_3D('',#2179,#2180,#2181);
#2183=CYLINDRICAL_SURFACE('',#2182,2.575625E-1);
#2184=ORIENTED_EDGE('',*,*,#2132,.F.);
#2185=ORIENTED_EDGE('',*,*,#2154,.F.);
#2187=ORIENTED_EDGE('',*,*,#2186,.T.);
#2189=ORIENTED_EDGE('',*,*,#2188,.F.);
#2190=EDGE_LOOP('',(#2184,#2185,#2187,#2189));
#2191=FACE_OUTER_BOUND('',#2190,.F.);
#2193=CARTESIAN_POINT('',(1.6015E0,0.E0,-4.775E-1));
#2194=DIRECTION('',(0.E0,0.E0,1.E0));
#2195=DIRECTION('',(1.E0,0.E0,0.E0));
#2196=AXIS2_PLACEMENT_3D('',#2193,#2194,#2195);
#2197=PLANE('',#2196);
#2199=ORIENTED_EDGE('',*,*,#2198,.F.);
#2200=ORIENTED_EDGE('',*,*,#2170,.F.);
#2201=ORIENTED_EDGE('',*,*,#2138,.T.);
#2203=ORIENTED_EDGE('',*,*,#2202,.T.);
#2204=EDGE_LOOP('',(#2199,#2200,#2201,#2203));
#2205=FACE_OUTER_BOUND('',#2204,.F.);
#2207=CARTESIAN_POINT('',(0.E0,1.E-1,0.E0));
#2208=DIRECTION('',(0.E0,-1.E0,0.E0));
#2209=DIRECTION('',(-1.E0,0.E0,0.E0));
#2210=AXIS2_PLACEMENT_3D('',#2207,#2208,#2209);
#2211=PLANE('',#2210);
#2213=ORIENTED_EDGE('',*,*,#2212,.T.);
#2214=ORIENTED_EDGE('',*,*,#2186,.F.);
#2215=ORIENTED_EDGE('',*,*,#2159,.T.);
#2217=ORIENTED_EDGE('',*,*,#2216,.T.);
#2219=ORIENTED_EDGE('',*,*,#2218,.T.);
#2220=ORIENTED_EDGE('',*,*,#2172,.F.);
#2221=ORIENTED_EDGE('',*,*,#2198,.T.);
#2223=ORIENTED_EDGE('',*,*,#2222,.F.);
#2224=EDGE_LOOP('',(#2213,#2214,#2215,#2217,#2219,#2220,#2221,#2223));
#2225=FACE_OUTER_BOUND('',#2224,.F.);
#2227=CARTESIAN_POINT('',(2.1E0,0.E0,-1.725E-1));
#2228=DIRECTION('',(0.E0,0.E0,-1.E0));
#2229=DIRECTION('',(-1.E0,0.E0,0.E0));
#2230=AXIS2_PLACEMENT_3D('',#2227,#2228,#2229);
#2231=PLANE('',#2230);
#2232=ORIENTED_EDGE('',*,*,#2134,.T.);
#2233=ORIENTED_EDGE('',*,*,#2188,.T.);
#2234=ORIENTED_EDGE('',*,*,#2212,.F.);
#2236=ORIENTED_EDGE('',*,*,#2235,.F.);
#2237=EDGE_LOOP('',(#2232,#2233,#2234,#2236));
#2238=FACE_OUTER_BOUND('',#2237,.F.);
#2240=CARTESIAN_POINT('',(2.E0,0.E0,-2.E0));
#2241=DIRECTION('',(-1.E0,0.E0,0.E0));
#2242=DIRECTION('',(0.E0,0.E0,1.E0));
#2243=AXIS2_PLACEMENT_3D('',#2240,#2241,#2242);
#2244=PLANE('',#2243);
#2245=ORIENTED_EDGE('',*,*,#2136,.F.);
#2246=ORIENTED_EDGE('',*,*,#2235,.T.);
#2247=ORIENTED_EDGE('',*,*,#2222,.T.);
#2248=ORIENTED_EDGE('',*,*,#2202,.F.);
#2249=EDGE_LOOP('',(#2245,#2246,#2247,#2248));
#2250=FACE_OUTER_BOUND('',#2249,.F.);
#2252=FILL_AREA_STYLE_COLOUR('',#29);
#2253=FILL_AREA_STYLE('',(#2252));
#2254=SURFACE_STYLE_FILL_AREA(#2253);
#2255=SURFACE_SIDE_STYLE('',(#2254));
#2256=SURFACE_STYLE_USAGE(.POSITIVE.,#2255);
#2257=PRESENTATION_STYLE_ASSIGNMENT((#2256));
#2258=OVER_RIDING_STYLED_ITEM('',(#2257),#2251,#1916);
#2259=CARTESIAN_POINT('',(1.45E0,0.E0,-3.24E-1));
#2260=DIRECTION('',(1.E0,0.E0,0.E0));
#2261=DIRECTION('',(0.E0,0.E0,-1.E0));
#2262=AXIS2_PLACEMENT_3D('',#2259,#2260,#2261);
#2263=PLANE('',#2262);
#2264=ORIENTED_EDGE('',*,*,#2144,.T.);
#2266=ORIENTED_EDGE('',*,*,#2265,.T.);
#2267=ORIENTED_EDGE('',*,*,#2216,.F.);
#2268=ORIENTED_EDGE('',*,*,#2157,.F.);
#2269=EDGE_LOOP('',(#2264,#2266,#2267,#2268));
#2270=FACE_OUTER_BOUND('',#2269,.F.);
#2272=CARTESIAN_POINT('',(1.6015E0,0.E0,-3.26E-1));
#2273=DIRECTION('',(0.E0,-1.E0,0.E0));
#2274=DIRECTION('',(-1.E0,0.E0,0.E0));
#2275=AXIS2_PLACEMENT_3D('',#2272,#2273,#2274);
#2276=CYLINDRICAL_SURFACE('',#2275,1.515E-1);
#2277=ORIENTED_EDGE('',*,*,#2174,.F.);
#2278=ORIENTED_EDGE('',*,*,#2218,.F.);
#2279=ORIENTED_EDGE('',*,*,#2265,.F.);
#2280=ORIENTED_EDGE('',*,*,#2142,.T.);
#2281=EDGE_LOOP('',(#2277,#2278,#2279,#2280));
#2282=FACE_OUTER_BOUND('',#2281,.F.);
#2284=CLOSED_SHELL('',(#2148,#2163,#2178,#2192,#2206,#2226,#2239,#2251,#2271,
#2283));
#2285=MANIFOLD_SOLID_BREP('',#2284);
#2286=FILL_AREA_STYLE_COLOUR('',#28);
#2287=FILL_AREA_STYLE('',(#2286));
#2288=SURFACE_STYLE_FILL_AREA(#2287);
#2289=SURFACE_SIDE_STYLE('',(#2288));
#2290=SURFACE_STYLE_USAGE(.POSITIVE.,#2289);
#2291=PRESENTATION_STYLE_ASSIGNMENT((#2290));
#1916=STYLED_ITEM('',(#2291),#2285);
#2293=CARTESIAN_POINT('',(1.6015E0,0.E0,3.26E-1));
#2294=DIRECTION('',(0.E0,-1.E0,0.E0));
#2295=DIRECTION('',(-9.997641022842E-1,0.E0,2.171957144649E-2));
#2296=AXIS2_PLACEMENT_3D('',#2293,#2294,#2295);
#2298=CURVE_STYLE('',#36,POSITIVE_LENGTH_MEASURE(2.E-2),#28);
#2299=PRESENTATION_STYLE_ASSIGNMENT((#2298));
#2300=STYLED_ITEM('',(#2299),#2297);
#2301=CARTESIAN_POINT('',(1.7075625E0,0.E0,3.25E-1));
#2302=DIRECTION('',(0.E0,1.E0,0.E0));
#2303=DIRECTION('',(-9.998612433722E-1,0.E0,1.665815122211E-2));
#2304=AXIS2_PLACEMENT_3D('',#2301,#2302,#2303);
#2306=CURVE_STYLE('',#36,POSITIVE_LENGTH_MEASURE(2.E-2),#28);
#2307=PRESENTATION_STYLE_ASSIGNMENT((#2306));
#2308=STYLED_ITEM('',(#2307),#2305);
#2309=DIRECTION('',(0.E0,0.E0,-1.E0));
#2310=VECTOR('',#2309,3.05E-1);
#2311=CARTESIAN_POINT('',(2.E0,0.E0,4.775E-1));
#2312=LINE('',#2311,#2310);
#2313=CURVE_STYLE('',#36,POSITIVE_LENGTH_MEASURE(2.E-2),#28);
#2314=PRESENTATION_STYLE_ASSIGNMENT((#2313));
#2315=STYLED_ITEM('',(#2314),#2312);
#2316=CARTESIAN_POINT('',(1.7075625E0,0.E0,3.25E-1));
#2317=DIRECTION('',(0.E0,1.E0,0.E0));
#2318=DIRECTION('',(-8.058723610774E-1,0.E0,-5.920892987139E-1));
#2319=AXIS2_PLACEMENT_3D('',#2316,#2317,#2318);
#2321=CURVE_STYLE('',#36,POSITIVE_LENGTH_MEASURE(2.E-2),#28);
#2322=PRESENTATION_STYLE_ASSIGNMENT((#2321));
#2323=STYLED_ITEM('',(#2322),#2320);
#2324=CARTESIAN_POINT('',(1.6015E0,0.E0,3.24E-1));
#2325=DIRECTION('',(0.E0,-1.E0,0.E0));
#2326=DIRECTION('',(-1.E0,0.E0,0.E0));
#2327=AXIS2_PLACEMENT_3D('',#2324,#2325,#2326);
#2329=CURVE_STYLE('',#36,POSITIVE_LENGTH_MEASURE(2.E-2),#28);
#2330=PRESENTATION_STYLE_ASSIGNMENT((#2329));
#2331=STYLED_ITEM('',(#2330),#2328);
#2332=DIRECTION('',(0.E0,0.E0,-1.E0));
#2333=VECTOR('',#2332,2.E-3);
#2334=CARTESIAN_POINT('',(1.45E0,0.E0,3.26E-1));
#2335=LINE('',#2334,#2333);
#2336=CURVE_STYLE('',#36,POSITIVE_LENGTH_MEASURE(2.E-2),#28);
#2337=PRESENTATION_STYLE_ASSIGNMENT((#2336));
#2338=STYLED_ITEM('',(#2337),#2335);
#2339=DIRECTION('',(0.E0,-1.E0,-3.108624468950E-14));
#2340=VECTOR('',#2339,1.E-1);
#2341=CARTESIAN_POINT('',(1.450035738504E0,1.E-1,3.292905150742E-1));
#2342=LINE('',#2341,#2340);
#2343=CURVE_STYLE('',#36,POSITIVE_LENGTH_MEASURE(2.E-2),#28);
#2344=PRESENTATION_STYLE_ASSIGNMENT((#2343));
#2345=STYLED_ITEM('',(#2344),#2342);
#2346=DIRECTION('',(0.E0,1.E0,0.E0));
#2347=VECTOR('',#2346,1.E-1);
#2348=CARTESIAN_POINT('',(1.5E0,0.E0,1.725E-1));
#2349=LINE('',#2348,#2347);
#2350=CURVE_STYLE('',#36,POSITIVE_LENGTH_MEASURE(2.E-2),#28);
#2351=PRESENTATION_STYLE_ASSIGNMENT((#2350));
#2352=STYLED_ITEM('',(#2351),#2349);
#2353=DIRECTION('',(1.E0,0.E0,0.E0));
#2354=VECTOR('',#2353,5.E-1);
#2355=CARTESIAN_POINT('',(1.5E0,0.E0,1.725E-1));
#2356=LINE('',#2355,#2354);
#2357=CURVE_STYLE('',#36,POSITIVE_LENGTH_MEASURE(2.E-2),#28);
#2358=PRESENTATION_STYLE_ASSIGNMENT((#2357));
#2359=STYLED_ITEM('',(#2358),#2356);
#2360=DIRECTION('',(0.E0,1.E0,0.E0));
#2361=VECTOR('',#2360,1.E-1);
#2362=CARTESIAN_POINT('',(2.E0,0.E0,1.725E-1));
#2363=LINE('',#2362,#2361);
#2364=CURVE_STYLE('',#36,POSITIVE_LENGTH_MEASURE(2.E-2),#28);
#2365=PRESENTATION_STYLE_ASSIGNMENT((#2364));
#2366=STYLED_ITEM('',(#2365),#2363);
#2367=DIRECTION('',(-1.E0,0.E0,0.E0));
#2368=VECTOR('',#2367,5.E-1);
#2369=CARTESIAN_POINT('',(2.E0,1.E-1,4.775E-1));
#2370=LINE('',#2369,#2368);
#2371=CURVE_STYLE('',#36,POSITIVE_LENGTH_MEASURE(2.E-2),#28);
#2372=PRESENTATION_STYLE_ASSIGNMENT((#2371));
#2373=STYLED_ITEM('',(#2372),#2370);
#2374=CARTESIAN_POINT('',(1.7075625E0,1.E-1,3.25E-1));
#2375=DIRECTION('',(0.E0,1.E0,0.E0));
#2376=DIRECTION('',(-9.998612433722E-1,0.E0,1.665815122214E-2));
#2377=AXIS2_PLACEMENT_3D('',#2374,#2375,#2376);
#2379=CURVE_STYLE('',#36,POSITIVE_LENGTH_MEASURE(2.E-2),#28);
#2380=PRESENTATION_STYLE_ASSIGNMENT((#2379));
#2381=STYLED_ITEM('',(#2380),#2378);
#2382=CARTESIAN_POINT('',(1.6015E0,1.E-1,3.26E-1));
#2383=DIRECTION('',(0.E0,-1.E0,0.E0));
#2384=DIRECTION('',(-9.997641022842E-1,0.E0,2.171957144656E-2));
#2385=AXIS2_PLACEMENT_3D('',#2382,#2383,#2384);
#2387=CURVE_STYLE('',#36,POSITIVE_LENGTH_MEASURE(2.E-2),#28);
#2388=PRESENTATION_STYLE_ASSIGNMENT((#2387));
#2389=STYLED_ITEM('',(#2388),#2386);
#2390=DIRECTION('',(-1.110223024625E-13,0.E0,-1.E0));
#2391=VECTOR('',#2390,2.E-3);
#2392=CARTESIAN_POINT('',(1.45E0,1.E-1,3.26E-1));
#2393=LINE('',#2392,#2391);
#2394=CURVE_STYLE('',#36,POSITIVE_LENGTH_MEASURE(2.E-2),#28);
#2395=PRESENTATION_STYLE_ASSIGNMENT((#2394));
#2396=STYLED_ITEM('',(#2395),#2393);
#2397=CARTESIAN_POINT('',(1.6015E0,1.E-1,3.24E-1));
#2398=DIRECTION('',(0.E0,-1.E0,0.E0));
#2399=DIRECTION('',(-1.E0,0.E0,0.E0));
#2400=AXIS2_PLACEMENT_3D('',#2397,#2398,#2399);
#2402=CURVE_STYLE('',#36,POSITIVE_LENGTH_MEASURE(2.E-2),#28);
#2403=PRESENTATION_STYLE_ASSIGNMENT((#2402));
#2404=STYLED_ITEM('',(#2403),#2401);
#2405=CARTESIAN_POINT('',(1.7075625E0,1.E-1,3.25E-1));
#2406=DIRECTION('',(0.E0,1.E0,0.E0));
#2407=DIRECTION('',(-8.058723610774E-1,0.E0,-5.920892987139E-1));
#2408=AXIS2_PLACEMENT_3D('',#2405,#2406,#2407);
#2410=CURVE_STYLE('',#36,POSITIVE_LENGTH_MEASURE(2.E-2),#28);
#2411=PRESENTATION_STYLE_ASSIGNMENT((#2410));
#2412=STYLED_ITEM('',(#2411),#2409);
#2413=DIRECTION('',(1.E0,0.E0,0.E0));
#2414=VECTOR('',#2413,5.E-1);
#2415=CARTESIAN_POINT('',(1.5E0,1.E-1,1.725E-1));
#2416=LINE('',#2415,#2414);
#2417=CURVE_STYLE('',#36,POSITIVE_LENGTH_MEASURE(2.E-2),#28);
#2418=PRESENTATION_STYLE_ASSIGNMENT((#2417));
#2419=STYLED_ITEM('',(#2418),#2416);
#2420=DIRECTION('',(0.E0,0.E0,-1.E0));
#2421=VECTOR('',#2420,3.05E-1);
#2422=CARTESIAN_POINT('',(2.E0,1.E-1,4.775E-1));
#2423=LINE('',#2422,#2421);
#2424=CURVE_STYLE('',#36,POSITIVE_LENGTH_MEASURE(2.E-2),#28);
#2425=PRESENTATION_STYLE_ASSIGNMENT((#2424));
#2426=STYLED_ITEM('',(#2425),#2423);
#2427=DIRECTION('',(-1.E0,0.E0,0.E0));
#2428=VECTOR('',#2427,5.E-1);
#2429=CARTESIAN_POINT('',(2.E0,0.E0,4.775E-1));
#2430=LINE('',#2429,#2428);
#2431=CURVE_STYLE('',#36,POSITIVE_LENGTH_MEASURE(2.E-2),#28);
#2432=PRESENTATION_STYLE_ASSIGNMENT((#2431));
#2433=STYLED_ITEM('',(#2432),#2430);
#2434=DIRECTION('',(0.E0,1.E0,0.E0));
#2435=VECTOR('',#2434,1.E-1);
#2436=CARTESIAN_POINT('',(1.5E0,0.E0,4.775E-1));
#2437=LINE('',#2436,#2435);
#2438=CURVE_STYLE('',#36,POSITIVE_LENGTH_MEASURE(2.E-2),#28);
#2439=PRESENTATION_STYLE_ASSIGNMENT((#2438));
#2440=STYLED_ITEM('',(#2439),#2437);
#2441=DIRECTION('',(0.E0,1.E0,0.E0));
#2442=VECTOR('',#2441,1.E-1);
#2443=CARTESIAN_POINT('',(2.E0,0.E0,4.775E-1));
#2444=LINE('',#2443,#2442);
#2445=CURVE_STYLE('',#36,POSITIVE_LENGTH_MEASURE(2.E-2),#28);
#2446=PRESENTATION_STYLE_ASSIGNMENT((#2445));
#2447=STYLED_ITEM('',(#2446),#2444);
#2448=DIRECTION('',(0.E0,1.E0,0.E0));
#2449=VECTOR('',#2448,1.E-1);
#2450=CARTESIAN_POINT('',(1.45E0,0.E0,3.26E-1));
#2451=LINE('',#2450,#2449);
#2452=CURVE_STYLE('',#36,POSITIVE_LENGTH_MEASURE(2.E-2),#28);
#2453=PRESENTATION_STYLE_ASSIGNMENT((#2452));
#2454=STYLED_ITEM('',(#2453),#2451);
#2455=DIRECTION('',(0.E0,-1.E0,3.219646771413E-14));
#2456=VECTOR('',#2455,1.E-1);
#2457=CARTESIAN_POINT('',(1.450035738504E0,1.E-1,3.207094849258E-1));
#2458=LINE('',#2457,#2456);
#2459=CURVE_STYLE('',#36,POSITIVE_LENGTH_MEASURE(2.E-2),#28);
#2460=PRESENTATION_STYLE_ASSIGNMENT((#2459));
#2461=STYLED_ITEM('',(#2460),#2458);
#2462=DIRECTION('',(0.E0,1.E0,0.E0));
#2463=VECTOR('',#2462,1.E-1);
#2464=CARTESIAN_POINT('',(1.45E0,0.E0,3.24E-1));
#2465=LINE('',#2464,#2463);
#2466=CURVE_STYLE('',#36,POSITIVE_LENGTH_MEASURE(2.E-2),#28);
#2467=PRESENTATION_STYLE_ASSIGNMENT((#2466));
#2468=STYLED_ITEM('',(#2467),#2465);
#2469=CARTESIAN_POINT('',(1.45E0,0.E0,3.26E-1));
#2470=CARTESIAN_POINT('',(1.45E0,0.E0,3.24E-1));
#2471=VERTEX_POINT('',#2469);
#2472=VERTEX_POINT('',#2470);
#2473=CARTESIAN_POINT('',(1.45E0,1.E-1,3.26E-1));
#2474=CARTESIAN_POINT('',(1.45E0,1.E-1,3.24E-1));
#2475=VERTEX_POINT('',#2473);
#2476=VERTEX_POINT('',#2474);
#2477=CARTESIAN_POINT('',(2.E0,0.E0,4.775E-1));
#2478=CARTESIAN_POINT('',(2.E0,0.E0,1.725E-1));
#2479=VERTEX_POINT('',#2477);
#2480=VERTEX_POINT('',#2478);
#2481=CARTESIAN_POINT('',(2.E0,1.E-1,4.775E-1));
#2482=CARTESIAN_POINT('',(2.E0,1.E-1,1.725E-1));
#2483=VERTEX_POINT('',#2481);
#2484=VERTEX_POINT('',#2482);
#2485=CARTESIAN_POINT('',(1.5E0,0.E0,1.725E-1));
#2486=CARTESIAN_POINT('',(1.5E0,1.E-1,1.725E-1));
#2487=VERTEX_POINT('',#2485);
#2488=VERTEX_POINT('',#2486);
#2489=CARTESIAN_POINT('',(1.5E0,0.E0,4.775E-1));
#2490=CARTESIAN_POINT('',(1.5E0,1.E-1,4.775E-1));
#2491=VERTEX_POINT('',#2489);
#2492=VERTEX_POINT('',#2490);
#2493=CARTESIAN_POINT('',(1.450035738504E0,0.E0,3.207094849259E-1));
#2494=VERTEX_POINT('',#2493);
#2495=CARTESIAN_POINT('',(1.450035738504E0,0.E0,3.292905150741E-1));
#2496=VERTEX_POINT('',#2495);
#2497=CARTESIAN_POINT('',(1.450035738504E0,1.E-1,3.207094849258E-1));
#2498=VERTEX_POINT('',#2497);
#2499=CARTESIAN_POINT('',(1.450035738504E0,1.E-1,3.292905150742E-1));
#2500=VERTEX_POINT('',#2499);
#2501=CARTESIAN_POINT('',(0.E0,0.E0,0.E0));
#2502=DIRECTION('',(0.E0,-1.E0,0.E0));
#2503=DIRECTION('',(-1.E0,0.E0,0.E0));
#2504=AXIS2_PLACEMENT_3D('',#2501,#2502,#2503);
#2505=PLANE('',#2504);
#2507=ORIENTED_EDGE('',*,*,#2506,.F.);
#2509=ORIENTED_EDGE('',*,*,#2508,.T.);
#2511=ORIENTED_EDGE('',*,*,#2510,.F.);
#2513=ORIENTED_EDGE('',*,*,#2512,.T.);
#2515=ORIENTED_EDGE('',*,*,#2514,.F.);
#2517=ORIENTED_EDGE('',*,*,#2516,.T.);
#2519=ORIENTED_EDGE('',*,*,#2518,.F.);
#2521=ORIENTED_EDGE('',*,*,#2520,.F.);
#2522=EDGE_LOOP('',(#2507,#2509,#2511,#2513,#2515,#2517,#2519,#2521));
#2523=FACE_OUTER_BOUND('',#2522,.F.);
#2525=CARTESIAN_POINT('',(1.6015E0,0.E0,3.26E-1));
#2526=DIRECTION('',(0.E0,-1.E0,0.E0));
#2527=DIRECTION('',(-1.E0,0.E0,0.E0));
#2528=AXIS2_PLACEMENT_3D('',#2525,#2526,#2527);
#2529=CYLINDRICAL_SURFACE('',#2528,1.515E-1);
#2531=ORIENTED_EDGE('',*,*,#2530,.T.);
#2532=ORIENTED_EDGE('',*,*,#2506,.T.);
#2534=ORIENTED_EDGE('',*,*,#2533,.T.);
#2536=ORIENTED_EDGE('',*,*,#2535,.F.);
#2537=EDGE_LOOP('',(#2531,#2532,#2534,#2536));
#2538=FACE_OUTER_BOUND('',#2537,.F.);
#2540=CARTESIAN_POINT('',(1.7075625E0,0.E0,3.25E-1));
#2541=DIRECTION('',(0.E0,1.E0,0.E0));
#2542=DIRECTION('',(-1.E0,0.E0,0.E0));
#2543=AXIS2_PLACEMENT_3D('',#2540,#2541,#2542);
#2544=CYLINDRICAL_SURFACE('',#2543,2.575625E-1);
#2545=ORIENTED_EDGE('',*,*,#2516,.F.);
#2547=ORIENTED_EDGE('',*,*,#2546,.T.);
#2549=ORIENTED_EDGE('',*,*,#2548,.T.);
#2551=ORIENTED_EDGE('',*,*,#2550,.T.);
#2552=EDGE_LOOP('',(#2545,#2547,#2549,#2551));
#2553=FACE_OUTER_BOUND('',#2552,.F.);
#2555=CARTESIAN_POINT('',(1.7075625E0,0.E0,3.25E-1));
#2556=DIRECTION('',(0.E0,1.E0,0.E0));
#2557=DIRECTION('',(-1.E0,0.E0,0.E0));
#2558=AXIS2_PLACEMENT_3D('',#2555,#2556,#2557);
#2559=CYLINDRICAL_SURFACE('',#2558,2.575625E-1);
#2560=ORIENTED_EDGE('',*,*,#2508,.F.);
#2561=ORIENTED_EDGE('',*,*,#2530,.F.);
#2563=ORIENTED_EDGE('',*,*,#2562,.T.);
#2565=ORIENTED_EDGE('',*,*,#2564,.F.);
#2566=EDGE_LOOP('',(#2560,#2561,#2563,#2565));
#2567=FACE_OUTER_BOUND('',#2566,.F.);
#2569=CARTESIAN_POINT('',(1.6015E0,0.E0,1.725E-1));
#2570=DIRECTION('',(0.E0,0.E0,1.E0));
#2571=DIRECTION('',(1.E0,0.E0,0.E0));
#2572=AXIS2_PLACEMENT_3D('',#2569,#2570,#2571);
#2573=PLANE('',#2572);
#2575=ORIENTED_EDGE('',*,*,#2574,.F.);
#2576=ORIENTED_EDGE('',*,*,#2546,.F.);
#2577=ORIENTED_EDGE('',*,*,#2514,.T.);
#2579=ORIENTED_EDGE('',*,*,#2578,.T.);
#2580=EDGE_LOOP('',(#2575,#2576,#2577,#2579));
#2581=FACE_OUTER_BOUND('',#2580,.F.);
#2583=CARTESIAN_POINT('',(0.E0,1.E-1,0.E0));
#2584=DIRECTION('',(0.E0,-1.E0,0.E0));
#2585=DIRECTION('',(-1.E0,0.E0,0.E0));
#2586=AXIS2_PLACEMENT_3D('',#2583,#2584,#2585);
#2587=PLANE('',#2586);
#2589=ORIENTED_EDGE('',*,*,#2588,.T.);
#2590=ORIENTED_EDGE('',*,*,#2562,.F.);
#2591=ORIENTED_EDGE('',*,*,#2535,.T.);
#2593=ORIENTED_EDGE('',*,*,#2592,.T.);
#2595=ORIENTED_EDGE('',*,*,#2594,.T.);
#2596=ORIENTED_EDGE('',*,*,#2548,.F.);
#2597=ORIENTED_EDGE('',*,*,#2574,.T.);
#2599=ORIENTED_EDGE('',*,*,#2598,.F.);
#2600=EDGE_LOOP('',(#2589,#2590,#2591,#2593,#2595,#2596,#2597,#2599));
#2601=FACE_OUTER_BOUND('',#2600,.F.);
#2603=CARTESIAN_POINT('',(2.1E0,0.E0,4.775E-1));
#2604=DIRECTION('',(0.E0,0.E0,-1.E0));
#2605=DIRECTION('',(-1.E0,0.E0,0.E0));
#2606=AXIS2_PLACEMENT_3D('',#2603,#2604,#2605);
#2607=PLANE('',#2606);
#2608=ORIENTED_EDGE('',*,*,#2510,.T.);
#2609=ORIENTED_EDGE('',*,*,#2564,.T.);
#2610=ORIENTED_EDGE('',*,*,#2588,.F.);
#2612=ORIENTED_EDGE('',*,*,#2611,.F.);
#2613=EDGE_LOOP('',(#2608,#2609,#2610,#2612));
#2614=FACE_OUTER_BOUND('',#2613,.F.);
#2616=CARTESIAN_POINT('',(2.E0,0.E0,-2.E0));
#2617=DIRECTION('',(-1.E0,0.E0,0.E0));
#2618=DIRECTION('',(0.E0,0.E0,1.E0));
#2619=AXIS2_PLACEMENT_3D('',#2616,#2617,#2618);
#2620=PLANE('',#2619);
#2621=ORIENTED_EDGE('',*,*,#2512,.F.);
#2622=ORIENTED_EDGE('',*,*,#2611,.T.);
#2623=ORIENTED_EDGE('',*,*,#2598,.T.);
#2624=ORIENTED_EDGE('',*,*,#2578,.F.);
#2625=EDGE_LOOP('',(#2621,#2622,#2623,#2624));
#2626=FACE_OUTER_BOUND('',#2625,.F.);
#2628=FILL_AREA_STYLE_COLOUR('',#29);
#2629=FILL_AREA_STYLE('',(#2628));
#2630=SURFACE_STYLE_FILL_AREA(#2629);
#2631=SURFACE_SIDE_STYLE('',(#2630));
#2632=SURFACE_STYLE_USAGE(.POSITIVE.,#2631);
#2633=PRESENTATION_STYLE_ASSIGNMENT((#2632));
#2634=OVER_RIDING_STYLED_ITEM('',(#2633),#2627,#2292);
#2635=CARTESIAN_POINT('',(1.45E0,0.E0,3.26E-1));
#2636=DIRECTION('',(1.E0,0.E0,0.E0));
#2637=DIRECTION('',(0.E0,0.E0,-1.E0));
#2638=AXIS2_PLACEMENT_3D('',#2635,#2636,#2637);
#2639=PLANE('',#2638);
#2640=ORIENTED_EDGE('',*,*,#2520,.T.);
#2642=ORIENTED_EDGE('',*,*,#2641,.T.);
#2643=ORIENTED_EDGE('',*,*,#2592,.F.);
#2644=ORIENTED_EDGE('',*,*,#2533,.F.);
#2645=EDGE_LOOP('',(#2640,#2642,#2643,#2644));
#2646=FACE_OUTER_BOUND('',#2645,.F.);
#2648=CARTESIAN_POINT('',(1.6015E0,0.E0,3.24E-1));
#2649=DIRECTION('',(0.E0,-1.E0,0.E0));
#2650=DIRECTION('',(-1.E0,0.E0,0.E0));
#2651=AXIS2_PLACEMENT_3D('',#2648,#2649,#2650);
#2652=CYLINDRICAL_SURFACE('',#2651,1.515E-1);
#2653=ORIENTED_EDGE('',*,*,#2550,.F.);
#2654=ORIENTED_EDGE('',*,*,#2594,.F.);
#2655=ORIENTED_EDGE('',*,*,#2641,.F.);
#2656=ORIENTED_EDGE('',*,*,#2518,.T.);
#2657=EDGE_LOOP('',(#2653,#2654,#2655,#2656));
#2658=FACE_OUTER_BOUND('',#2657,.F.);
#2660=CLOSED_SHELL('',(#2524,#2539,#2554,#2568,#2582,#2602,#2615,#2627,#2647,
#2659));
#2661=MANIFOLD_SOLID_BREP('',#2660);
#2662=FILL_AREA_STYLE_COLOUR('',#28);
#2663=FILL_AREA_STYLE('',(#2662));
#2664=SURFACE_STYLE_FILL_AREA(#2663);
#2665=SURFACE_SIDE_STYLE('',(#2664));
#2666=SURFACE_STYLE_USAGE(.POSITIVE.,#2665);
#2667=PRESENTATION_STYLE_ASSIGNMENT((#2666));
#2292=STYLED_ITEM('',(#2667),#2661);
#2669=CARTESIAN_POINT('',(1.6015E0,0.E0,9.76E-1));
#2670=DIRECTION('',(0.E0,-1.E0,0.E0));
#2671=DIRECTION('',(-9.997641022842E-1,0.E0,2.171957144667E-2));
#2672=AXIS2_PLACEMENT_3D('',#2669,#2670,#2671);
#2674=CURVE_STYLE('',#36,POSITIVE_LENGTH_MEASURE(2.E-2),#28);
#2675=PRESENTATION_STYLE_ASSIGNMENT((#2674));
#2676=STYLED_ITEM('',(#2675),#2673);
#2677=CARTESIAN_POINT('',(1.7075625E0,0.E0,9.75E-1));
#2678=DIRECTION('',(0.E0,1.E0,0.E0));
#2679=DIRECTION('',(-9.998612433722E-1,0.E0,1.665815122221E-2));
#2680=AXIS2_PLACEMENT_3D('',#2677,#2678,#2679);
#2682=CURVE_STYLE('',#36,POSITIVE_LENGTH_MEASURE(2.E-2),#28);
#2683=PRESENTATION_STYLE_ASSIGNMENT((#2682));
#2684=STYLED_ITEM('',(#2683),#2681);
#2685=DIRECTION('',(0.E0,0.E0,-1.E0));
#2686=VECTOR('',#2685,3.05E-1);
#2687=CARTESIAN_POINT('',(2.E0,0.E0,1.1275E0));
#2688=LINE('',#2687,#2686);
#2689=CURVE_STYLE('',#36,POSITIVE_LENGTH_MEASURE(2.E-2),#28);
#2690=PRESENTATION_STYLE_ASSIGNMENT((#2689));
#2691=STYLED_ITEM('',(#2690),#2688);
#2692=CARTESIAN_POINT('',(1.7075625E0,0.E0,9.75E-1));
#2693=DIRECTION('',(0.E0,1.E0,0.E0));
#2694=DIRECTION('',(-8.058723610774E-1,0.E0,-5.920892987139E-1));
#2695=AXIS2_PLACEMENT_3D('',#2692,#2693,#2694);
#2697=CURVE_STYLE('',#36,POSITIVE_LENGTH_MEASURE(2.E-2),#28);
#2698=PRESENTATION_STYLE_ASSIGNMENT((#2697));
#2699=STYLED_ITEM('',(#2698),#2696);
#2700=CARTESIAN_POINT('',(1.6015E0,0.E0,9.74E-1));
#2701=DIRECTION('',(0.E0,-1.E0,0.E0));
#2702=DIRECTION('',(-1.E0,0.E0,0.E0));
#2703=AXIS2_PLACEMENT_3D('',#2700,#2701,#2702);
#2705=CURVE_STYLE('',#36,POSITIVE_LENGTH_MEASURE(2.E-2),#28);
#2706=PRESENTATION_STYLE_ASSIGNMENT((#2705));
#2707=STYLED_ITEM('',(#2706),#2704);
#2708=DIRECTION('',(0.E0,0.E0,-1.E0));
#2709=VECTOR('',#2708,2.E-3);
#2710=CARTESIAN_POINT('',(1.45E0,0.E0,9.76E-1));
#2711=LINE('',#2710,#2709);
#2712=CURVE_STYLE('',#36,POSITIVE_LENGTH_MEASURE(2.E-2),#28);
#2713=PRESENTATION_STYLE_ASSIGNMENT((#2712));
#2714=STYLED_ITEM('',(#2713),#2711);
#2715=DIRECTION('',(0.E0,-1.E0,5.995204332976E-14));
#2716=VECTOR('',#2715,1.E-1);
#2717=CARTESIAN_POINT('',(1.450035738504E0,1.E-1,9.792905150742E-1));
#2718=LINE('',#2717,#2716);
#2719=CURVE_STYLE('',#36,POSITIVE_LENGTH_MEASURE(2.E-2),#28);
#2720=PRESENTATION_STYLE_ASSIGNMENT((#2719));
#2721=STYLED_ITEM('',(#2720),#2718);
#2722=DIRECTION('',(0.E0,1.E0,0.E0));
#2723=VECTOR('',#2722,1.E-1);
#2724=CARTESIAN_POINT('',(1.5E0,0.E0,8.225E-1));
#2725=LINE('',#2724,#2723);
#2726=CURVE_STYLE('',#36,POSITIVE_LENGTH_MEASURE(2.E-2),#28);
#2727=PRESENTATION_STYLE_ASSIGNMENT((#2726));
#2728=STYLED_ITEM('',(#2727),#2725);
#2729=DIRECTION('',(1.E0,0.E0,0.E0));
#2730=VECTOR('',#2729,5.E-1);
#2731=CARTESIAN_POINT('',(1.5E0,0.E0,8.225E-1));
#2732=LINE('',#2731,#2730);
#2733=CURVE_STYLE('',#36,POSITIVE_LENGTH_MEASURE(2.E-2),#28);
#2734=PRESENTATION_STYLE_ASSIGNMENT((#2733));
#2735=STYLED_ITEM('',(#2734),#2732);
#2736=DIRECTION('',(0.E0,1.E0,0.E0));
#2737=VECTOR('',#2736,1.E-1);
#2738=CARTESIAN_POINT('',(2.E0,0.E0,8.225E-1));
#2739=LINE('',#2738,#2737);
#2740=CURVE_STYLE('',#36,POSITIVE_LENGTH_MEASURE(2.E-2),#28);
#2741=PRESENTATION_STYLE_ASSIGNMENT((#2740));
#2742=STYLED_ITEM('',(#2741),#2739);
#2743=DIRECTION('',(-1.E0,0.E0,0.E0));
#2744=VECTOR('',#2743,5.E-1);
#2745=CARTESIAN_POINT('',(2.E0,1.E-1,1.1275E0));
#2746=LINE('',#2745,#2744);
#2747=CURVE_STYLE('',#36,POSITIVE_LENGTH_MEASURE(2.E-2),#28);
#2748=PRESENTATION_STYLE_ASSIGNMENT((#2747));
#2749=STYLED_ITEM('',(#2748),#2746);
#2750=CARTESIAN_POINT('',(1.7075625E0,1.E-1,9.75E-1));
#2751=DIRECTION('',(0.E0,1.E0,0.E0));
#2752=DIRECTION('',(-9.998612433722E-1,0.E0,1.665815122214E-2));
#2753=AXIS2_PLACEMENT_3D('',#2750,#2751,#2752);
#2755=CURVE_STYLE('',#36,POSITIVE_LENGTH_MEASURE(2.E-2),#28);
#2756=PRESENTATION_STYLE_ASSIGNMENT((#2755));
#2757=STYLED_ITEM('',(#2756),#2754);
#2758=CARTESIAN_POINT('',(1.6015E0,1.E-1,9.76E-1));
#2759=DIRECTION('',(0.E0,-1.E0,0.E0));
#2760=DIRECTION('',(-9.997641022842E-1,0.E0,2.171957144656E-2));
#2761=AXIS2_PLACEMENT_3D('',#2758,#2759,#2760);
#2763=CURVE_STYLE('',#36,POSITIVE_LENGTH_MEASURE(2.E-2),#28);
#2764=PRESENTATION_STYLE_ASSIGNMENT((#2763));
#2765=STYLED_ITEM('',(#2764),#2762);
#2766=DIRECTION('',(-1.110223024625E-13,0.E0,-1.E0));
#2767=VECTOR('',#2766,2.E-3);
#2768=CARTESIAN_POINT('',(1.45E0,1.E-1,9.76E-1));
#2769=LINE('',#2768,#2767);
#2770=CURVE_STYLE('',#36,POSITIVE_LENGTH_MEASURE(2.E-2),#28);
#2771=PRESENTATION_STYLE_ASSIGNMENT((#2770));
#2772=STYLED_ITEM('',(#2771),#2769);
#2773=CARTESIAN_POINT('',(1.6015E0,1.E-1,9.74E-1));
#2774=DIRECTION('',(0.E0,-1.E0,0.E0));
#2775=DIRECTION('',(-1.E0,0.E0,0.E0));
#2776=AXIS2_PLACEMENT_3D('',#2773,#2774,#2775);
#2778=CURVE_STYLE('',#36,POSITIVE_LENGTH_MEASURE(2.E-2),#28);
#2779=PRESENTATION_STYLE_ASSIGNMENT((#2778));
#2780=STYLED_ITEM('',(#2779),#2777);
#2781=CARTESIAN_POINT('',(1.7075625E0,1.E-1,9.75E-1));
#2782=DIRECTION('',(0.E0,1.E0,0.E0));
#2783=DIRECTION('',(-8.058723610774E-1,0.E0,-5.920892987139E-1));
#2784=AXIS2_PLACEMENT_3D('',#2781,#2782,#2783);
#2786=CURVE_STYLE('',#36,POSITIVE_LENGTH_MEASURE(2.E-2),#28);
#2787=PRESENTATION_STYLE_ASSIGNMENT((#2786));
#2788=STYLED_ITEM('',(#2787),#2785);
#2789=DIRECTION('',(1.E0,0.E0,0.E0));
#2790=VECTOR('',#2789,5.E-1);
#2791=CARTESIAN_POINT('',(1.5E0,1.E-1,8.225E-1));
#2792=LINE('',#2791,#2790);
#2793=CURVE_STYLE('',#36,POSITIVE_LENGTH_MEASURE(2.E-2),#28);
#2794=PRESENTATION_STYLE_ASSIGNMENT((#2793));
#2795=STYLED_ITEM('',(#2794),#2792);
#2796=DIRECTION('',(0.E0,0.E0,-1.E0));
#2797=VECTOR('',#2796,3.05E-1);
#2798=CARTESIAN_POINT('',(2.E0,1.E-1,1.1275E0));
#2799=LINE('',#2798,#2797);
#2800=CURVE_STYLE('',#36,POSITIVE_LENGTH_MEASURE(2.E-2),#28);
#2801=PRESENTATION_STYLE_ASSIGNMENT((#2800));
#2802=STYLED_ITEM('',(#2801),#2799);
#2803=DIRECTION('',(-1.E0,0.E0,0.E0));
#2804=VECTOR('',#2803,5.E-1);
#2805=CARTESIAN_POINT('',(2.E0,0.E0,1.1275E0));
#2806=LINE('',#2805,#2804);
#2807=CURVE_STYLE('',#36,POSITIVE_LENGTH_MEASURE(2.E-2),#28);
#2808=PRESENTATION_STYLE_ASSIGNMENT((#2807));
#2809=STYLED_ITEM('',(#2808),#2806);
#2810=DIRECTION('',(0.E0,1.E0,0.E0));
#2811=VECTOR('',#2810,1.E-1);
#2812=CARTESIAN_POINT('',(1.5E0,0.E0,1.1275E0));
#2813=LINE('',#2812,#2811);
#2814=CURVE_STYLE('',#36,POSITIVE_LENGTH_MEASURE(2.E-2),#28);
#2815=PRESENTATION_STYLE_ASSIGNMENT((#2814));
#2816=STYLED_ITEM('',(#2815),#2813);
#2817=DIRECTION('',(0.E0,1.E0,0.E0));
#2818=VECTOR('',#2817,1.E-1);
#2819=CARTESIAN_POINT('',(2.E0,0.E0,1.1275E0));
#2820=LINE('',#2819,#2818);
#2821=CURVE_STYLE('',#36,POSITIVE_LENGTH_MEASURE(2.E-2),#28);
#2822=PRESENTATION_STYLE_ASSIGNMENT((#2821));
#2823=STYLED_ITEM('',(#2822),#2820);
#2824=DIRECTION('',(0.E0,1.E0,0.E0));
#2825=VECTOR('',#2824,1.E-1);
#2826=CARTESIAN_POINT('',(1.45E0,0.E0,9.76E-1));
#2827=LINE('',#2826,#2825);
#2828=CURVE_STYLE('',#36,POSITIVE_LENGTH_MEASURE(2.E-2),#28);
#2829=PRESENTATION_STYLE_ASSIGNMENT((#2828));
#2830=STYLED_ITEM('',(#2829),#2827);
#2831=DIRECTION('',(0.E0,-1.E0,3.552713678801E-14));
#2832=VECTOR('',#2831,1.E-1);
#2833=CARTESIAN_POINT('',(1.450035738504E0,1.E-1,9.707094849258E-1));
#2834=LINE('',#2833,#2832);
#2835=CURVE_STYLE('',#36,POSITIVE_LENGTH_MEASURE(2.E-2),#28);
#2836=PRESENTATION_STYLE_ASSIGNMENT((#2835));
#2837=STYLED_ITEM('',(#2836),#2834);
#2838=DIRECTION('',(0.E0,1.E0,0.E0));
#2839=VECTOR('',#2838,1.E-1);
#2840=CARTESIAN_POINT('',(1.45E0,0.E0,9.74E-1));
#2841=LINE('',#2840,#2839);
#2842=CURVE_STYLE('',#36,POSITIVE_LENGTH_MEASURE(2.E-2),#28);
#2843=PRESENTATION_STYLE_ASSIGNMENT((#2842));
#2844=STYLED_ITEM('',(#2843),#2841);
#2845=CARTESIAN_POINT('',(1.45E0,0.E0,9.76E-1));
#2846=CARTESIAN_POINT('',(1.45E0,0.E0,9.74E-1));
#2847=VERTEX_POINT('',#2845);
#2848=VERTEX_POINT('',#2846);
#2849=CARTESIAN_POINT('',(1.45E0,1.E-1,9.76E-1));
#2850=CARTESIAN_POINT('',(1.45E0,1.E-1,9.74E-1));
#2851=VERTEX_POINT('',#2849);
#2852=VERTEX_POINT('',#2850);
#2853=CARTESIAN_POINT('',(2.E0,0.E0,1.1275E0));
#2854=CARTESIAN_POINT('',(2.E0,0.E0,8.225E-1));
#2855=VERTEX_POINT('',#2853);
#2856=VERTEX_POINT('',#2854);
#2857=CARTESIAN_POINT('',(2.E0,1.E-1,1.1275E0));
#2858=CARTESIAN_POINT('',(2.E0,1.E-1,8.225E-1));
#2859=VERTEX_POINT('',#2857);
#2860=VERTEX_POINT('',#2858);
#2861=CARTESIAN_POINT('',(1.5E0,0.E0,8.225E-1));
#2862=CARTESIAN_POINT('',(1.5E0,1.E-1,8.225E-1));
#2863=VERTEX_POINT('',#2861);
#2864=VERTEX_POINT('',#2862);
#2865=CARTESIAN_POINT('',(1.5E0,0.E0,1.1275E0));
#2866=CARTESIAN_POINT('',(1.5E0,1.E-1,1.1275E0));
#2867=VERTEX_POINT('',#2865);
#2868=VERTEX_POINT('',#2866);
#2869=CARTESIAN_POINT('',(1.450035738504E0,0.E0,9.707094849259E-1));
#2870=VERTEX_POINT('',#2869);
#2871=CARTESIAN_POINT('',(1.450035738504E0,0.E0,9.792905150742E-1));
#2872=VERTEX_POINT('',#2871);
#2873=CARTESIAN_POINT('',(1.450035738504E0,1.E-1,9.707094849258E-1));
#2874=VERTEX_POINT('',#2873);
#2875=CARTESIAN_POINT('',(1.450035738504E0,1.E-1,9.792905150742E-1));
#2876=VERTEX_POINT('',#2875);
#2877=CARTESIAN_POINT('',(0.E0,0.E0,0.E0));
#2878=DIRECTION('',(0.E0,-1.E0,0.E0));
#2879=DIRECTION('',(-1.E0,0.E0,0.E0));
#2880=AXIS2_PLACEMENT_3D('',#2877,#2878,#2879);
#2881=PLANE('',#2880);
#2883=ORIENTED_EDGE('',*,*,#2882,.F.);
#2885=ORIENTED_EDGE('',*,*,#2884,.T.);
#2887=ORIENTED_EDGE('',*,*,#2886,.F.);
#2889=ORIENTED_EDGE('',*,*,#2888,.T.);
#2891=ORIENTED_EDGE('',*,*,#2890,.F.);
#2893=ORIENTED_EDGE('',*,*,#2892,.T.);
#2895=ORIENTED_EDGE('',*,*,#2894,.F.);
#2897=ORIENTED_EDGE('',*,*,#2896,.F.);
#2898=EDGE_LOOP('',(#2883,#2885,#2887,#2889,#2891,#2893,#2895,#2897));
#2899=FACE_OUTER_BOUND('',#2898,.F.);
#2901=CARTESIAN_POINT('',(1.6015E0,0.E0,9.76E-1));
#2902=DIRECTION('',(0.E0,-1.E0,0.E0));
#2903=DIRECTION('',(-1.E0,0.E0,0.E0));
#2904=AXIS2_PLACEMENT_3D('',#2901,#2902,#2903);
#2905=CYLINDRICAL_SURFACE('',#2904,1.515E-1);
#2907=ORIENTED_EDGE('',*,*,#2906,.T.);
#2908=ORIENTED_EDGE('',*,*,#2882,.T.);
#2910=ORIENTED_EDGE('',*,*,#2909,.T.);
#2912=ORIENTED_EDGE('',*,*,#2911,.F.);
#2913=EDGE_LOOP('',(#2907,#2908,#2910,#2912));
#2914=FACE_OUTER_BOUND('',#2913,.F.);
#2916=CARTESIAN_POINT('',(1.7075625E0,0.E0,9.75E-1));
#2917=DIRECTION('',(0.E0,1.E0,0.E0));
#2918=DIRECTION('',(-1.E0,0.E0,0.E0));
#2919=AXIS2_PLACEMENT_3D('',#2916,#2917,#2918);
#2920=CYLINDRICAL_SURFACE('',#2919,2.575625E-1);
#2921=ORIENTED_EDGE('',*,*,#2892,.F.);
#2923=ORIENTED_EDGE('',*,*,#2922,.T.);
#2925=ORIENTED_EDGE('',*,*,#2924,.T.);
#2927=ORIENTED_EDGE('',*,*,#2926,.T.);
#2928=EDGE_LOOP('',(#2921,#2923,#2925,#2927));
#2929=FACE_OUTER_BOUND('',#2928,.F.);
#2931=CARTESIAN_POINT('',(1.7075625E0,0.E0,9.75E-1));
#2932=DIRECTION('',(0.E0,1.E0,0.E0));
#2933=DIRECTION('',(-1.E0,0.E0,0.E0));
#2934=AXIS2_PLACEMENT_3D('',#2931,#2932,#2933);
#2935=CYLINDRICAL_SURFACE('',#2934,2.575625E-1);
#2936=ORIENTED_EDGE('',*,*,#2884,.F.);
#2937=ORIENTED_EDGE('',*,*,#2906,.F.);
#2939=ORIENTED_EDGE('',*,*,#2938,.T.);
#2941=ORIENTED_EDGE('',*,*,#2940,.F.);
#2942=EDGE_LOOP('',(#2936,#2937,#2939,#2941));
#2943=FACE_OUTER_BOUND('',#2942,.F.);
#2945=CARTESIAN_POINT('',(1.6015E0,0.E0,8.225E-1));
#2946=DIRECTION('',(0.E0,0.E0,1.E0));
#2947=DIRECTION('',(1.E0,0.E0,0.E0));
#2948=AXIS2_PLACEMENT_3D('',#2945,#2946,#2947);
#2949=PLANE('',#2948);
#2951=ORIENTED_EDGE('',*,*,#2950,.F.);
#2952=ORIENTED_EDGE('',*,*,#2922,.F.);
#2953=ORIENTED_EDGE('',*,*,#2890,.T.);
#2955=ORIENTED_EDGE('',*,*,#2954,.T.);
#2956=EDGE_LOOP('',(#2951,#2952,#2953,#2955));
#2957=FACE_OUTER_BOUND('',#2956,.F.);
#2959=CARTESIAN_POINT('',(0.E0,1.E-1,0.E0));
#2960=DIRECTION('',(0.E0,-1.E0,0.E0));
#2961=DIRECTION('',(-1.E0,0.E0,0.E0));
#2962=AXIS2_PLACEMENT_3D('',#2959,#2960,#2961);
#2963=PLANE('',#2962);
#2965=ORIENTED_EDGE('',*,*,#2964,.T.);
#2966=ORIENTED_EDGE('',*,*,#2938,.F.);
#2967=ORIENTED_EDGE('',*,*,#2911,.T.);
#2969=ORIENTED_EDGE('',*,*,#2968,.T.);
#2971=ORIENTED_EDGE('',*,*,#2970,.T.);
#2972=ORIENTED_EDGE('',*,*,#2924,.F.);
#2973=ORIENTED_EDGE('',*,*,#2950,.T.);
#2975=ORIENTED_EDGE('',*,*,#2974,.F.);
#2976=EDGE_LOOP('',(#2965,#2966,#2967,#2969,#2971,#2972,#2973,#2975));
#2977=FACE_OUTER_BOUND('',#2976,.F.);
#2979=CARTESIAN_POINT('',(2.1E0,0.E0,1.1275E0));
#2980=DIRECTION('',(0.E0,0.E0,-1.E0));
#2981=DIRECTION('',(-1.E0,0.E0,0.E0));
#2982=AXIS2_PLACEMENT_3D('',#2979,#2980,#2981);
#2983=PLANE('',#2982);
#2984=ORIENTED_EDGE('',*,*,#2886,.T.);
#2985=ORIENTED_EDGE('',*,*,#2940,.T.);
#2986=ORIENTED_EDGE('',*,*,#2964,.F.);
#2988=ORIENTED_EDGE('',*,*,#2987,.F.);
#2989=EDGE_LOOP('',(#2984,#2985,#2986,#2988));
#2990=FACE_OUTER_BOUND('',#2989,.F.);
#2992=CARTESIAN_POINT('',(2.E0,0.E0,-2.E0));
#2993=DIRECTION('',(-1.E0,0.E0,0.E0));
#2994=DIRECTION('',(0.E0,0.E0,1.E0));
#2995=AXIS2_PLACEMENT_3D('',#2992,#2993,#2994);
#2996=PLANE('',#2995);
#2997=ORIENTED_EDGE('',*,*,#2888,.F.);
#2998=ORIENTED_EDGE('',*,*,#2987,.T.);
#2999=ORIENTED_EDGE('',*,*,#2974,.T.);
#3000=ORIENTED_EDGE('',*,*,#2954,.F.);
#3001=EDGE_LOOP('',(#2997,#2998,#2999,#3000));
#3002=FACE_OUTER_BOUND('',#3001,.F.);
#3004=FILL_AREA_STYLE_COLOUR('',#29);
#3005=FILL_AREA_STYLE('',(#3004));
#3006=SURFACE_STYLE_FILL_AREA(#3005);
#3007=SURFACE_SIDE_STYLE('',(#3006));
#3008=SURFACE_STYLE_USAGE(.POSITIVE.,#3007);
#3009=PRESENTATION_STYLE_ASSIGNMENT((#3008));
#3010=OVER_RIDING_STYLED_ITEM('',(#3009),#3003,#2668);
#3011=CARTESIAN_POINT('',(1.45E0,0.E0,9.76E-1));
#3012=DIRECTION('',(1.E0,0.E0,0.E0));
#3013=DIRECTION('',(0.E0,0.E0,-1.E0));
#3014=AXIS2_PLACEMENT_3D('',#3011,#3012,#3013);
#3015=PLANE('',#3014);
#3016=ORIENTED_EDGE('',*,*,#2896,.T.);
#3018=ORIENTED_EDGE('',*,*,#3017,.T.);
#3019=ORIENTED_EDGE('',*,*,#2968,.F.);
#3020=ORIENTED_EDGE('',*,*,#2909,.F.);
#3021=EDGE_LOOP('',(#3016,#3018,#3019,#3020));
#3022=FACE_OUTER_BOUND('',#3021,.F.);
#3024=CARTESIAN_POINT('',(1.6015E0,0.E0,9.74E-1));
#3025=DIRECTION('',(0.E0,-1.E0,0.E0));
#3026=DIRECTION('',(-1.E0,0.E0,0.E0));
#3027=AXIS2_PLACEMENT_3D('',#3024,#3025,#3026);
#3028=CYLINDRICAL_SURFACE('',#3027,1.515E-1);
#3029=ORIENTED_EDGE('',*,*,#2926,.F.);
#3030=ORIENTED_EDGE('',*,*,#2970,.F.);
#3031=ORIENTED_EDGE('',*,*,#3017,.F.);
#3032=ORIENTED_EDGE('',*,*,#2894,.T.);
#3033=EDGE_LOOP('',(#3029,#3030,#3031,#3032));
#3034=FACE_OUTER_BOUND('',#3033,.F.);
#3036=CLOSED_SHELL('',(#2900,#2915,#2930,#2944,#2958,#2978,#2991,#3003,#3023,
#3035));
#3037=MANIFOLD_SOLID_BREP('',#3036);
#3038=FILL_AREA_STYLE_COLOUR('',#28);
#3039=FILL_AREA_STYLE('',(#3038));
#3040=SURFACE_STYLE_FILL_AREA(#3039);
#3041=SURFACE_SIDE_STYLE('',(#3040));
#3042=SURFACE_STYLE_USAGE(.POSITIVE.,#3041);
#3043=PRESENTATION_STYLE_ASSIGNMENT((#3042));
#2668=STYLED_ITEM('',(#3043),#3037);
#3045=CARTESIAN_POINT('',(-9.74E-1,0.E0,-1.6015E0));
#3046=DIRECTION('',(0.E0,1.E0,0.E0));
#3047=DIRECTION('',(0.E0,0.E0,1.E0));
#3048=AXIS2_PLACEMENT_3D('',#3045,#3046,#3047);
#3050=CURVE_STYLE('',#36,POSITIVE_LENGTH_MEASURE(2.E-2),#28);
#3051=PRESENTATION_STYLE_ASSIGNMENT((#3050));
#3052=STYLED_ITEM('',(#3051),#3049);
#3053=CARTESIAN_POINT('',(-9.75E-1,0.E0,-1.7075625E0));
#3054=DIRECTION('',(0.E0,1.E0,0.E0));
#3055=DIRECTION('',(1.665815122185E-2,0.E0,9.998612433722E-1));
#3056=AXIS2_PLACEMENT_3D('',#3053,#3054,#3055);
#3058=CURVE_STYLE('',#36,POSITIVE_LENGTH_MEASURE(2.E-2),#28);
#3059=PRESENTATION_STYLE_ASSIGNMENT((#3058));
#3060=STYLED_ITEM('',(#3059),#3057);
#3061=DIRECTION('',(1.E0,0.E0,0.E0));
#3062=VECTOR('',#3061,3.05E-1);
#3063=CARTESIAN_POINT('',(-1.1275E0,0.E0,-2.E0));
#3064=LINE('',#3063,#3062);
#3065=CURVE_STYLE('',#36,POSITIVE_LENGTH_MEASURE(2.E-2),#28);
#3066=PRESENTATION_STYLE_ASSIGNMENT((#3065));
#3067=STYLED_ITEM('',(#3066),#3064);
#3068=CARTESIAN_POINT('',(-9.75E-1,0.E0,-1.7075625E0));
#3069=DIRECTION('',(0.E0,1.E0,0.E0));
#3070=DIRECTION('',(-5.920892987139E-1,0.E0,8.058723610774E-1));
#3071=AXIS2_PLACEMENT_3D('',#3068,#3069,#3070);
#3073=CURVE_STYLE('',#36,POSITIVE_LENGTH_MEASURE(2.E-2),#28);
#3074=PRESENTATION_STYLE_ASSIGNMENT((#3073));
#3075=STYLED_ITEM('',(#3074),#3072);
#3076=CARTESIAN_POINT('',(-9.76E-1,0.E0,-1.6015E0));
#3077=DIRECTION('',(0.E0,1.E0,0.E0));
#3078=DIRECTION('',(-2.171957144605E-2,0.E0,9.997641022842E-1));
#3079=AXIS2_PLACEMENT_3D('',#3076,#3077,#3078);
#3081=CURVE_STYLE('',#36,POSITIVE_LENGTH_MEASURE(2.E-2),#28);
#3082=PRESENTATION_STYLE_ASSIGNMENT((#3081));
#3083=STYLED_ITEM('',(#3082),#3080);
#3084=DIRECTION('',(1.E0,0.E0,1.110223024625E-13));
#3085=VECTOR('',#3084,2.E-3);
#3086=CARTESIAN_POINT('',(-9.76E-1,0.E0,-1.45E0));
#3087=LINE('',#3086,#3085);
#3088=CURVE_STYLE('',#36,POSITIVE_LENGTH_MEASURE(2.E-2),#28);
#3089=PRESENTATION_STYLE_ASSIGNMENT((#3088));
#3090=STYLED_ITEM('',(#3089),#3087);
#3091=DIRECTION('',(5.440092820663E-14,1.E0,0.E0));
#3092=VECTOR('',#3091,1.E-1);
#3093=CARTESIAN_POINT('',(-9.707094849259E-1,0.E0,-1.450035738504E0));
#3094=LINE('',#3093,#3092);
#3095=CURVE_STYLE('',#36,POSITIVE_LENGTH_MEASURE(2.E-2),#28);
#3096=PRESENTATION_STYLE_ASSIGNMENT((#3095));
#3097=STYLED_ITEM('',(#3096),#3094);
#3098=DIRECTION('',(0.E0,1.E0,0.E0));
#3099=VECTOR('',#3098,1.E-1);
#3100=CARTESIAN_POINT('',(-9.74E-1,0.E0,-1.45E0));
#3101=LINE('',#3100,#3099);
#3102=CURVE_STYLE('',#36,POSITIVE_LENGTH_MEASURE(2.E-2),#28);
#3103=PRESENTATION_STYLE_ASSIGNMENT((#3102));
#3104=STYLED_ITEM('',(#3103),#3101);
#3105=DIRECTION('',(0.E0,1.E0,0.E0));
#3106=VECTOR('',#3105,1.E-1);
#3107=CARTESIAN_POINT('',(-1.1275E0,0.E0,-1.5E0));
#3108=LINE('',#3107,#3106);
#3109=CURVE_STYLE('',#36,POSITIVE_LENGTH_MEASURE(2.E-2),#28);
#3110=PRESENTATION_STYLE_ASSIGNMENT((#3109));
#3111=STYLED_ITEM('',(#3110),#3108);
#3112=DIRECTION('',(0.E0,0.E0,-1.E0));
#3113=VECTOR('',#3112,5.E-1);
#3114=CARTESIAN_POINT('',(-1.1275E0,0.E0,-1.5E0));
#3115=LINE('',#3114,#3113);
#3116=CURVE_STYLE('',#36,POSITIVE_LENGTH_MEASURE(2.E-2),#28);
#3117=PRESENTATION_STYLE_ASSIGNMENT((#3116));
#3118=STYLED_ITEM('',(#3117),#3115);
#3119=DIRECTION('',(0.E0,1.E0,0.E0));
#3120=VECTOR('',#3119,1.E-1);
#3121=CARTESIAN_POINT('',(-1.1275E0,0.E0,-2.E0));
#3122=LINE('',#3121,#3120);
#3123=CURVE_STYLE('',#36,POSITIVE_LENGTH_MEASURE(2.E-2),#28);
#3124=PRESENTATION_STYLE_ASSIGNMENT((#3123));
#3125=STYLED_ITEM('',(#3124),#3122);
#3126=DIRECTION('',(0.E0,0.E0,1.E0));
#3127=VECTOR('',#3126,5.E-1);
#3128=CARTESIAN_POINT('',(-8.225E-1,1.E-1,-2.E0));
#3129=LINE('',#3128,#3127);
#3130=CURVE_STYLE('',#36,POSITIVE_LENGTH_MEASURE(2.E-2),#28);
#3131=PRESENTATION_STYLE_ASSIGNMENT((#3130));
#3132=STYLED_ITEM('',(#3131),#3129);
#3133=CARTESIAN_POINT('',(-9.75E-1,1.E-1,-1.7075625E0));
#3134=DIRECTION('',(0.E0,1.E0,0.E0));
#3135=DIRECTION('',(1.665815122191E-2,0.E0,9.998612433722E-1));
#3136=AXIS2_PLACEMENT_3D('',#3133,#3134,#3135);
#3138=CURVE_STYLE('',#36,POSITIVE_LENGTH_MEASURE(2.E-2),#28);
#3139=PRESENTATION_STYLE_ASSIGNMENT((#3138));
#3140=STYLED_ITEM('',(#3139),#3137);
#3141=CARTESIAN_POINT('',(-9.74E-1,1.E-1,-1.6015E0));
#3142=DIRECTION('',(0.E0,1.E0,0.E0));
#3143=DIRECTION('',(0.E0,0.E0,1.E0));
#3144=AXIS2_PLACEMENT_3D('',#3141,#3142,#3143);
#3146=CURVE_STYLE('',#36,POSITIVE_LENGTH_MEASURE(2.E-2),#28);
#3147=PRESENTATION_STYLE_ASSIGNMENT((#3146));
#3148=STYLED_ITEM('',(#3147),#3145);
#3149=DIRECTION('',(1.E0,0.E0,0.E0));
#3150=VECTOR('',#3149,2.E-3);
#3151=CARTESIAN_POINT('',(-9.76E-1,1.E-1,-1.45E0));
#3152=LINE('',#3151,#3150);
#3153=CURVE_STYLE('',#36,POSITIVE_LENGTH_MEASURE(2.E-2),#28);
#3154=PRESENTATION_STYLE_ASSIGNMENT((#3153));
#3155=STYLED_ITEM('',(#3154),#3152);
#3156=CARTESIAN_POINT('',(-9.76E-1,1.E-1,-1.6015E0));
#3157=DIRECTION('',(0.E0,1.E0,0.E0));
#3158=DIRECTION('',(-2.171957144617E-2,0.E0,9.997641022842E-1));
#3159=AXIS2_PLACEMENT_3D('',#3156,#3157,#3158);
#3161=CURVE_STYLE('',#36,POSITIVE_LENGTH_MEASURE(2.E-2),#28);
#3162=PRESENTATION_STYLE_ASSIGNMENT((#3161));
#3163=STYLED_ITEM('',(#3162),#3160);
#3164=CARTESIAN_POINT('',(-9.75E-1,1.E-1,-1.7075625E0));
#3165=DIRECTION('',(0.E0,1.E0,0.E0));
#3166=DIRECTION('',(-5.920892987139E-1,0.E0,8.058723610774E-1));
#3167=AXIS2_PLACEMENT_3D('',#3164,#3165,#3166);
#3169=CURVE_STYLE('',#36,POSITIVE_LENGTH_MEASURE(2.E-2),#28);
#3170=PRESENTATION_STYLE_ASSIGNMENT((#3169));
#3171=STYLED_ITEM('',(#3170),#3168);
#3172=DIRECTION('',(0.E0,0.E0,-1.E0));
#3173=VECTOR('',#3172,5.E-1);
#3174=CARTESIAN_POINT('',(-1.1275E0,1.E-1,-1.5E0));
#3175=LINE('',#3174,#3173);
#3176=CURVE_STYLE('',#36,POSITIVE_LENGTH_MEASURE(2.E-2),#28);
#3177=PRESENTATION_STYLE_ASSIGNMENT((#3176));
#3178=STYLED_ITEM('',(#3177),#3175);
#3179=DIRECTION('',(1.E0,0.E0,0.E0));
#3180=VECTOR('',#3179,3.05E-1);
#3181=CARTESIAN_POINT('',(-1.1275E0,1.E-1,-2.E0));
#3182=LINE('',#3181,#3180);
#3183=CURVE_STYLE('',#36,POSITIVE_LENGTH_MEASURE(2.E-2),#28);
#3184=PRESENTATION_STYLE_ASSIGNMENT((#3183));
#3185=STYLED_ITEM('',(#3184),#3182);
#3186=DIRECTION('',(0.E0,0.E0,1.E0));
#3187=VECTOR('',#3186,5.E-1);
#3188=CARTESIAN_POINT('',(-8.225E-1,0.E0,-2.E0));
#3189=LINE('',#3188,#3187);
#3190=CURVE_STYLE('',#36,POSITIVE_LENGTH_MEASURE(2.E-2),#28);
#3191=PRESENTATION_STYLE_ASSIGNMENT((#3190));
#3192=STYLED_ITEM('',(#3191),#3189);
#3193=DIRECTION('',(0.E0,1.E0,0.E0));
#3194=VECTOR('',#3193,1.E-1);
#3195=CARTESIAN_POINT('',(-8.225E-1,0.E0,-1.5E0));
#3196=LINE('',#3195,#3194);
#3197=CURVE_STYLE('',#36,POSITIVE_LENGTH_MEASURE(2.E-2),#28);
#3198=PRESENTATION_STYLE_ASSIGNMENT((#3197));
#3199=STYLED_ITEM('',(#3198),#3196);
#3200=DIRECTION('',(0.E0,1.E0,0.E0));
#3201=VECTOR('',#3200,1.E-1);
#3202=CARTESIAN_POINT('',(-8.225E-1,0.E0,-2.E0));
#3203=LINE('',#3202,#3201);
#3204=CURVE_STYLE('',#36,POSITIVE_LENGTH_MEASURE(2.E-2),#28);
#3205=PRESENTATION_STYLE_ASSIGNMENT((#3204));
#3206=STYLED_ITEM('',(#3205),#3203);
#3207=DIRECTION('',(0.E0,1.E0,0.E0));
#3208=VECTOR('',#3207,1.E-1);
#3209=CARTESIAN_POINT('',(-9.76E-1,0.E0,-1.45E0));
#3210=LINE('',#3209,#3208);
#3211=CURVE_STYLE('',#36,POSITIVE_LENGTH_MEASURE(2.E-2),#28);
#3212=PRESENTATION_STYLE_ASSIGNMENT((#3211));
#3213=STYLED_ITEM('',(#3212),#3210);
#3214=DIRECTION('',(-5.995204332976E-14,1.E0,0.E0));
#3215=VECTOR('',#3214,1.E-1);
#3216=CARTESIAN_POINT('',(-9.792905150741E-1,0.E0,-1.450035738504E0));
#3217=LINE('',#3216,#3215);
#3218=CURVE_STYLE('',#36,POSITIVE_LENGTH_MEASURE(2.E-2),#28);
#3219=PRESENTATION_STYLE_ASSIGNMENT((#3218));
#3220=STYLED_ITEM('',(#3219),#3217);
#3221=CARTESIAN_POINT('',(-9.76E-1,0.E0,-1.45E0));
#3222=CARTESIAN_POINT('',(-9.74E-1,0.E0,-1.45E0));
#3223=VERTEX_POINT('',#3221);
#3224=VERTEX_POINT('',#3222);
#3225=CARTESIAN_POINT('',(-9.76E-1,1.E-1,-1.45E0));
#3226=CARTESIAN_POINT('',(-9.74E-1,1.E-1,-1.45E0));
#3227=VERTEX_POINT('',#3225);
#3228=VERTEX_POINT('',#3226);
#3229=CARTESIAN_POINT('',(-1.1275E0,0.E0,-2.E0));
#3230=CARTESIAN_POINT('',(-8.225E-1,0.E0,-2.E0));
#3231=VERTEX_POINT('',#3229);
#3232=VERTEX_POINT('',#3230);
#3233=CARTESIAN_POINT('',(-1.1275E0,1.E-1,-2.E0));
#3234=VERTEX_POINT('',#3233);
#3235=CARTESIAN_POINT('',(-8.225E-1,1.E-1,-2.E0));
#3236=VERTEX_POINT('',#3235);
#3237=CARTESIAN_POINT('',(-1.1275E0,0.E0,-1.5E0));
#3238=CARTESIAN_POINT('',(-1.1275E0,1.E-1,-1.5E0));
#3239=VERTEX_POINT('',#3237);
#3240=VERTEX_POINT('',#3238);
#3241=CARTESIAN_POINT('',(-8.225E-1,0.E0,-1.5E0));
#3242=CARTESIAN_POINT('',(-8.225E-1,1.E-1,-1.5E0));
#3243=VERTEX_POINT('',#3241);
#3244=VERTEX_POINT('',#3242);
#3245=CARTESIAN_POINT('',(-9.792905150741E-1,0.E0,-1.450035738504E0));
#3246=VERTEX_POINT('',#3245);
#3247=CARTESIAN_POINT('',(-9.707094849259E-1,0.E0,-1.450035738504E0));
#3248=VERTEX_POINT('',#3247);
#3249=CARTESIAN_POINT('',(-9.792905150741E-1,1.E-1,-1.450035738504E0));
#3250=VERTEX_POINT('',#3249);
#3251=CARTESIAN_POINT('',(-9.707094849259E-1,1.E-1,-1.450035738504E0));
#3252=VERTEX_POINT('',#3251);
#3253=CARTESIAN_POINT('',(0.E0,0.E0,0.E0));
#3254=DIRECTION('',(0.E0,1.E0,0.E0));
#3255=DIRECTION('',(1.E0,0.E0,0.E0));
#3256=AXIS2_PLACEMENT_3D('',#3253,#3254,#3255);
#3257=PLANE('',#3256);
#3259=ORIENTED_EDGE('',*,*,#3258,.T.);
#3261=ORIENTED_EDGE('',*,*,#3260,.T.);
#3263=ORIENTED_EDGE('',*,*,#3262,.F.);
#3265=ORIENTED_EDGE('',*,*,#3264,.F.);
#3267=ORIENTED_EDGE('',*,*,#3266,.F.);
#3269=ORIENTED_EDGE('',*,*,#3268,.T.);
#3271=ORIENTED_EDGE('',*,*,#3270,.T.);
#3273=ORIENTED_EDGE('',*,*,#3272,.T.);
#3274=EDGE_LOOP('',(#3259,#3261,#3263,#3265,#3267,#3269,#3271,#3273));
#3275=FACE_OUTER_BOUND('',#3274,.F.);
#3277=CARTESIAN_POINT('',(-9.74E-1,0.E0,-1.6015E0));
#3278=DIRECTION('',(0.E0,1.E0,0.E0));
#3279=DIRECTION('',(1.E0,0.E0,0.E0));
#3280=AXIS2_PLACEMENT_3D('',#3277,#3278,#3279);
#3281=CYLINDRICAL_SURFACE('',#3280,1.515E-1);
#3283=ORIENTED_EDGE('',*,*,#3282,.F.);
#3284=ORIENTED_EDGE('',*,*,#3258,.F.);
#3286=ORIENTED_EDGE('',*,*,#3285,.T.);
#3288=ORIENTED_EDGE('',*,*,#3287,.T.);
#3289=EDGE_LOOP('',(#3283,#3284,#3286,#3288));
#3290=FACE_OUTER_BOUND('',#3289,.F.);
#3292=CARTESIAN_POINT('',(-9.75E-1,0.E0,-1.7075625E0));
#3293=DIRECTION('',(0.E0,1.E0,0.E0));
#3294=DIRECTION('',(0.E0,0.E0,1.E0));
#3295=AXIS2_PLACEMENT_3D('',#3292,#3293,#3294);
#3296=CYLINDRICAL_SURFACE('',#3295,2.575625E-1);
#3297=ORIENTED_EDGE('',*,*,#3268,.F.);
#3299=ORIENTED_EDGE('',*,*,#3298,.T.);
#3301=ORIENTED_EDGE('',*,*,#3300,.T.);
#3303=ORIENTED_EDGE('',*,*,#3302,.F.);
#3304=EDGE_LOOP('',(#3297,#3299,#3301,#3303));
#3305=FACE_OUTER_BOUND('',#3304,.F.);
#3307=CARTESIAN_POINT('',(-9.75E-1,0.E0,-1.7075625E0));
#3308=DIRECTION('',(0.E0,1.E0,0.E0));
#3309=DIRECTION('',(0.E0,0.E0,1.E0));
#3310=AXIS2_PLACEMENT_3D('',#3307,#3308,#3309);
#3311=CYLINDRICAL_SURFACE('',#3310,2.575625E-1);
#3312=ORIENTED_EDGE('',*,*,#3260,.F.);
#3313=ORIENTED_EDGE('',*,*,#3282,.T.);
#3315=ORIENTED_EDGE('',*,*,#3314,.T.);
#3317=ORIENTED_EDGE('',*,*,#3316,.F.);
#3318=EDGE_LOOP('',(#3312,#3313,#3315,#3317));
#3319=FACE_OUTER_BOUND('',#3318,.F.);
#3321=CARTESIAN_POINT('',(-1.1275E0,0.E0,-2.1E0));
#3322=DIRECTION('',(-1.E0,0.E0,0.E0));
#3323=DIRECTION('',(0.E0,0.E0,1.E0));
#3324=AXIS2_PLACEMENT_3D('',#3321,#3322,#3323);
#3325=PLANE('',#3324);
#3327=ORIENTED_EDGE('',*,*,#3326,.F.);
#3328=ORIENTED_EDGE('',*,*,#3298,.F.);
#3329=ORIENTED_EDGE('',*,*,#3266,.T.);
#3331=ORIENTED_EDGE('',*,*,#3330,.T.);
#3332=EDGE_LOOP('',(#3327,#3328,#3329,#3331));
#3333=FACE_OUTER_BOUND('',#3332,.F.);
#3335=CARTESIAN_POINT('',(0.E0,1.E-1,0.E0));
#3336=DIRECTION('',(0.E0,1.E0,0.E0));
#3337=DIRECTION('',(1.E0,0.E0,0.E0));
#3338=AXIS2_PLACEMENT_3D('',#3335,#3336,#3337);
#3339=PLANE('',#3338);
#3341=ORIENTED_EDGE('',*,*,#3340,.T.);
#3342=ORIENTED_EDGE('',*,*,#3314,.F.);
#3343=ORIENTED_EDGE('',*,*,#3287,.F.);
#3345=ORIENTED_EDGE('',*,*,#3344,.F.);
#3347=ORIENTED_EDGE('',*,*,#3346,.F.);
#3348=ORIENTED_EDGE('',*,*,#3300,.F.);
#3349=ORIENTED_EDGE('',*,*,#3326,.T.);
#3351=ORIENTED_EDGE('',*,*,#3350,.T.);
#3352=EDGE_LOOP('',(#3341,#3342,#3343,#3345,#3347,#3348,#3349,#3351));
#3353=FACE_OUTER_BOUND('',#3352,.F.);
#3355=CARTESIAN_POINT('',(-8.225E-1,0.E0,-1.6015E0));
#3356=DIRECTION('',(1.E0,0.E0,0.E0));
#3357=DIRECTION('',(0.E0,0.E0,-1.E0));
#3358=AXIS2_PLACEMENT_3D('',#3355,#3356,#3357);
#3359=PLANE('',#3358);
#3360=ORIENTED_EDGE('',*,*,#3262,.T.);
#3361=ORIENTED_EDGE('',*,*,#3316,.T.);
#3362=ORIENTED_EDGE('',*,*,#3340,.F.);
#3364=ORIENTED_EDGE('',*,*,#3363,.F.);
#3365=EDGE_LOOP('',(#3360,#3361,#3362,#3364));
#3366=FACE_OUTER_BOUND('',#3365,.F.);
#3368=CARTESIAN_POINT('',(-2.E0,0.E0,-2.E0));
#3369=DIRECTION('',(0.E0,0.E0,1.E0));
#3370=DIRECTION('',(1.E0,0.E0,0.E0));
#3371=AXIS2_PLACEMENT_3D('',#3368,#3369,#3370);
#3372=PLANE('',#3371);
#3373=ORIENTED_EDGE('',*,*,#3264,.T.);
#3374=ORIENTED_EDGE('',*,*,#3363,.T.);
#3375=ORIENTED_EDGE('',*,*,#3350,.F.);
#3376=ORIENTED_EDGE('',*,*,#3330,.F.);
#3377=EDGE_LOOP('',(#3373,#3374,#3375,#3376));
#3378=FACE_OUTER_BOUND('',#3377,.F.);
#3380=FILL_AREA_STYLE_COLOUR('',#29);
#3381=FILL_AREA_STYLE('',(#3380));
#3382=SURFACE_STYLE_FILL_AREA(#3381);
#3383=SURFACE_SIDE_STYLE('',(#3382));
#3384=SURFACE_STYLE_USAGE(.POSITIVE.,#3383);
#3385=PRESENTATION_STYLE_ASSIGNMENT((#3384));
#3386=OVER_RIDING_STYLED_ITEM('',(#3385),#3379,#3044);
#3387=CARTESIAN_POINT('',(-9.76E-1,0.E0,-1.45E0));
#3388=DIRECTION('',(0.E0,0.E0,1.E0));
#3389=DIRECTION('',(1.E0,0.E0,0.E0));
#3390=AXIS2_PLACEMENT_3D('',#3387,#3388,#3389);
#3391=PLANE('',#3390);
#3392=ORIENTED_EDGE('',*,*,#3272,.F.);
#3394=ORIENTED_EDGE('',*,*,#3393,.T.);
#3395=ORIENTED_EDGE('',*,*,#3344,.T.);
#3396=ORIENTED_EDGE('',*,*,#3285,.F.);
#3397=EDGE_LOOP('',(#3392,#3394,#3395,#3396));
#3398=FACE_OUTER_BOUND('',#3397,.F.);
#3400=CARTESIAN_POINT('',(-9.76E-1,0.E0,-1.6015E0));
#3401=DIRECTION('',(0.E0,1.E0,0.E0));
#3402=DIRECTION('',(1.E0,0.E0,0.E0));
#3403=AXIS2_PLACEMENT_3D('',#3400,#3401,#3402);
#3404=CYLINDRICAL_SURFACE('',#3403,1.515E-1);
#3405=ORIENTED_EDGE('',*,*,#3302,.T.);
#3406=ORIENTED_EDGE('',*,*,#3346,.T.);
#3407=ORIENTED_EDGE('',*,*,#3393,.F.);
#3408=ORIENTED_EDGE('',*,*,#3270,.F.);
#3409=EDGE_LOOP('',(#3405,#3406,#3407,#3408));
#3410=FACE_OUTER_BOUND('',#3409,.F.);
#3412=CLOSED_SHELL('',(#3276,#3291,#3306,#3320,#3334,#3354,#3367,#3379,#3399,
#3411));
#3413=MANIFOLD_SOLID_BREP('',#3412);
#3414=FILL_AREA_STYLE_COLOUR('',#28);
#3415=FILL_AREA_STYLE('',(#3414));
#3416=SURFACE_STYLE_FILL_AREA(#3415);
#3417=SURFACE_SIDE_STYLE('',(#3416));
#3418=SURFACE_STYLE_USAGE(.POSITIVE.,#3417);
#3419=PRESENTATION_STYLE_ASSIGNMENT((#3418));
#3044=STYLED_ITEM('',(#3419),#3413);
#3421=CARTESIAN_POINT('',(-3.24E-1,0.E0,-1.6015E0));
#3422=DIRECTION('',(0.E0,1.E0,0.E0));
#3423=DIRECTION('',(0.E0,0.E0,1.E0));
#3424=AXIS2_PLACEMENT_3D('',#3421,#3422,#3423);
#3426=CURVE_STYLE('',#36,POSITIVE_LENGTH_MEASURE(2.E-2),#28);
#3427=PRESENTATION_STYLE_ASSIGNMENT((#3426));
#3428=STYLED_ITEM('',(#3427),#3425);
#3429=CARTESIAN_POINT('',(-3.25E-1,0.E0,-1.7075625E0));
#3430=DIRECTION('',(0.E0,1.E0,0.E0));
#3431=DIRECTION('',(1.665815122202E-2,0.E0,9.998612433722E-1));
#3432=AXIS2_PLACEMENT_3D('',#3429,#3430,#3431);
#3434=CURVE_STYLE('',#36,POSITIVE_LENGTH_MEASURE(2.E-2),#28);
#3435=PRESENTATION_STYLE_ASSIGNMENT((#3434));
#3436=STYLED_ITEM('',(#3435),#3433);
#3437=DIRECTION('',(1.E0,0.E0,0.E0));
#3438=VECTOR('',#3437,3.05E-1);
#3439=CARTESIAN_POINT('',(-4.775E-1,0.E0,-2.E0));
#3440=LINE('',#3439,#3438);
#3441=CURVE_STYLE('',#36,POSITIVE_LENGTH_MEASURE(2.E-2),#28);
#3442=PRESENTATION_STYLE_ASSIGNMENT((#3441));
#3443=STYLED_ITEM('',(#3442),#3440);
#3444=CARTESIAN_POINT('',(-3.25E-1,0.E0,-1.7075625E0));
#3445=DIRECTION('',(0.E0,1.E0,0.E0));
#3446=DIRECTION('',(-5.920892987139E-1,0.E0,8.058723610774E-1));
#3447=AXIS2_PLACEMENT_3D('',#3444,#3445,#3446);
#3449=CURVE_STYLE('',#36,POSITIVE_LENGTH_MEASURE(2.E-2),#28);
#3450=PRESENTATION_STYLE_ASSIGNMENT((#3449));
#3451=STYLED_ITEM('',(#3450),#3448);
#3452=CARTESIAN_POINT('',(-3.26E-1,0.E0,-1.6015E0));
#3453=DIRECTION('',(0.E0,1.E0,0.E0));
#3454=DIRECTION('',(-2.171957144636E-2,0.E0,9.997641022842E-1));
#3455=AXIS2_PLACEMENT_3D('',#3452,#3453,#3454);
#3457=CURVE_STYLE('',#36,POSITIVE_LENGTH_MEASURE(2.E-2),#28);
#3458=PRESENTATION_STYLE_ASSIGNMENT((#3457));
#3459=STYLED_ITEM('',(#3458),#3456);
#3460=DIRECTION('',(1.E0,0.E0,1.110223024625E-13));
#3461=VECTOR('',#3460,2.E-3);
#3462=CARTESIAN_POINT('',(-3.26E-1,0.E0,-1.45E0));
#3463=LINE('',#3462,#3461);
#3464=CURVE_STYLE('',#36,POSITIVE_LENGTH_MEASURE(2.E-2),#28);
#3465=PRESENTATION_STYLE_ASSIGNMENT((#3464));
#3466=STYLED_ITEM('',(#3465),#3463);
#3467=DIRECTION('',(3.885780586188E-14,1.E0,0.E0));
#3468=VECTOR('',#3467,1.E-1);
#3469=CARTESIAN_POINT('',(-3.207094849259E-1,0.E0,-1.450035738504E0));
#3470=LINE('',#3469,#3468);
#3471=CURVE_STYLE('',#36,POSITIVE_LENGTH_MEASURE(2.E-2),#28);
#3472=PRESENTATION_STYLE_ASSIGNMENT((#3471));
#3473=STYLED_ITEM('',(#3472),#3470);
#3474=DIRECTION('',(0.E0,1.E0,0.E0));
#3475=VECTOR('',#3474,1.E-1);
#3476=CARTESIAN_POINT('',(-3.24E-1,0.E0,-1.45E0));
#3477=LINE('',#3476,#3475);
#3478=CURVE_STYLE('',#36,POSITIVE_LENGTH_MEASURE(2.E-2),#28);
#3479=PRESENTATION_STYLE_ASSIGNMENT((#3478));
#3480=STYLED_ITEM('',(#3479),#3477);
#3481=DIRECTION('',(0.E0,1.E0,0.E0));
#3482=VECTOR('',#3481,1.E-1);
#3483=CARTESIAN_POINT('',(-4.775E-1,0.E0,-1.5E0));
#3484=LINE('',#3483,#3482);
#3485=CURVE_STYLE('',#36,POSITIVE_LENGTH_MEASURE(2.E-2),#28);
#3486=PRESENTATION_STYLE_ASSIGNMENT((#3485));
#3487=STYLED_ITEM('',(#3486),#3484);
#3488=DIRECTION('',(0.E0,0.E0,-1.E0));
#3489=VECTOR('',#3488,5.E-1);
#3490=CARTESIAN_POINT('',(-4.775E-1,0.E0,-1.5E0));
#3491=LINE('',#3490,#3489);
#3492=CURVE_STYLE('',#36,POSITIVE_LENGTH_MEASURE(2.E-2),#28);
#3493=PRESENTATION_STYLE_ASSIGNMENT((#3492));
#3494=STYLED_ITEM('',(#3493),#3491);
#3495=DIRECTION('',(0.E0,1.E0,0.E0));
#3496=VECTOR('',#3495,1.E-1);
#3497=CARTESIAN_POINT('',(-4.775E-1,0.E0,-2.E0));
#3498=LINE('',#3497,#3496);
#3499=CURVE_STYLE('',#36,POSITIVE_LENGTH_MEASURE(2.E-2),#28);
#3500=PRESENTATION_STYLE_ASSIGNMENT((#3499));
#3501=STYLED_ITEM('',(#3500),#3498);
#3502=DIRECTION('',(0.E0,0.E0,1.E0));
#3503=VECTOR('',#3502,5.E-1);
#3504=CARTESIAN_POINT('',(-1.725E-1,1.E-1,-2.E0));
#3505=LINE('',#3504,#3503);
#3506=CURVE_STYLE('',#36,POSITIVE_LENGTH_MEASURE(2.E-2),#28);
#3507=PRESENTATION_STYLE_ASSIGNMENT((#3506));
#3508=STYLED_ITEM('',(#3507),#3505);
#3509=CARTESIAN_POINT('',(-3.25E-1,1.E-1,-1.7075625E0));
#3510=DIRECTION('',(0.E0,1.E0,0.E0));
#3511=DIRECTION('',(1.665815122207E-2,0.E0,9.998612433722E-1));
#3512=AXIS2_PLACEMENT_3D('',#3509,#3510,#3511);
#3514=CURVE_STYLE('',#36,POSITIVE_LENGTH_MEASURE(2.E-2),#28);
#3515=PRESENTATION_STYLE_ASSIGNMENT((#3514));
#3516=STYLED_ITEM('',(#3515),#3513);
#3517=CARTESIAN_POINT('',(-3.24E-1,1.E-1,-1.6015E0));
#3518=DIRECTION('',(0.E0,1.E0,0.E0));
#3519=DIRECTION('',(0.E0,0.E0,1.E0));
#3520=AXIS2_PLACEMENT_3D('',#3517,#3518,#3519);
#3522=CURVE_STYLE('',#36,POSITIVE_LENGTH_MEASURE(2.E-2),#28);
#3523=PRESENTATION_STYLE_ASSIGNMENT((#3522));
#3524=STYLED_ITEM('',(#3523),#3521);
#3525=DIRECTION('',(1.E0,0.E0,0.E0));
#3526=VECTOR('',#3525,2.E-3);
#3527=CARTESIAN_POINT('',(-3.26E-1,1.E-1,-1.45E0));
#3528=LINE('',#3527,#3526);
#3529=CURVE_STYLE('',#36,POSITIVE_LENGTH_MEASURE(2.E-2),#28);
#3530=PRESENTATION_STYLE_ASSIGNMENT((#3529));
#3531=STYLED_ITEM('',(#3530),#3528);
#3532=CARTESIAN_POINT('',(-3.26E-1,1.E-1,-1.6015E0));
#3533=DIRECTION('',(0.E0,1.E0,0.E0));
#3534=DIRECTION('',(-2.171957144644E-2,0.E0,9.997641022842E-1));
#3535=AXIS2_PLACEMENT_3D('',#3532,#3533,#3534);
#3537=CURVE_STYLE('',#36,POSITIVE_LENGTH_MEASURE(2.E-2),#28);
#3538=PRESENTATION_STYLE_ASSIGNMENT((#3537));
#3539=STYLED_ITEM('',(#3538),#3536);
#3540=CARTESIAN_POINT('',(-3.25E-1,1.E-1,-1.7075625E0));
#3541=DIRECTION('',(0.E0,1.E0,0.E0));
#3542=DIRECTION('',(-5.920892987139E-1,0.E0,8.058723610774E-1));
#3543=AXIS2_PLACEMENT_3D('',#3540,#3541,#3542);
#3545=CURVE_STYLE('',#36,POSITIVE_LENGTH_MEASURE(2.E-2),#28);
#3546=PRESENTATION_STYLE_ASSIGNMENT((#3545));
#3547=STYLED_ITEM('',(#3546),#3544);
#3548=DIRECTION('',(0.E0,0.E0,-1.E0));
#3549=VECTOR('',#3548,5.E-1);
#3550=CARTESIAN_POINT('',(-4.775E-1,1.E-1,-1.5E0));
#3551=LINE('',#3550,#3549);
#3552=CURVE_STYLE('',#36,POSITIVE_LENGTH_MEASURE(2.E-2),#28);
#3553=PRESENTATION_STYLE_ASSIGNMENT((#3552));
#3554=STYLED_ITEM('',(#3553),#3551);
#3555=DIRECTION('',(1.E0,0.E0,0.E0));
#3556=VECTOR('',#3555,3.05E-1);
#3557=CARTESIAN_POINT('',(-4.775E-1,1.E-1,-2.E0));
#3558=LINE('',#3557,#3556);
#3559=CURVE_STYLE('',#36,POSITIVE_LENGTH_MEASURE(2.E-2),#28);
#3560=PRESENTATION_STYLE_ASSIGNMENT((#3559));
#3561=STYLED_ITEM('',(#3560),#3558);
#3562=DIRECTION('',(0.E0,0.E0,1.E0));
#3563=VECTOR('',#3562,5.E-1);
#3564=CARTESIAN_POINT('',(-1.725E-1,0.E0,-2.E0));
#3565=LINE('',#3564,#3563);
#3566=CURVE_STYLE('',#36,POSITIVE_LENGTH_MEASURE(2.E-2),#28);
#3567=PRESENTATION_STYLE_ASSIGNMENT((#3566));
#3568=STYLED_ITEM('',(#3567),#3565);
#3569=DIRECTION('',(0.E0,1.E0,0.E0));
#3570=VECTOR('',#3569,1.E-1);
#3571=CARTESIAN_POINT('',(-1.725E-1,0.E0,-1.5E0));
#3572=LINE('',#3571,#3570);
#3573=CURVE_STYLE('',#36,POSITIVE_LENGTH_MEASURE(2.E-2),#28);
#3574=PRESENTATION_STYLE_ASSIGNMENT((#3573));
#3575=STYLED_ITEM('',(#3574),#3572);
#3576=DIRECTION('',(0.E0,1.E0,0.E0));
#3577=VECTOR('',#3576,1.E-1);
#3578=CARTESIAN_POINT('',(-1.725E-1,0.E0,-2.E0));
#3579=LINE('',#3578,#3577);
#3580=CURVE_STYLE('',#36,POSITIVE_LENGTH_MEASURE(2.E-2),#28);
#3581=PRESENTATION_STYLE_ASSIGNMENT((#3580));
#3582=STYLED_ITEM('',(#3581),#3579);
#3583=DIRECTION('',(0.E0,1.E0,0.E0));
#3584=VECTOR('',#3583,1.E-1);
#3585=CARTESIAN_POINT('',(-3.26E-1,0.E0,-1.45E0));
#3586=LINE('',#3585,#3584);
#3587=CURVE_STYLE('',#36,POSITIVE_LENGTH_MEASURE(2.E-2),#28);
#3588=PRESENTATION_STYLE_ASSIGNMENT((#3587));
#3589=STYLED_ITEM('',(#3588),#3586);
#3590=DIRECTION('',(-3.996802888651E-14,1.E0,0.E0));
#3591=VECTOR('',#3590,1.E-1);
#3592=CARTESIAN_POINT('',(-3.292905150741E-1,0.E0,-1.450035738504E0));
#3593=LINE('',#3592,#3591);
#3594=CURVE_STYLE('',#36,POSITIVE_LENGTH_MEASURE(2.E-2),#28);
#3595=PRESENTATION_STYLE_ASSIGNMENT((#3594));
#3596=STYLED_ITEM('',(#3595),#3593);
#3597=CARTESIAN_POINT('',(-3.26E-1,0.E0,-1.45E0));
#3598=CARTESIAN_POINT('',(-3.24E-1,0.E0,-1.45E0));
#3599=VERTEX_POINT('',#3597);
#3600=VERTEX_POINT('',#3598);
#3601=CARTESIAN_POINT('',(-3.26E-1,1.E-1,-1.45E0));
#3602=CARTESIAN_POINT('',(-3.24E-1,1.E-1,-1.45E0));
#3603=VERTEX_POINT('',#3601);
#3604=VERTEX_POINT('',#3602);
#3605=CARTESIAN_POINT('',(-4.775E-1,0.E0,-2.E0));
#3606=CARTESIAN_POINT('',(-1.725E-1,0.E0,-2.E0));
#3607=VERTEX_POINT('',#3605);
#3608=VERTEX_POINT('',#3606);
#3609=CARTESIAN_POINT('',(-4.775E-1,1.E-1,-2.E0));
#3610=VERTEX_POINT('',#3609);
#3611=CARTESIAN_POINT('',(-1.725E-1,1.E-1,-2.E0));
#3612=VERTEX_POINT('',#3611);
#3613=CARTESIAN_POINT('',(-4.775E-1,0.E0,-1.5E0));
#3614=CARTESIAN_POINT('',(-4.775E-1,1.E-1,-1.5E0));
#3615=VERTEX_POINT('',#3613);
#3616=VERTEX_POINT('',#3614);
#3617=CARTESIAN_POINT('',(-1.725E-1,0.E0,-1.5E0));
#3618=CARTESIAN_POINT('',(-1.725E-1,1.E-1,-1.5E0));
#3619=VERTEX_POINT('',#3617);
#3620=VERTEX_POINT('',#3618);
#3621=CARTESIAN_POINT('',(-3.292905150741E-1,0.E0,-1.450035738504E0));
#3622=VERTEX_POINT('',#3621);
#3623=CARTESIAN_POINT('',(-3.207094849259E-1,0.E0,-1.450035738504E0));
#3624=VERTEX_POINT('',#3623);
#3625=CARTESIAN_POINT('',(-3.292905150741E-1,1.E-1,-1.450035738504E0));
#3626=VERTEX_POINT('',#3625);
#3627=CARTESIAN_POINT('',(-3.207094849259E-1,1.E-1,-1.450035738504E0));
#3628=VERTEX_POINT('',#3627);
#3629=CARTESIAN_POINT('',(0.E0,0.E0,0.E0));
#3630=DIRECTION('',(0.E0,1.E0,0.E0));
#3631=DIRECTION('',(1.E0,0.E0,0.E0));
#3632=AXIS2_PLACEMENT_3D('',#3629,#3630,#3631);
#3633=PLANE('',#3632);
#3635=ORIENTED_EDGE('',*,*,#3634,.T.);
#3637=ORIENTED_EDGE('',*,*,#3636,.T.);
#3639=ORIENTED_EDGE('',*,*,#3638,.F.);
#3641=ORIENTED_EDGE('',*,*,#3640,.F.);
#3643=ORIENTED_EDGE('',*,*,#3642,.F.);
#3645=ORIENTED_EDGE('',*,*,#3644,.T.);
#3647=ORIENTED_EDGE('',*,*,#3646,.T.);
#3649=ORIENTED_EDGE('',*,*,#3648,.T.);
#3650=EDGE_LOOP('',(#3635,#3637,#3639,#3641,#3643,#3645,#3647,#3649));
#3651=FACE_OUTER_BOUND('',#3650,.F.);
#3653=CARTESIAN_POINT('',(-3.24E-1,0.E0,-1.6015E0));
#3654=DIRECTION('',(0.E0,1.E0,0.E0));
#3655=DIRECTION('',(1.E0,0.E0,0.E0));
#3656=AXIS2_PLACEMENT_3D('',#3653,#3654,#3655);
#3657=CYLINDRICAL_SURFACE('',#3656,1.515E-1);
#3659=ORIENTED_EDGE('',*,*,#3658,.F.);
#3660=ORIENTED_EDGE('',*,*,#3634,.F.);
#3662=ORIENTED_EDGE('',*,*,#3661,.T.);
#3664=ORIENTED_EDGE('',*,*,#3663,.T.);
#3665=EDGE_LOOP('',(#3659,#3660,#3662,#3664));
#3666=FACE_OUTER_BOUND('',#3665,.F.);
#3668=CARTESIAN_POINT('',(-3.25E-1,0.E0,-1.7075625E0));
#3669=DIRECTION('',(0.E0,1.E0,0.E0));
#3670=DIRECTION('',(0.E0,0.E0,1.E0));
#3671=AXIS2_PLACEMENT_3D('',#3668,#3669,#3670);
#3672=CYLINDRICAL_SURFACE('',#3671,2.575625E-1);
#3673=ORIENTED_EDGE('',*,*,#3644,.F.);
#3675=ORIENTED_EDGE('',*,*,#3674,.T.);
#3677=ORIENTED_EDGE('',*,*,#3676,.T.);
#3679=ORIENTED_EDGE('',*,*,#3678,.F.);
#3680=EDGE_LOOP('',(#3673,#3675,#3677,#3679));
#3681=FACE_OUTER_BOUND('',#3680,.F.);
#3683=CARTESIAN_POINT('',(-3.25E-1,0.E0,-1.7075625E0));
#3684=DIRECTION('',(0.E0,1.E0,0.E0));
#3685=DIRECTION('',(0.E0,0.E0,1.E0));
#3686=AXIS2_PLACEMENT_3D('',#3683,#3684,#3685);
#3687=CYLINDRICAL_SURFACE('',#3686,2.575625E-1);
#3688=ORIENTED_EDGE('',*,*,#3636,.F.);
#3689=ORIENTED_EDGE('',*,*,#3658,.T.);
#3691=ORIENTED_EDGE('',*,*,#3690,.T.);
#3693=ORIENTED_EDGE('',*,*,#3692,.F.);
#3694=EDGE_LOOP('',(#3688,#3689,#3691,#3693));
#3695=FACE_OUTER_BOUND('',#3694,.F.);
#3697=CARTESIAN_POINT('',(-4.775E-1,0.E0,-2.1E0));
#3698=DIRECTION('',(-1.E0,0.E0,0.E0));
#3699=DIRECTION('',(0.E0,0.E0,1.E0));
#3700=AXIS2_PLACEMENT_3D('',#3697,#3698,#3699);
#3701=PLANE('',#3700);
#3703=ORIENTED_EDGE('',*,*,#3702,.F.);
#3704=ORIENTED_EDGE('',*,*,#3674,.F.);
#3705=ORIENTED_EDGE('',*,*,#3642,.T.);
#3707=ORIENTED_EDGE('',*,*,#3706,.T.);
#3708=EDGE_LOOP('',(#3703,#3704,#3705,#3707));
#3709=FACE_OUTER_BOUND('',#3708,.F.);
#3711=CARTESIAN_POINT('',(0.E0,1.E-1,0.E0));
#3712=DIRECTION('',(0.E0,1.E0,0.E0));
#3713=DIRECTION('',(1.E0,0.E0,0.E0));
#3714=AXIS2_PLACEMENT_3D('',#3711,#3712,#3713);
#3715=PLANE('',#3714);
#3717=ORIENTED_EDGE('',*,*,#3716,.T.);
#3718=ORIENTED_EDGE('',*,*,#3690,.F.);
#3719=ORIENTED_EDGE('',*,*,#3663,.F.);
#3721=ORIENTED_EDGE('',*,*,#3720,.F.);
#3723=ORIENTED_EDGE('',*,*,#3722,.F.);
#3724=ORIENTED_EDGE('',*,*,#3676,.F.);
#3725=ORIENTED_EDGE('',*,*,#3702,.T.);
#3727=ORIENTED_EDGE('',*,*,#3726,.T.);
#3728=EDGE_LOOP('',(#3717,#3718,#3719,#3721,#3723,#3724,#3725,#3727));
#3729=FACE_OUTER_BOUND('',#3728,.F.);
#3731=CARTESIAN_POINT('',(-1.725E-1,0.E0,-1.6015E0));
#3732=DIRECTION('',(1.E0,0.E0,0.E0));
#3733=DIRECTION('',(0.E0,0.E0,-1.E0));
#3734=AXIS2_PLACEMENT_3D('',#3731,#3732,#3733);
#3735=PLANE('',#3734);
#3736=ORIENTED_EDGE('',*,*,#3638,.T.);
#3737=ORIENTED_EDGE('',*,*,#3692,.T.);
#3738=ORIENTED_EDGE('',*,*,#3716,.F.);
#3740=ORIENTED_EDGE('',*,*,#3739,.F.);
#3741=EDGE_LOOP('',(#3736,#3737,#3738,#3740));
#3742=FACE_OUTER_BOUND('',#3741,.F.);
#3744=CARTESIAN_POINT('',(-2.E0,0.E0,-2.E0));
#3745=DIRECTION('',(0.E0,0.E0,1.E0));
#3746=DIRECTION('',(1.E0,0.E0,0.E0));
#3747=AXIS2_PLACEMENT_3D('',#3744,#3745,#3746);
#3748=PLANE('',#3747);
#3749=ORIENTED_EDGE('',*,*,#3640,.T.);
#3750=ORIENTED_EDGE('',*,*,#3739,.T.);
#3751=ORIENTED_EDGE('',*,*,#3726,.F.);
#3752=ORIENTED_EDGE('',*,*,#3706,.F.);
#3753=EDGE_LOOP('',(#3749,#3750,#3751,#3752));
#3754=FACE_OUTER_BOUND('',#3753,.F.);
#3756=FILL_AREA_STYLE_COLOUR('',#29);
#3757=FILL_AREA_STYLE('',(#3756));
#3758=SURFACE_STYLE_FILL_AREA(#3757);
#3759=SURFACE_SIDE_STYLE('',(#3758));
#3760=SURFACE_STYLE_USAGE(.POSITIVE.,#3759);
#3761=PRESENTATION_STYLE_ASSIGNMENT((#3760));
#3762=OVER_RIDING_STYLED_ITEM('',(#3761),#3755,#3420);
#3763=CARTESIAN_POINT('',(-3.26E-1,0.E0,-1.45E0));
#3764=DIRECTION('',(0.E0,0.E0,1.E0));
#3765=DIRECTION('',(1.E0,0.E0,0.E0));
#3766=AXIS2_PLACEMENT_3D('',#3763,#3764,#3765);
#3767=PLANE('',#3766);
#3768=ORIENTED_EDGE('',*,*,#3648,.F.);
#3770=ORIENTED_EDGE('',*,*,#3769,.T.);
#3771=ORIENTED_EDGE('',*,*,#3720,.T.);
#3772=ORIENTED_EDGE('',*,*,#3661,.F.);
#3773=EDGE_LOOP('',(#3768,#3770,#3771,#3772));
#3774=FACE_OUTER_BOUND('',#3773,.F.);
#3776=CARTESIAN_POINT('',(-3.26E-1,0.E0,-1.6015E0));
#3777=DIRECTION('',(0.E0,1.E0,0.E0));
#3778=DIRECTION('',(1.E0,0.E0,0.E0));
#3779=AXIS2_PLACEMENT_3D('',#3776,#3777,#3778);
#3780=CYLINDRICAL_SURFACE('',#3779,1.515E-1);
#3781=ORIENTED_EDGE('',*,*,#3678,.T.);
#3782=ORIENTED_EDGE('',*,*,#3722,.T.);
#3783=ORIENTED_EDGE('',*,*,#3769,.F.);
#3784=ORIENTED_EDGE('',*,*,#3646,.F.);
#3785=EDGE_LOOP('',(#3781,#3782,#3783,#3784));
#3786=FACE_OUTER_BOUND('',#3785,.F.);
#3788=CLOSED_SHELL('',(#3652,#3667,#3682,#3696,#3710,#3730,#3743,#3755,#3775,
#3787));
#3789=MANIFOLD_SOLID_BREP('',#3788);
#3790=FILL_AREA_STYLE_COLOUR('',#28);
#3791=FILL_AREA_STYLE('',(#3790));
#3792=SURFACE_STYLE_FILL_AREA(#3791);
#3793=SURFACE_SIDE_STYLE('',(#3792));
#3794=SURFACE_STYLE_USAGE(.POSITIVE.,#3793);
#3795=PRESENTATION_STYLE_ASSIGNMENT((#3794));
#3420=STYLED_ITEM('',(#3795),#3789);
#3797=CARTESIAN_POINT('',(3.26E-1,0.E0,-1.6015E0));
#3798=DIRECTION('',(0.E0,1.E0,0.E0));
#3799=DIRECTION('',(0.E0,0.E0,1.E0));
#3800=AXIS2_PLACEMENT_3D('',#3797,#3798,#3799);
#3802=CURVE_STYLE('',#36,POSITIVE_LENGTH_MEASURE(2.E-2),#28);
#3803=PRESENTATION_STYLE_ASSIGNMENT((#3802));
#3804=STYLED_ITEM('',(#3803),#3801);
#3805=CARTESIAN_POINT('',(3.25E-1,0.E0,-1.7075625E0));
#3806=DIRECTION('',(0.E0,1.E0,0.E0));
#3807=DIRECTION('',(1.665815122201E-2,0.E0,9.998612433722E-1));
#3808=AXIS2_PLACEMENT_3D('',#3805,#3806,#3807);
#3810=CURVE_STYLE('',#36,POSITIVE_LENGTH_MEASURE(2.E-2),#28);
#3811=PRESENTATION_STYLE_ASSIGNMENT((#3810));
#3812=STYLED_ITEM('',(#3811),#3809);
#3813=DIRECTION('',(1.E0,0.E0,0.E0));
#3814=VECTOR('',#3813,3.05E-1);
#3815=CARTESIAN_POINT('',(1.725E-1,0.E0,-2.E0));
#3816=LINE('',#3815,#3814);
#3817=CURVE_STYLE('',#36,POSITIVE_LENGTH_MEASURE(2.E-2),#28);
#3818=PRESENTATION_STYLE_ASSIGNMENT((#3817));
#3819=STYLED_ITEM('',(#3818),#3816);
#3820=CARTESIAN_POINT('',(3.25E-1,0.E0,-1.7075625E0));
#3821=DIRECTION('',(0.E0,1.E0,0.E0));
#3822=DIRECTION('',(-5.920892987139E-1,0.E0,8.058723610774E-1));
#3823=AXIS2_PLACEMENT_3D('',#3820,#3821,#3822);
#3825=CURVE_STYLE('',#36,POSITIVE_LENGTH_MEASURE(2.E-2),#28);
#3826=PRESENTATION_STYLE_ASSIGNMENT((#3825));
#3827=STYLED_ITEM('',(#3826),#3824);
#3828=CARTESIAN_POINT('',(3.24E-1,0.E0,-1.6015E0));
#3829=DIRECTION('',(0.E0,1.E0,0.E0));
#3830=DIRECTION('',(-2.171957144636E-2,0.E0,9.997641022842E-1));
#3831=AXIS2_PLACEMENT_3D('',#3828,#3829,#3830);
#3833=CURVE_STYLE('',#36,POSITIVE_LENGTH_MEASURE(2.E-2),#28);
#3834=PRESENTATION_STYLE_ASSIGNMENT((#3833));
#3835=STYLED_ITEM('',(#3834),#3832);
#3836=DIRECTION('',(1.E0,0.E0,1.110223024625E-13));
#3837=VECTOR('',#3836,2.E-3);
#3838=CARTESIAN_POINT('',(3.24E-1,0.E0,-1.45E0));
#3839=LINE('',#3838,#3837);
#3840=CURVE_STYLE('',#36,POSITIVE_LENGTH_MEASURE(2.E-2),#28);
#3841=PRESENTATION_STYLE_ASSIGNMENT((#3840));
#3842=STYLED_ITEM('',(#3841),#3839);
#3843=DIRECTION('',(5.495603971895E-14,1.E0,0.E0));
#3844=VECTOR('',#3843,1.E-1);
#3845=CARTESIAN_POINT('',(3.292905150741E-1,0.E0,-1.450035738504E0));
#3846=LINE('',#3845,#3844);
#3847=CURVE_STYLE('',#36,POSITIVE_LENGTH_MEASURE(2.E-2),#28);
#3848=PRESENTATION_STYLE_ASSIGNMENT((#3847));
#3849=STYLED_ITEM('',(#3848),#3846);
#3850=DIRECTION('',(0.E0,1.E0,0.E0));
#3851=VECTOR('',#3850,1.E-1);
#3852=CARTESIAN_POINT('',(3.26E-1,0.E0,-1.45E0));
#3853=LINE('',#3852,#3851);
#3854=CURVE_STYLE('',#36,POSITIVE_LENGTH_MEASURE(2.E-2),#28);
#3855=PRESENTATION_STYLE_ASSIGNMENT((#3854));
#3856=STYLED_ITEM('',(#3855),#3853);
#3857=DIRECTION('',(0.E0,1.E0,0.E0));
#3858=VECTOR('',#3857,1.E-1);
#3859=CARTESIAN_POINT('',(1.725E-1,0.E0,-1.5E0));
#3860=LINE('',#3859,#3858);
#3861=CURVE_STYLE('',#36,POSITIVE_LENGTH_MEASURE(2.E-2),#28);
#3862=PRESENTATION_STYLE_ASSIGNMENT((#3861));
#3863=STYLED_ITEM('',(#3862),#3860);
#3864=DIRECTION('',(0.E0,0.E0,-1.E0));
#3865=VECTOR('',#3864,5.E-1);
#3866=CARTESIAN_POINT('',(1.725E-1,0.E0,-1.5E0));
#3867=LINE('',#3866,#3865);
#3868=CURVE_STYLE('',#36,POSITIVE_LENGTH_MEASURE(2.E-2),#28);
#3869=PRESENTATION_STYLE_ASSIGNMENT((#3868));
#3870=STYLED_ITEM('',(#3869),#3867);
#3871=DIRECTION('',(0.E0,1.E0,0.E0));
#3872=VECTOR('',#3871,1.E-1);
#3873=CARTESIAN_POINT('',(1.725E-1,0.E0,-2.E0));
#3874=LINE('',#3873,#3872);
#3875=CURVE_STYLE('',#36,POSITIVE_LENGTH_MEASURE(2.E-2),#28);
#3876=PRESENTATION_STYLE_ASSIGNMENT((#3875));
#3877=STYLED_ITEM('',(#3876),#3874);
#3878=DIRECTION('',(0.E0,0.E0,1.E0));
#3879=VECTOR('',#3878,5.E-1);
#3880=CARTESIAN_POINT('',(4.775E-1,1.E-1,-2.E0));
#3881=LINE('',#3880,#3879);
#3882=CURVE_STYLE('',#36,POSITIVE_LENGTH_MEASURE(2.E-2),#28);
#3883=PRESENTATION_STYLE_ASSIGNMENT((#3882));
#3884=STYLED_ITEM('',(#3883),#3881);
#3885=CARTESIAN_POINT('',(3.25E-1,1.E-1,-1.7075625E0));
#3886=DIRECTION('',(0.E0,1.E0,0.E0));
#3887=DIRECTION('',(1.665815122207E-2,0.E0,9.998612433722E-1));
#3888=AXIS2_PLACEMENT_3D('',#3885,#3886,#3887);
#3890=CURVE_STYLE('',#36,POSITIVE_LENGTH_MEASURE(2.E-2),#28);
#3891=PRESENTATION_STYLE_ASSIGNMENT((#3890));
#3892=STYLED_ITEM('',(#3891),#3889);
#3893=CARTESIAN_POINT('',(3.26E-1,1.E-1,-1.6015E0));
#3894=DIRECTION('',(0.E0,1.E0,0.E0));
#3895=DIRECTION('',(0.E0,0.E0,1.E0));
#3896=AXIS2_PLACEMENT_3D('',#3893,#3894,#3895);
#3898=CURVE_STYLE('',#36,POSITIVE_LENGTH_MEASURE(2.E-2),#28);
#3899=PRESENTATION_STYLE_ASSIGNMENT((#3898));
#3900=STYLED_ITEM('',(#3899),#3897);
#3901=DIRECTION('',(1.E0,0.E0,0.E0));
#3902=VECTOR('',#3901,2.E-3);
#3903=CARTESIAN_POINT('',(3.24E-1,1.E-1,-1.45E0));
#3904=LINE('',#3903,#3902);
#3905=CURVE_STYLE('',#36,POSITIVE_LENGTH_MEASURE(2.E-2),#28);
#3906=PRESENTATION_STYLE_ASSIGNMENT((#3905));
#3907=STYLED_ITEM('',(#3906),#3904);
#3908=CARTESIAN_POINT('',(3.24E-1,1.E-1,-1.6015E0));
#3909=DIRECTION('',(0.E0,1.E0,0.E0));
#3910=DIRECTION('',(-2.171957144630E-2,0.E0,9.997641022842E-1));
#3911=AXIS2_PLACEMENT_3D('',#3908,#3909,#3910);
#3913=CURVE_STYLE('',#36,POSITIVE_LENGTH_MEASURE(2.E-2),#28);
#3914=PRESENTATION_STYLE_ASSIGNMENT((#3913));
#3915=STYLED_ITEM('',(#3914),#3912);
#3916=CARTESIAN_POINT('',(3.25E-1,1.E-1,-1.7075625E0));
#3917=DIRECTION('',(0.E0,1.E0,0.E0));
#3918=DIRECTION('',(-5.920892987139E-1,0.E0,8.058723610774E-1));
#3919=AXIS2_PLACEMENT_3D('',#3916,#3917,#3918);
#3921=CURVE_STYLE('',#36,POSITIVE_LENGTH_MEASURE(2.E-2),#28);
#3922=PRESENTATION_STYLE_ASSIGNMENT((#3921));
#3923=STYLED_ITEM('',(#3922),#3920);
#3924=DIRECTION('',(0.E0,0.E0,-1.E0));
#3925=VECTOR('',#3924,5.E-1);
#3926=CARTESIAN_POINT('',(1.725E-1,1.E-1,-1.5E0));
#3927=LINE('',#3926,#3925);
#3928=CURVE_STYLE('',#36,POSITIVE_LENGTH_MEASURE(2.E-2),#28);
#3929=PRESENTATION_STYLE_ASSIGNMENT((#3928));
#3930=STYLED_ITEM('',(#3929),#3927);
#3931=DIRECTION('',(1.E0,0.E0,0.E0));
#3932=VECTOR('',#3931,3.05E-1);
#3933=CARTESIAN_POINT('',(1.725E-1,1.E-1,-2.E0));
#3934=LINE('',#3933,#3932);
#3935=CURVE_STYLE('',#36,POSITIVE_LENGTH_MEASURE(2.E-2),#28);
#3936=PRESENTATION_STYLE_ASSIGNMENT((#3935));
#3937=STYLED_ITEM('',(#3936),#3934);
#3938=DIRECTION('',(0.E0,0.E0,1.E0));
#3939=VECTOR('',#3938,5.E-1);
#3940=CARTESIAN_POINT('',(4.775E-1,0.E0,-2.E0));
#3941=LINE('',#3940,#3939);
#3942=CURVE_STYLE('',#36,POSITIVE_LENGTH_MEASURE(2.E-2),#28);
#3943=PRESENTATION_STYLE_ASSIGNMENT((#3942));
#3944=STYLED_ITEM('',(#3943),#3941);
#3945=DIRECTION('',(0.E0,1.E0,0.E0));
#3946=VECTOR('',#3945,1.E-1);
#3947=CARTESIAN_POINT('',(4.775E-1,0.E0,-1.5E0));
#3948=LINE('',#3947,#3946);
#3949=CURVE_STYLE('',#36,POSITIVE_LENGTH_MEASURE(2.E-2),#28);
#3950=PRESENTATION_STYLE_ASSIGNMENT((#3949));
#3951=STYLED_ITEM('',(#3950),#3948);
#3952=DIRECTION('',(0.E0,1.E0,0.E0));
#3953=VECTOR('',#3952,1.E-1);
#3954=CARTESIAN_POINT('',(4.775E-1,0.E0,-2.E0));
#3955=LINE('',#3954,#3953);
#3956=CURVE_STYLE('',#36,POSITIVE_LENGTH_MEASURE(2.E-2),#28);
#3957=PRESENTATION_STYLE_ASSIGNMENT((#3956));
#3958=STYLED_ITEM('',(#3957),#3955);
#3959=DIRECTION('',(0.E0,1.E0,0.E0));
#3960=VECTOR('',#3959,1.E-1);
#3961=CARTESIAN_POINT('',(3.24E-1,0.E0,-1.45E0));
#3962=LINE('',#3961,#3960);
#3963=CURVE_STYLE('',#36,POSITIVE_LENGTH_MEASURE(2.E-2),#28);
#3964=PRESENTATION_STYLE_ASSIGNMENT((#3963));
#3965=STYLED_ITEM('',(#3964),#3962);
#3966=DIRECTION('',(2.942091015257E-14,1.E0,0.E0));
#3967=VECTOR('',#3966,1.E-1);
#3968=CARTESIAN_POINT('',(3.207094849259E-1,0.E0,-1.450035738504E0));
#3969=LINE('',#3968,#3967);
#3970=CURVE_STYLE('',#36,POSITIVE_LENGTH_MEASURE(2.E-2),#28);
#3971=PRESENTATION_STYLE_ASSIGNMENT((#3970));
#3972=STYLED_ITEM('',(#3971),#3969);
#3973=CARTESIAN_POINT('',(3.24E-1,0.E0,-1.45E0));
#3974=CARTESIAN_POINT('',(3.26E-1,0.E0,-1.45E0));
#3975=VERTEX_POINT('',#3973);
#3976=VERTEX_POINT('',#3974);
#3977=CARTESIAN_POINT('',(3.24E-1,1.E-1,-1.45E0));
#3978=CARTESIAN_POINT('',(3.26E-1,1.E-1,-1.45E0));
#3979=VERTEX_POINT('',#3977);
#3980=VERTEX_POINT('',#3978);
#3981=CARTESIAN_POINT('',(1.725E-1,0.E0,-2.E0));
#3982=CARTESIAN_POINT('',(4.775E-1,0.E0,-2.E0));
#3983=VERTEX_POINT('',#3981);
#3984=VERTEX_POINT('',#3982);
#3985=CARTESIAN_POINT('',(1.725E-1,1.E-1,-2.E0));
#3986=VERTEX_POINT('',#3985);
#3987=CARTESIAN_POINT('',(4.775E-1,1.E-1,-2.E0));
#3988=VERTEX_POINT('',#3987);
#3989=CARTESIAN_POINT('',(1.725E-1,0.E0,-1.5E0));
#3990=CARTESIAN_POINT('',(1.725E-1,1.E-1,-1.5E0));
#3991=VERTEX_POINT('',#3989);
#3992=VERTEX_POINT('',#3990);
#3993=CARTESIAN_POINT('',(4.775E-1,0.E0,-1.5E0));
#3994=CARTESIAN_POINT('',(4.775E-1,1.E-1,-1.5E0));
#3995=VERTEX_POINT('',#3993);
#3996=VERTEX_POINT('',#3994);
#3997=CARTESIAN_POINT('',(3.207094849259E-1,0.E0,-1.450035738504E0));
#3998=VERTEX_POINT('',#3997);
#3999=CARTESIAN_POINT('',(3.292905150741E-1,0.E0,-1.450035738504E0));
#4000=VERTEX_POINT('',#3999);
#4001=CARTESIAN_POINT('',(3.207094849259E-1,1.E-1,-1.450035738504E0));
#4002=VERTEX_POINT('',#4001);
#4003=CARTESIAN_POINT('',(3.292905150741E-1,1.E-1,-1.450035738504E0));
#4004=VERTEX_POINT('',#4003);
#4005=CARTESIAN_POINT('',(0.E0,0.E0,0.E0));
#4006=DIRECTION('',(0.E0,1.E0,0.E0));
#4007=DIRECTION('',(1.E0,0.E0,0.E0));
#4008=AXIS2_PLACEMENT_3D('',#4005,#4006,#4007);
#4009=PLANE('',#4008);
#4011=ORIENTED_EDGE('',*,*,#4010,.T.);
#4013=ORIENTED_EDGE('',*,*,#4012,.T.);
#4015=ORIENTED_EDGE('',*,*,#4014,.F.);
#4017=ORIENTED_EDGE('',*,*,#4016,.F.);
#4019=ORIENTED_EDGE('',*,*,#4018,.F.);
#4021=ORIENTED_EDGE('',*,*,#4020,.T.);
#4023=ORIENTED_EDGE('',*,*,#4022,.T.);
#4025=ORIENTED_EDGE('',*,*,#4024,.T.);
#4026=EDGE_LOOP('',(#4011,#4013,#4015,#4017,#4019,#4021,#4023,#4025));
#4027=FACE_OUTER_BOUND('',#4026,.F.);
#4029=CARTESIAN_POINT('',(3.26E-1,0.E0,-1.6015E0));
#4030=DIRECTION('',(0.E0,1.E0,0.E0));
#4031=DIRECTION('',(1.E0,0.E0,0.E0));
#4032=AXIS2_PLACEMENT_3D('',#4029,#4030,#4031);
#4033=CYLINDRICAL_SURFACE('',#4032,1.515E-1);
#4035=ORIENTED_EDGE('',*,*,#4034,.F.);
#4036=ORIENTED_EDGE('',*,*,#4010,.F.);
#4038=ORIENTED_EDGE('',*,*,#4037,.T.);
#4040=ORIENTED_EDGE('',*,*,#4039,.T.);
#4041=EDGE_LOOP('',(#4035,#4036,#4038,#4040));
#4042=FACE_OUTER_BOUND('',#4041,.F.);
#4044=CARTESIAN_POINT('',(3.25E-1,0.E0,-1.7075625E0));
#4045=DIRECTION('',(0.E0,1.E0,0.E0));
#4046=DIRECTION('',(0.E0,0.E0,1.E0));
#4047=AXIS2_PLACEMENT_3D('',#4044,#4045,#4046);
#4048=CYLINDRICAL_SURFACE('',#4047,2.575625E-1);
#4049=ORIENTED_EDGE('',*,*,#4020,.F.);
#4051=ORIENTED_EDGE('',*,*,#4050,.T.);
#4053=ORIENTED_EDGE('',*,*,#4052,.T.);
#4055=ORIENTED_EDGE('',*,*,#4054,.F.);
#4056=EDGE_LOOP('',(#4049,#4051,#4053,#4055));
#4057=FACE_OUTER_BOUND('',#4056,.F.);
#4059=CARTESIAN_POINT('',(3.25E-1,0.E0,-1.7075625E0));
#4060=DIRECTION('',(0.E0,1.E0,0.E0));
#4061=DIRECTION('',(0.E0,0.E0,1.E0));
#4062=AXIS2_PLACEMENT_3D('',#4059,#4060,#4061);
#4063=CYLINDRICAL_SURFACE('',#4062,2.575625E-1);
#4064=ORIENTED_EDGE('',*,*,#4012,.F.);
#4065=ORIENTED_EDGE('',*,*,#4034,.T.);
#4067=ORIENTED_EDGE('',*,*,#4066,.T.);
#4069=ORIENTED_EDGE('',*,*,#4068,.F.);
#4070=EDGE_LOOP('',(#4064,#4065,#4067,#4069));
#4071=FACE_OUTER_BOUND('',#4070,.F.);
#4073=CARTESIAN_POINT('',(1.725E-1,0.E0,-2.1E0));
#4074=DIRECTION('',(-1.E0,0.E0,0.E0));
#4075=DIRECTION('',(0.E0,0.E0,1.E0));
#4076=AXIS2_PLACEMENT_3D('',#4073,#4074,#4075);
#4077=PLANE('',#4076);
#4079=ORIENTED_EDGE('',*,*,#4078,.F.);
#4080=ORIENTED_EDGE('',*,*,#4050,.F.);
#4081=ORIENTED_EDGE('',*,*,#4018,.T.);
#4083=ORIENTED_EDGE('',*,*,#4082,.T.);
#4084=EDGE_LOOP('',(#4079,#4080,#4081,#4083));
#4085=FACE_OUTER_BOUND('',#4084,.F.);
#4087=CARTESIAN_POINT('',(0.E0,1.E-1,0.E0));
#4088=DIRECTION('',(0.E0,1.E0,0.E0));
#4089=DIRECTION('',(1.E0,0.E0,0.E0));
#4090=AXIS2_PLACEMENT_3D('',#4087,#4088,#4089);
#4091=PLANE('',#4090);
#4093=ORIENTED_EDGE('',*,*,#4092,.T.);
#4094=ORIENTED_EDGE('',*,*,#4066,.F.);
#4095=ORIENTED_EDGE('',*,*,#4039,.F.);
#4097=ORIENTED_EDGE('',*,*,#4096,.F.);
#4099=ORIENTED_EDGE('',*,*,#4098,.F.);
#4100=ORIENTED_EDGE('',*,*,#4052,.F.);
#4101=ORIENTED_EDGE('',*,*,#4078,.T.);
#4103=ORIENTED_EDGE('',*,*,#4102,.T.);
#4104=EDGE_LOOP('',(#4093,#4094,#4095,#4097,#4099,#4100,#4101,#4103));
#4105=FACE_OUTER_BOUND('',#4104,.F.);
#4107=CARTESIAN_POINT('',(4.775E-1,0.E0,-1.6015E0));
#4108=DIRECTION('',(1.E0,0.E0,0.E0));
#4109=DIRECTION('',(0.E0,0.E0,-1.E0));
#4110=AXIS2_PLACEMENT_3D('',#4107,#4108,#4109);
#4111=PLANE('',#4110);
#4112=ORIENTED_EDGE('',*,*,#4014,.T.);
#4113=ORIENTED_EDGE('',*,*,#4068,.T.);
#4114=ORIENTED_EDGE('',*,*,#4092,.F.);
#4116=ORIENTED_EDGE('',*,*,#4115,.F.);
#4117=EDGE_LOOP('',(#4112,#4113,#4114,#4116));
#4118=FACE_OUTER_BOUND('',#4117,.F.);
#4120=CARTESIAN_POINT('',(-2.E0,0.E0,-2.E0));
#4121=DIRECTION('',(0.E0,0.E0,1.E0));
#4122=DIRECTION('',(1.E0,0.E0,0.E0));
#4123=AXIS2_PLACEMENT_3D('',#4120,#4121,#4122);
#4124=PLANE('',#4123);
#4125=ORIENTED_EDGE('',*,*,#4016,.T.);
#4126=ORIENTED_EDGE('',*,*,#4115,.T.);
#4127=ORIENTED_EDGE('',*,*,#4102,.F.);
#4128=ORIENTED_EDGE('',*,*,#4082,.F.);
#4129=EDGE_LOOP('',(#4125,#4126,#4127,#4128));
#4130=FACE_OUTER_BOUND('',#4129,.F.);
#4132=FILL_AREA_STYLE_COLOUR('',#29);
#4133=FILL_AREA_STYLE('',(#4132));
#4134=SURFACE_STYLE_FILL_AREA(#4133);
#4135=SURFACE_SIDE_STYLE('',(#4134));
#4136=SURFACE_STYLE_USAGE(.POSITIVE.,#4135);
#4137=PRESENTATION_STYLE_ASSIGNMENT((#4136));
#4138=OVER_RIDING_STYLED_ITEM('',(#4137),#4131,#3796);
#4139=CARTESIAN_POINT('',(3.24E-1,0.E0,-1.45E0));
#4140=DIRECTION('',(0.E0,0.E0,1.E0));
#4141=DIRECTION('',(1.E0,0.E0,0.E0));
#4142=AXIS2_PLACEMENT_3D('',#4139,#4140,#4141);
#4143=PLANE('',#4142);
#4144=ORIENTED_EDGE('',*,*,#4024,.F.);
#4146=ORIENTED_EDGE('',*,*,#4145,.T.);
#4147=ORIENTED_EDGE('',*,*,#4096,.T.);
#4148=ORIENTED_EDGE('',*,*,#4037,.F.);
#4149=EDGE_LOOP('',(#4144,#4146,#4147,#4148));
#4150=FACE_OUTER_BOUND('',#4149,.F.);
#4152=CARTESIAN_POINT('',(3.24E-1,0.E0,-1.6015E0));
#4153=DIRECTION('',(0.E0,1.E0,0.E0));
#4154=DIRECTION('',(1.E0,0.E0,0.E0));
#4155=AXIS2_PLACEMENT_3D('',#4152,#4153,#4154);
#4156=CYLINDRICAL_SURFACE('',#4155,1.515E-1);
#4157=ORIENTED_EDGE('',*,*,#4054,.T.);
#4158=ORIENTED_EDGE('',*,*,#4098,.T.);
#4159=ORIENTED_EDGE('',*,*,#4145,.F.);
#4160=ORIENTED_EDGE('',*,*,#4022,.F.);
#4161=EDGE_LOOP('',(#4157,#4158,#4159,#4160));
#4162=FACE_OUTER_BOUND('',#4161,.F.);
#4164=CLOSED_SHELL('',(#4028,#4043,#4058,#4072,#4086,#4106,#4119,#4131,#4151,
#4163));
#4165=MANIFOLD_SOLID_BREP('',#4164);
#4166=FILL_AREA_STYLE_COLOUR('',#28);
#4167=FILL_AREA_STYLE('',(#4166));
#4168=SURFACE_STYLE_FILL_AREA(#4167);
#4169=SURFACE_SIDE_STYLE('',(#4168));
#4170=SURFACE_STYLE_USAGE(.POSITIVE.,#4169);
#4171=PRESENTATION_STYLE_ASSIGNMENT((#4170));
#3796=STYLED_ITEM('',(#4171),#4165);
#4173=CARTESIAN_POINT('',(9.76E-1,0.E0,-1.6015E0));
#4174=DIRECTION('',(0.E0,1.E0,0.E0));
#4175=DIRECTION('',(0.E0,0.E0,1.E0));
#4176=AXIS2_PLACEMENT_3D('',#4173,#4174,#4175);
#4178=CURVE_STYLE('',#36,POSITIVE_LENGTH_MEASURE(2.E-2),#28);
#4179=PRESENTATION_STYLE_ASSIGNMENT((#4178));
#4180=STYLED_ITEM('',(#4179),#4177);
#4181=CARTESIAN_POINT('',(9.75E-1,0.E0,-1.7075625E0));
#4182=DIRECTION('',(0.E0,1.E0,0.E0));
#4183=DIRECTION('',(1.665815122201E-2,0.E0,9.998612433722E-1));
#4184=AXIS2_PLACEMENT_3D('',#4181,#4182,#4183);
#4186=CURVE_STYLE('',#36,POSITIVE_LENGTH_MEASURE(2.E-2),#28);
#4187=PRESENTATION_STYLE_ASSIGNMENT((#4186));
#4188=STYLED_ITEM('',(#4187),#4185);
#4189=DIRECTION('',(1.E0,0.E0,0.E0));
#4190=VECTOR('',#4189,3.05E-1);
#4191=CARTESIAN_POINT('',(8.225E-1,0.E0,-2.E0));
#4192=LINE('',#4191,#4190);
#4193=CURVE_STYLE('',#36,POSITIVE_LENGTH_MEASURE(2.E-2),#28);
#4194=PRESENTATION_STYLE_ASSIGNMENT((#4193));
#4195=STYLED_ITEM('',(#4194),#4192);
#4196=CARTESIAN_POINT('',(9.75E-1,0.E0,-1.7075625E0));
#4197=DIRECTION('',(0.E0,1.E0,0.E0));
#4198=DIRECTION('',(-5.920892987139E-1,0.E0,8.058723610774E-1));
#4199=AXIS2_PLACEMENT_3D('',#4196,#4197,#4198);
#4201=CURVE_STYLE('',#36,POSITIVE_LENGTH_MEASURE(2.E-2),#28);
#4202=PRESENTATION_STYLE_ASSIGNMENT((#4201));
#4203=STYLED_ITEM('',(#4202),#4200);
#4204=CARTESIAN_POINT('',(9.74E-1,0.E0,-1.6015E0));
#4205=DIRECTION('',(0.E0,1.E0,0.E0));
#4206=DIRECTION('',(-2.171957144637E-2,0.E0,9.997641022842E-1));
#4207=AXIS2_PLACEMENT_3D('',#4204,#4205,#4206);
#4209=CURVE_STYLE('',#36,POSITIVE_LENGTH_MEASURE(2.E-2),#28);
#4210=PRESENTATION_STYLE_ASSIGNMENT((#4209));
#4211=STYLED_ITEM('',(#4210),#4208);
#4212=DIRECTION('',(1.E0,0.E0,1.110223024625E-13));
#4213=VECTOR('',#4212,2.E-3);
#4214=CARTESIAN_POINT('',(9.74E-1,0.E0,-1.45E0));
#4215=LINE('',#4214,#4213);
#4216=CURVE_STYLE('',#36,POSITIVE_LENGTH_MEASURE(2.E-2),#28);
#4217=PRESENTATION_STYLE_ASSIGNMENT((#4216));
#4218=STYLED_ITEM('',(#4217),#4215);
#4219=DIRECTION('',(5.440092820663E-14,1.E0,0.E0));
#4220=VECTOR('',#4219,1.E-1);
#4221=CARTESIAN_POINT('',(9.792905150741E-1,0.E0,-1.450035738504E0));
#4222=LINE('',#4221,#4220);
#4223=CURVE_STYLE('',#36,POSITIVE_LENGTH_MEASURE(2.E-2),#28);
#4224=PRESENTATION_STYLE_ASSIGNMENT((#4223));
#4225=STYLED_ITEM('',(#4224),#4222);
#4226=DIRECTION('',(0.E0,1.E0,0.E0));
#4227=VECTOR('',#4226,1.E-1);
#4228=CARTESIAN_POINT('',(9.76E-1,0.E0,-1.45E0));
#4229=LINE('',#4228,#4227);
#4230=CURVE_STYLE('',#36,POSITIVE_LENGTH_MEASURE(2.E-2),#28);
#4231=PRESENTATION_STYLE_ASSIGNMENT((#4230));
#4232=STYLED_ITEM('',(#4231),#4229);
#4233=DIRECTION('',(0.E0,1.E0,0.E0));
#4234=VECTOR('',#4233,1.E-1);
#4235=CARTESIAN_POINT('',(8.225E-1,0.E0,-1.5E0));
#4236=LINE('',#4235,#4234);
#4237=CURVE_STYLE('',#36,POSITIVE_LENGTH_MEASURE(2.E-2),#28);
#4238=PRESENTATION_STYLE_ASSIGNMENT((#4237));
#4239=STYLED_ITEM('',(#4238),#4236);
#4240=DIRECTION('',(0.E0,0.E0,-1.E0));
#4241=VECTOR('',#4240,5.E-1);
#4242=CARTESIAN_POINT('',(8.225E-1,0.E0,-1.5E0));
#4243=LINE('',#4242,#4241);
#4244=CURVE_STYLE('',#36,POSITIVE_LENGTH_MEASURE(2.E-2),#28);
#4245=PRESENTATION_STYLE_ASSIGNMENT((#4244));
#4246=STYLED_ITEM('',(#4245),#4243);
#4247=DIRECTION('',(0.E0,1.E0,0.E0));
#4248=VECTOR('',#4247,1.E-1);
#4249=CARTESIAN_POINT('',(8.225E-1,0.E0,-2.E0));
#4250=LINE('',#4249,#4248);
#4251=CURVE_STYLE('',#36,POSITIVE_LENGTH_MEASURE(2.E-2),#28);
#4252=PRESENTATION_STYLE_ASSIGNMENT((#4251));
#4253=STYLED_ITEM('',(#4252),#4250);
#4254=DIRECTION('',(0.E0,0.E0,1.E0));
#4255=VECTOR('',#4254,5.E-1);
#4256=CARTESIAN_POINT('',(1.1275E0,1.E-1,-2.E0));
#4257=LINE('',#4256,#4255);
#4258=CURVE_STYLE('',#36,POSITIVE_LENGTH_MEASURE(2.E-2),#28);
#4259=PRESENTATION_STYLE_ASSIGNMENT((#4258));
#4260=STYLED_ITEM('',(#4259),#4257);
#4261=CARTESIAN_POINT('',(9.75E-1,1.E-1,-1.7075625E0));
#4262=DIRECTION('',(0.E0,1.E0,0.E0));
#4263=DIRECTION('',(1.665815122207E-2,0.E0,9.998612433722E-1));
#4264=AXIS2_PLACEMENT_3D('',#4261,#4262,#4263);
#4266=CURVE_STYLE('',#36,POSITIVE_LENGTH_MEASURE(2.E-2),#28);
#4267=PRESENTATION_STYLE_ASSIGNMENT((#4266));
#4268=STYLED_ITEM('',(#4267),#4265);
#4269=CARTESIAN_POINT('',(9.76E-1,1.E-1,-1.6015E0));
#4270=DIRECTION('',(0.E0,1.E0,0.E0));
#4271=DIRECTION('',(0.E0,0.E0,1.E0));
#4272=AXIS2_PLACEMENT_3D('',#4269,#4270,#4271);
#4274=CURVE_STYLE('',#36,POSITIVE_LENGTH_MEASURE(2.E-2),#28);
#4275=PRESENTATION_STYLE_ASSIGNMENT((#4274));
#4276=STYLED_ITEM('',(#4275),#4273);
#4277=DIRECTION('',(1.E0,0.E0,0.E0));
#4278=VECTOR('',#4277,2.E-3);
#4279=CARTESIAN_POINT('',(9.74E-1,1.E-1,-1.45E0));
#4280=LINE('',#4279,#4278);
#4281=CURVE_STYLE('',#36,POSITIVE_LENGTH_MEASURE(2.E-2),#28);
#4282=PRESENTATION_STYLE_ASSIGNMENT((#4281));
#4283=STYLED_ITEM('',(#4282),#4280);
#4284=CARTESIAN_POINT('',(9.74E-1,1.E-1,-1.6015E0));
#4285=DIRECTION('',(0.E0,1.E0,0.E0));
#4286=DIRECTION('',(-2.171957144629E-2,0.E0,9.997641022842E-1));
#4287=AXIS2_PLACEMENT_3D('',#4284,#4285,#4286);
#4289=CURVE_STYLE('',#36,POSITIVE_LENGTH_MEASURE(2.E-2),#28);
#4290=PRESENTATION_STYLE_ASSIGNMENT((#4289));
#4291=STYLED_ITEM('',(#4290),#4288);
#4292=CARTESIAN_POINT('',(9.75E-1,1.E-1,-1.7075625E0));
#4293=DIRECTION('',(0.E0,1.E0,0.E0));
#4294=DIRECTION('',(-5.920892987139E-1,0.E0,8.058723610774E-1));
#4295=AXIS2_PLACEMENT_3D('',#4292,#4293,#4294);
#4297=CURVE_STYLE('',#36,POSITIVE_LENGTH_MEASURE(2.E-2),#28);
#4298=PRESENTATION_STYLE_ASSIGNMENT((#4297));
#4299=STYLED_ITEM('',(#4298),#4296);
#4300=DIRECTION('',(0.E0,0.E0,-1.E0));
#4301=VECTOR('',#4300,5.E-1);
#4302=CARTESIAN_POINT('',(8.225E-1,1.E-1,-1.5E0));
#4303=LINE('',#4302,#4301);
#4304=CURVE_STYLE('',#36,POSITIVE_LENGTH_MEASURE(2.E-2),#28);
#4305=PRESENTATION_STYLE_ASSIGNMENT((#4304));
#4306=STYLED_ITEM('',(#4305),#4303);
#4307=DIRECTION('',(1.E0,0.E0,0.E0));
#4308=VECTOR('',#4307,3.05E-1);
#4309=CARTESIAN_POINT('',(8.225E-1,1.E-1,-2.E0));
#4310=LINE('',#4309,#4308);
#4311=CURVE_STYLE('',#36,POSITIVE_LENGTH_MEASURE(2.E-2),#28);
#4312=PRESENTATION_STYLE_ASSIGNMENT((#4311));
#4313=STYLED_ITEM('',(#4312),#4310);
#4314=DIRECTION('',(0.E0,0.E0,1.E0));
#4315=VECTOR('',#4314,5.E-1);
#4316=CARTESIAN_POINT('',(1.1275E0,0.E0,-2.E0));
#4317=LINE('',#4316,#4315);
#4318=CURVE_STYLE('',#36,POSITIVE_LENGTH_MEASURE(2.E-2),#28);
#4319=PRESENTATION_STYLE_ASSIGNMENT((#4318));
#4320=STYLED_ITEM('',(#4319),#4317);
#4321=DIRECTION('',(0.E0,1.E0,0.E0));
#4322=VECTOR('',#4321,1.E-1);
#4323=CARTESIAN_POINT('',(1.1275E0,0.E0,-1.5E0));
#4324=LINE('',#4323,#4322);
#4325=CURVE_STYLE('',#36,POSITIVE_LENGTH_MEASURE(2.E-2),#28);
#4326=PRESENTATION_STYLE_ASSIGNMENT((#4325));
#4327=STYLED_ITEM('',(#4326),#4324);
#4328=DIRECTION('',(0.E0,1.E0,0.E0));
#4329=VECTOR('',#4328,1.E-1);
#4330=CARTESIAN_POINT('',(1.1275E0,0.E0,-2.E0));
#4331=LINE('',#4330,#4329);
#4332=CURVE_STYLE('',#36,POSITIVE_LENGTH_MEASURE(2.E-2),#28);
#4333=PRESENTATION_STYLE_ASSIGNMENT((#4332));
#4334=STYLED_ITEM('',(#4333),#4331);
#4335=DIRECTION('',(0.E0,1.E0,0.E0));
#4336=VECTOR('',#4335,1.E-1);
#4337=CARTESIAN_POINT('',(9.74E-1,0.E0,-1.45E0));
#4338=LINE('',#4337,#4336);
#4339=CURVE_STYLE('',#36,POSITIVE_LENGTH_MEASURE(2.E-2),#28);
#4340=PRESENTATION_STYLE_ASSIGNMENT((#4339));
#4341=STYLED_ITEM('',(#4340),#4338);
#4342=DIRECTION('',(3.552713678801E-14,1.E0,0.E0));
#4343=VECTOR('',#4342,1.E-1);
#4344=CARTESIAN_POINT('',(9.707094849259E-1,0.E0,-1.450035738504E0));
#4345=LINE('',#4344,#4343);
#4346=CURVE_STYLE('',#36,POSITIVE_LENGTH_MEASURE(2.E-2),#28);
#4347=PRESENTATION_STYLE_ASSIGNMENT((#4346));
#4348=STYLED_ITEM('',(#4347),#4345);
#4349=CARTESIAN_POINT('',(9.74E-1,0.E0,-1.45E0));
#4350=CARTESIAN_POINT('',(9.76E-1,0.E0,-1.45E0));
#4351=VERTEX_POINT('',#4349);
#4352=VERTEX_POINT('',#4350);
#4353=CARTESIAN_POINT('',(9.74E-1,1.E-1,-1.45E0));
#4354=CARTESIAN_POINT('',(9.76E-1,1.E-1,-1.45E0));
#4355=VERTEX_POINT('',#4353);
#4356=VERTEX_POINT('',#4354);
#4357=CARTESIAN_POINT('',(8.225E-1,0.E0,-2.E0));
#4358=CARTESIAN_POINT('',(1.1275E0,0.E0,-2.E0));
#4359=VERTEX_POINT('',#4357);
#4360=VERTEX_POINT('',#4358);
#4361=CARTESIAN_POINT('',(8.225E-1,1.E-1,-2.E0));
#4362=VERTEX_POINT('',#4361);
#4363=CARTESIAN_POINT('',(1.1275E0,1.E-1,-2.E0));
#4364=VERTEX_POINT('',#4363);
#4365=CARTESIAN_POINT('',(8.225E-1,0.E0,-1.5E0));
#4366=CARTESIAN_POINT('',(8.225E-1,1.E-1,-1.5E0));
#4367=VERTEX_POINT('',#4365);
#4368=VERTEX_POINT('',#4366);
#4369=CARTESIAN_POINT('',(1.1275E0,0.E0,-1.5E0));
#4370=CARTESIAN_POINT('',(1.1275E0,1.E-1,-1.5E0));
#4371=VERTEX_POINT('',#4369);
#4372=VERTEX_POINT('',#4370);
#4373=CARTESIAN_POINT('',(9.707094849259E-1,0.E0,-1.450035738504E0));
#4374=VERTEX_POINT('',#4373);
#4375=CARTESIAN_POINT('',(9.792905150741E-1,0.E0,-1.450035738504E0));
#4376=VERTEX_POINT('',#4375);
#4377=CARTESIAN_POINT('',(9.707094849259E-1,1.E-1,-1.450035738504E0));
#4378=VERTEX_POINT('',#4377);
#4379=CARTESIAN_POINT('',(9.792905150741E-1,1.E-1,-1.450035738504E0));
#4380=VERTEX_POINT('',#4379);
#4381=CARTESIAN_POINT('',(0.E0,0.E0,0.E0));
#4382=DIRECTION('',(0.E0,1.E0,0.E0));
#4383=DIRECTION('',(1.E0,0.E0,0.E0));
#4384=AXIS2_PLACEMENT_3D('',#4381,#4382,#4383);
#4385=PLANE('',#4384);
#4387=ORIENTED_EDGE('',*,*,#4386,.T.);
#4389=ORIENTED_EDGE('',*,*,#4388,.T.);
#4391=ORIENTED_EDGE('',*,*,#4390,.F.);
#4393=ORIENTED_EDGE('',*,*,#4392,.F.);
#4395=ORIENTED_EDGE('',*,*,#4394,.F.);
#4397=ORIENTED_EDGE('',*,*,#4396,.T.);
#4399=ORIENTED_EDGE('',*,*,#4398,.T.);
#4401=ORIENTED_EDGE('',*,*,#4400,.T.);
#4402=EDGE_LOOP('',(#4387,#4389,#4391,#4393,#4395,#4397,#4399,#4401));
#4403=FACE_OUTER_BOUND('',#4402,.F.);
#4405=CARTESIAN_POINT('',(9.76E-1,0.E0,-1.6015E0));
#4406=DIRECTION('',(0.E0,1.E0,0.E0));
#4407=DIRECTION('',(1.E0,0.E0,0.E0));
#4408=AXIS2_PLACEMENT_3D('',#4405,#4406,#4407);
#4409=CYLINDRICAL_SURFACE('',#4408,1.515E-1);
#4411=ORIENTED_EDGE('',*,*,#4410,.F.);
#4412=ORIENTED_EDGE('',*,*,#4386,.F.);
#4414=ORIENTED_EDGE('',*,*,#4413,.T.);
#4416=ORIENTED_EDGE('',*,*,#4415,.T.);
#4417=EDGE_LOOP('',(#4411,#4412,#4414,#4416));
#4418=FACE_OUTER_BOUND('',#4417,.F.);
#4420=CARTESIAN_POINT('',(9.75E-1,0.E0,-1.7075625E0));
#4421=DIRECTION('',(0.E0,1.E0,0.E0));
#4422=DIRECTION('',(0.E0,0.E0,1.E0));
#4423=AXIS2_PLACEMENT_3D('',#4420,#4421,#4422);
#4424=CYLINDRICAL_SURFACE('',#4423,2.575625E-1);
#4425=ORIENTED_EDGE('',*,*,#4396,.F.);
#4427=ORIENTED_EDGE('',*,*,#4426,.T.);
#4429=ORIENTED_EDGE('',*,*,#4428,.T.);
#4431=ORIENTED_EDGE('',*,*,#4430,.F.);
#4432=EDGE_LOOP('',(#4425,#4427,#4429,#4431));
#4433=FACE_OUTER_BOUND('',#4432,.F.);
#4435=CARTESIAN_POINT('',(9.75E-1,0.E0,-1.7075625E0));
#4436=DIRECTION('',(0.E0,1.E0,0.E0));
#4437=DIRECTION('',(0.E0,0.E0,1.E0));
#4438=AXIS2_PLACEMENT_3D('',#4435,#4436,#4437);
#4439=CYLINDRICAL_SURFACE('',#4438,2.575625E-1);
#4440=ORIENTED_EDGE('',*,*,#4388,.F.);
#4441=ORIENTED_EDGE('',*,*,#4410,.T.);
#4443=ORIENTED_EDGE('',*,*,#4442,.T.);
#4445=ORIENTED_EDGE('',*,*,#4444,.F.);
#4446=EDGE_LOOP('',(#4440,#4441,#4443,#4445));
#4447=FACE_OUTER_BOUND('',#4446,.F.);
#4449=CARTESIAN_POINT('',(8.225E-1,0.E0,-2.1E0));
#4450=DIRECTION('',(-1.E0,0.E0,0.E0));
#4451=DIRECTION('',(0.E0,0.E0,1.E0));
#4452=AXIS2_PLACEMENT_3D('',#4449,#4450,#4451);
#4453=PLANE('',#4452);
#4455=ORIENTED_EDGE('',*,*,#4454,.F.);
#4456=ORIENTED_EDGE('',*,*,#4426,.F.);
#4457=ORIENTED_EDGE('',*,*,#4394,.T.);
#4459=ORIENTED_EDGE('',*,*,#4458,.T.);
#4460=EDGE_LOOP('',(#4455,#4456,#4457,#4459));
#4461=FACE_OUTER_BOUND('',#4460,.F.);
#4463=CARTESIAN_POINT('',(0.E0,1.E-1,0.E0));
#4464=DIRECTION('',(0.E0,1.E0,0.E0));
#4465=DIRECTION('',(1.E0,0.E0,0.E0));
#4466=AXIS2_PLACEMENT_3D('',#4463,#4464,#4465);
#4467=PLANE('',#4466);
#4469=ORIENTED_EDGE('',*,*,#4468,.T.);
#4470=ORIENTED_EDGE('',*,*,#4442,.F.);
#4471=ORIENTED_EDGE('',*,*,#4415,.F.);
#4473=ORIENTED_EDGE('',*,*,#4472,.F.);
#4475=ORIENTED_EDGE('',*,*,#4474,.F.);
#4476=ORIENTED_EDGE('',*,*,#4428,.F.);
#4477=ORIENTED_EDGE('',*,*,#4454,.T.);
#4479=ORIENTED_EDGE('',*,*,#4478,.T.);
#4480=EDGE_LOOP('',(#4469,#4470,#4471,#4473,#4475,#4476,#4477,#4479));
#4481=FACE_OUTER_BOUND('',#4480,.F.);
#4483=CARTESIAN_POINT('',(1.1275E0,0.E0,-1.6015E0));
#4484=DIRECTION('',(1.E0,0.E0,0.E0));
#4485=DIRECTION('',(0.E0,0.E0,-1.E0));
#4486=AXIS2_PLACEMENT_3D('',#4483,#4484,#4485);
#4487=PLANE('',#4486);
#4488=ORIENTED_EDGE('',*,*,#4390,.T.);
#4489=ORIENTED_EDGE('',*,*,#4444,.T.);
#4490=ORIENTED_EDGE('',*,*,#4468,.F.);
#4492=ORIENTED_EDGE('',*,*,#4491,.F.);
#4493=EDGE_LOOP('',(#4488,#4489,#4490,#4492));
#4494=FACE_OUTER_BOUND('',#4493,.F.);
#4496=CARTESIAN_POINT('',(-2.E0,0.E0,-2.E0));
#4497=DIRECTION('',(0.E0,0.E0,1.E0));
#4498=DIRECTION('',(1.E0,0.E0,0.E0));
#4499=AXIS2_PLACEMENT_3D('',#4496,#4497,#4498);
#4500=PLANE('',#4499);
#4501=ORIENTED_EDGE('',*,*,#4392,.T.);
#4502=ORIENTED_EDGE('',*,*,#4491,.T.);
#4503=ORIENTED_EDGE('',*,*,#4478,.F.);
#4504=ORIENTED_EDGE('',*,*,#4458,.F.);
#4505=EDGE_LOOP('',(#4501,#4502,#4503,#4504));
#4506=FACE_OUTER_BOUND('',#4505,.F.);
#4508=FILL_AREA_STYLE_COLOUR('',#29);
#4509=FILL_AREA_STYLE('',(#4508));
#4510=SURFACE_STYLE_FILL_AREA(#4509);
#4511=SURFACE_SIDE_STYLE('',(#4510));
#4512=SURFACE_STYLE_USAGE(.POSITIVE.,#4511);
#4513=PRESENTATION_STYLE_ASSIGNMENT((#4512));
#4514=OVER_RIDING_STYLED_ITEM('',(#4513),#4507,#4172);
#4515=CARTESIAN_POINT('',(9.74E-1,0.E0,-1.45E0));
#4516=DIRECTION('',(0.E0,0.E0,1.E0));
#4517=DIRECTION('',(1.E0,0.E0,0.E0));
#4518=AXIS2_PLACEMENT_3D('',#4515,#4516,#4517);
#4519=PLANE('',#4518);
#4520=ORIENTED_EDGE('',*,*,#4400,.F.);
#4522=ORIENTED_EDGE('',*,*,#4521,.T.);
#4523=ORIENTED_EDGE('',*,*,#4472,.T.);
#4524=ORIENTED_EDGE('',*,*,#4413,.F.);
#4525=EDGE_LOOP('',(#4520,#4522,#4523,#4524));
#4526=FACE_OUTER_BOUND('',#4525,.F.);
#4528=CARTESIAN_POINT('',(9.74E-1,0.E0,-1.6015E0));
#4529=DIRECTION('',(0.E0,1.E0,0.E0));
#4530=DIRECTION('',(1.E0,0.E0,0.E0));
#4531=AXIS2_PLACEMENT_3D('',#4528,#4529,#4530);
#4532=CYLINDRICAL_SURFACE('',#4531,1.515E-1);
#4533=ORIENTED_EDGE('',*,*,#4430,.T.);
#4534=ORIENTED_EDGE('',*,*,#4474,.T.);
#4535=ORIENTED_EDGE('',*,*,#4521,.F.);
#4536=ORIENTED_EDGE('',*,*,#4398,.F.);
#4537=EDGE_LOOP('',(#4533,#4534,#4535,#4536));
#4538=FACE_OUTER_BOUND('',#4537,.F.);
#4540=CLOSED_SHELL('',(#4404,#4419,#4434,#4448,#4462,#4482,#4495,#4507,#4527,
#4539));
#4541=MANIFOLD_SOLID_BREP('',#4540);
#4542=FILL_AREA_STYLE_COLOUR('',#28);
#4543=FILL_AREA_STYLE('',(#4542));
#4544=SURFACE_STYLE_FILL_AREA(#4543);
#4545=SURFACE_SIDE_STYLE('',(#4544));
#4546=SURFACE_STYLE_USAGE(.POSITIVE.,#4545);
#4547=PRESENTATION_STYLE_ASSIGNMENT((#4546));
#4172=STYLED_ITEM('',(#4547),#4541);
#4549=CARTESIAN_POINT('',(-9.76E-1,0.E0,1.6015E0));
#4550=DIRECTION('',(0.E0,-1.E0,0.E0));
#4551=DIRECTION('',(-2.171957144668E-2,0.E0,-9.997641022842E-1));
#4552=AXIS2_PLACEMENT_3D('',#4549,#4550,#4551);
#4554=CURVE_STYLE('',#36,POSITIVE_LENGTH_MEASURE(2.E-2),#28);
#4555=PRESENTATION_STYLE_ASSIGNMENT((#4554));
#4556=STYLED_ITEM('',(#4555),#4553);
#4557=CARTESIAN_POINT('',(-9.75E-1,0.E0,1.7075625E0));
#4558=DIRECTION('',(0.E0,1.E0,0.E0));
#4559=DIRECTION('',(-1.665815122222E-2,0.E0,-9.998612433722E-1));
#4560=AXIS2_PLACEMENT_3D('',#4557,#4558,#4559);
#4562=CURVE_STYLE('',#36,POSITIVE_LENGTH_MEASURE(2.E-2),#28);
#4563=PRESENTATION_STYLE_ASSIGNMENT((#4562));
#4564=STYLED_ITEM('',(#4563),#4561);
#4565=DIRECTION('',(1.E0,0.E0,0.E0));
#4566=VECTOR('',#4565,3.05E-1);
#4567=CARTESIAN_POINT('',(-1.1275E0,0.E0,2.E0));
#4568=LINE('',#4567,#4566);
#4569=CURVE_STYLE('',#36,POSITIVE_LENGTH_MEASURE(2.E-2),#28);
#4570=PRESENTATION_STYLE_ASSIGNMENT((#4569));
#4571=STYLED_ITEM('',(#4570),#4568);
#4572=CARTESIAN_POINT('',(-9.75E-1,0.E0,1.7075625E0));
#4573=DIRECTION('',(0.E0,1.E0,0.E0));
#4574=DIRECTION('',(5.920892987139E-1,0.E0,-8.058723610774E-1));
#4575=AXIS2_PLACEMENT_3D('',#4572,#4573,#4574);
#4577=CURVE_STYLE('',#36,POSITIVE_LENGTH_MEASURE(2.E-2),#28);
#4578=PRESENTATION_STYLE_ASSIGNMENT((#4577));
#4579=STYLED_ITEM('',(#4578),#4576);
#4580=CARTESIAN_POINT('',(-9.74E-1,0.E0,1.6015E0));
#4581=DIRECTION('',(0.E0,-1.E0,0.E0));
#4582=DIRECTION('',(0.E0,0.E0,-1.E0));
#4583=AXIS2_PLACEMENT_3D('',#4580,#4581,#4582);
#4585=CURVE_STYLE('',#36,POSITIVE_LENGTH_MEASURE(2.E-2),#28);
#4586=PRESENTATION_STYLE_ASSIGNMENT((#4585));
#4587=STYLED_ITEM('',(#4586),#4584);
#4588=DIRECTION('',(1.E0,0.E0,0.E0));
#4589=VECTOR('',#4588,2.E-3);
#4590=CARTESIAN_POINT('',(-9.76E-1,0.E0,1.45E0));
#4591=LINE('',#4590,#4589);
#4592=CURVE_STYLE('',#36,POSITIVE_LENGTH_MEASURE(2.E-2),#28);
#4593=PRESENTATION_STYLE_ASSIGNMENT((#4592));
#4594=STYLED_ITEM('',(#4593),#4591);
#4595=DIRECTION('',(-4.884981308351E-14,-1.E0,0.E0));
#4596=VECTOR('',#4595,1.E-1);
#4597=CARTESIAN_POINT('',(-9.792905150742E-1,1.E-1,1.450035738504E0));
#4598=LINE('',#4597,#4596);
#4599=CURVE_STYLE('',#36,POSITIVE_LENGTH_MEASURE(2.E-2),#28);
#4600=PRESENTATION_STYLE_ASSIGNMENT((#4599));
#4601=STYLED_ITEM('',(#4600),#4598);
#4602=DIRECTION('',(0.E0,1.E0,0.E0));
#4603=VECTOR('',#4602,1.E-1);
#4604=CARTESIAN_POINT('',(-8.225E-1,0.E0,1.5E0));
#4605=LINE('',#4604,#4603);
#4606=CURVE_STYLE('',#36,POSITIVE_LENGTH_MEASURE(2.E-2),#28);
#4607=PRESENTATION_STYLE_ASSIGNMENT((#4606));
#4608=STYLED_ITEM('',(#4607),#4605);
#4609=DIRECTION('',(0.E0,0.E0,1.E0));
#4610=VECTOR('',#4609,5.E-1);
#4611=CARTESIAN_POINT('',(-8.225E-1,0.E0,1.5E0));
#4612=LINE('',#4611,#4610);
#4613=CURVE_STYLE('',#36,POSITIVE_LENGTH_MEASURE(2.E-2),#28);
#4614=PRESENTATION_STYLE_ASSIGNMENT((#4613));
#4615=STYLED_ITEM('',(#4614),#4612);
#4616=DIRECTION('',(0.E0,1.E0,0.E0));
#4617=VECTOR('',#4616,1.E-1);
#4618=CARTESIAN_POINT('',(-8.225E-1,0.E0,2.E0));
#4619=LINE('',#4618,#4617);
#4620=CURVE_STYLE('',#36,POSITIVE_LENGTH_MEASURE(2.E-2),#28);
#4621=PRESENTATION_STYLE_ASSIGNMENT((#4620));
#4622=STYLED_ITEM('',(#4621),#4619);
#4623=DIRECTION('',(0.E0,0.E0,-1.E0));
#4624=VECTOR('',#4623,5.E-1);
#4625=CARTESIAN_POINT('',(-1.1275E0,1.E-1,2.E0));
#4626=LINE('',#4625,#4624);
#4627=CURVE_STYLE('',#36,POSITIVE_LENGTH_MEASURE(2.E-2),#28);
#4628=PRESENTATION_STYLE_ASSIGNMENT((#4627));
#4629=STYLED_ITEM('',(#4628),#4626);
#4630=CARTESIAN_POINT('',(-9.75E-1,1.E-1,1.7075625E0));
#4631=DIRECTION('',(0.E0,1.E0,0.E0));
#4632=DIRECTION('',(-1.665815122216E-2,0.E0,-9.998612433722E-1));
#4633=AXIS2_PLACEMENT_3D('',#4630,#4631,#4632);
#4635=CURVE_STYLE('',#36,POSITIVE_LENGTH_MEASURE(2.E-2),#28);
#4636=PRESENTATION_STYLE_ASSIGNMENT((#4635));
#4637=STYLED_ITEM('',(#4636),#4634);
#4638=CARTESIAN_POINT('',(-9.76E-1,1.E-1,1.6015E0));
#4639=DIRECTION('',(0.E0,-1.E0,0.E0));
#4640=DIRECTION('',(-2.171957144658E-2,0.E0,-9.997641022842E-1));
#4641=AXIS2_PLACEMENT_3D('',#4638,#4639,#4640);
#4643=CURVE_STYLE('',#36,POSITIVE_LENGTH_MEASURE(2.E-2),#28);
#4644=PRESENTATION_STYLE_ASSIGNMENT((#4643));
#4645=STYLED_ITEM('',(#4644),#4642);
#4646=DIRECTION('',(1.E0,0.E0,-1.110223024625E-13));
#4647=VECTOR('',#4646,2.E-3);
#4648=CARTESIAN_POINT('',(-9.76E-1,1.E-1,1.45E0));
#4649=LINE('',#4648,#4647);
#4650=CURVE_STYLE('',#36,POSITIVE_LENGTH_MEASURE(2.E-2),#28);
#4651=PRESENTATION_STYLE_ASSIGNMENT((#4650));
#4652=STYLED_ITEM('',(#4651),#4649);
#4653=CARTESIAN_POINT('',(-9.74E-1,1.E-1,1.6015E0));
#4654=DIRECTION('',(0.E0,-1.E0,0.E0));
#4655=DIRECTION('',(0.E0,0.E0,-1.E0));
#4656=AXIS2_PLACEMENT_3D('',#4653,#4654,#4655);
#4658=CURVE_STYLE('',#36,POSITIVE_LENGTH_MEASURE(2.E-2),#28);
#4659=PRESENTATION_STYLE_ASSIGNMENT((#4658));
#4660=STYLED_ITEM('',(#4659),#4657);
#4661=CARTESIAN_POINT('',(-9.75E-1,1.E-1,1.7075625E0));
#4662=DIRECTION('',(0.E0,1.E0,0.E0));
#4663=DIRECTION('',(5.920892987139E-1,0.E0,-8.058723610774E-1));
#4664=AXIS2_PLACEMENT_3D('',#4661,#4662,#4663);
#4666=CURVE_STYLE('',#36,POSITIVE_LENGTH_MEASURE(2.E-2),#28);
#4667=PRESENTATION_STYLE_ASSIGNMENT((#4666));
#4668=STYLED_ITEM('',(#4667),#4665);
#4669=DIRECTION('',(0.E0,0.E0,1.E0));
#4670=VECTOR('',#4669,5.E-1);
#4671=CARTESIAN_POINT('',(-8.225E-1,1.E-1,1.5E0));
#4672=LINE('',#4671,#4670);
#4673=CURVE_STYLE('',#36,POSITIVE_LENGTH_MEASURE(2.E-2),#28);
#4674=PRESENTATION_STYLE_ASSIGNMENT((#4673));
#4675=STYLED_ITEM('',(#4674),#4672);
#4676=DIRECTION('',(1.E0,0.E0,0.E0));
#4677=VECTOR('',#4676,3.05E-1);
#4678=CARTESIAN_POINT('',(-1.1275E0,1.E-1,2.E0));
#4679=LINE('',#4678,#4677);
#4680=CURVE_STYLE('',#36,POSITIVE_LENGTH_MEASURE(2.E-2),#28);
#4681=PRESENTATION_STYLE_ASSIGNMENT((#4680));
#4682=STYLED_ITEM('',(#4681),#4679);
#4683=DIRECTION('',(0.E0,0.E0,-1.E0));
#4684=VECTOR('',#4683,5.E-1);
#4685=CARTESIAN_POINT('',(-1.1275E0,0.E0,2.E0));
#4686=LINE('',#4685,#4684);
#4687=CURVE_STYLE('',#36,POSITIVE_LENGTH_MEASURE(2.E-2),#28);
#4688=PRESENTATION_STYLE_ASSIGNMENT((#4687));
#4689=STYLED_ITEM('',(#4688),#4686);
#4690=DIRECTION('',(0.E0,1.E0,0.E0));
#4691=VECTOR('',#4690,1.E-1);
#4692=CARTESIAN_POINT('',(-1.1275E0,0.E0,1.5E0));
#4693=LINE('',#4692,#4691);
#4694=CURVE_STYLE('',#36,POSITIVE_LENGTH_MEASURE(2.E-2),#28);
#4695=PRESENTATION_STYLE_ASSIGNMENT((#4694));
#4696=STYLED_ITEM('',(#4695),#4693);
#4697=DIRECTION('',(0.E0,1.E0,0.E0));
#4698=VECTOR('',#4697,1.E-1);
#4699=CARTESIAN_POINT('',(-1.1275E0,0.E0,2.E0));
#4700=LINE('',#4699,#4698);
#4701=CURVE_STYLE('',#36,POSITIVE_LENGTH_MEASURE(2.E-2),#28);
#4702=PRESENTATION_STYLE_ASSIGNMENT((#4701));
#4703=STYLED_ITEM('',(#4702),#4700);
#4704=DIRECTION('',(0.E0,1.E0,0.E0));
#4705=VECTOR('',#4704,1.E-1);
#4706=CARTESIAN_POINT('',(-9.76E-1,0.E0,1.45E0));
#4707=LINE('',#4706,#4705);
#4708=CURVE_STYLE('',#36,POSITIVE_LENGTH_MEASURE(2.E-2),#28);
#4709=PRESENTATION_STYLE_ASSIGNMENT((#4708));
#4710=STYLED_ITEM('',(#4709),#4707);
#4711=DIRECTION('',(-3.219646771413E-14,-1.E0,0.E0));
#4712=VECTOR('',#4711,1.E-1);
#4713=CARTESIAN_POINT('',(-9.707094849258E-1,1.E-1,1.450035738504E0));
#4714=LINE('',#4713,#4712);
#4715=CURVE_STYLE('',#36,POSITIVE_LENGTH_MEASURE(2.E-2),#28);
#4716=PRESENTATION_STYLE_ASSIGNMENT((#4715));
#4717=STYLED_ITEM('',(#4716),#4714);
#4718=DIRECTION('',(0.E0,1.E0,0.E0));
#4719=VECTOR('',#4718,1.E-1);
#4720=CARTESIAN_POINT('',(-9.74E-1,0.E0,1.45E0));
#4721=LINE('',#4720,#4719);
#4722=CURVE_STYLE('',#36,POSITIVE_LENGTH_MEASURE(2.E-2),#28);
#4723=PRESENTATION_STYLE_ASSIGNMENT((#4722));
#4724=STYLED_ITEM('',(#4723),#4721);
#4725=CARTESIAN_POINT('',(-9.76E-1,0.E0,1.45E0));
#4726=CARTESIAN_POINT('',(-9.74E-1,0.E0,1.45E0));
#4727=VERTEX_POINT('',#4725);
#4728=VERTEX_POINT('',#4726);
#4729=CARTESIAN_POINT('',(-9.76E-1,1.E-1,1.45E0));
#4730=CARTESIAN_POINT('',(-9.74E-1,1.E-1,1.45E0));
#4731=VERTEX_POINT('',#4729);
#4732=VERTEX_POINT('',#4730);
#4733=CARTESIAN_POINT('',(-1.1275E0,0.E0,2.E0));
#4734=CARTESIAN_POINT('',(-8.225E-1,0.E0,2.E0));
#4735=VERTEX_POINT('',#4733);
#4736=VERTEX_POINT('',#4734);
#4737=CARTESIAN_POINT('',(-1.1275E0,1.E-1,2.E0));
#4738=VERTEX_POINT('',#4737);
#4739=CARTESIAN_POINT('',(-8.225E-1,1.E-1,2.E0));
#4740=VERTEX_POINT('',#4739);
#4741=CARTESIAN_POINT('',(-8.225E-1,0.E0,1.5E0));
#4742=CARTESIAN_POINT('',(-8.225E-1,1.E-1,1.5E0));
#4743=VERTEX_POINT('',#4741);
#4744=VERTEX_POINT('',#4742);
#4745=CARTESIAN_POINT('',(-1.1275E0,0.E0,1.5E0));
#4746=CARTESIAN_POINT('',(-1.1275E0,1.E-1,1.5E0));
#4747=VERTEX_POINT('',#4745);
#4748=VERTEX_POINT('',#4746);
#4749=CARTESIAN_POINT('',(-9.707094849259E-1,0.E0,1.450035738504E0));
#4750=VERTEX_POINT('',#4749);
#4751=CARTESIAN_POINT('',(-9.792905150742E-1,0.E0,1.450035738504E0));
#4752=VERTEX_POINT('',#4751);
#4753=CARTESIAN_POINT('',(-9.707094849258E-1,1.E-1,1.450035738504E0));
#4754=VERTEX_POINT('',#4753);
#4755=CARTESIAN_POINT('',(-9.792905150742E-1,1.E-1,1.450035738504E0));
#4756=VERTEX_POINT('',#4755);
#4757=CARTESIAN_POINT('',(0.E0,0.E0,0.E0));
#4758=DIRECTION('',(0.E0,-1.E0,0.E0));
#4759=DIRECTION('',(1.E0,0.E0,0.E0));
#4760=AXIS2_PLACEMENT_3D('',#4757,#4758,#4759);
#4761=PLANE('',#4760);
#4763=ORIENTED_EDGE('',*,*,#4762,.F.);
#4765=ORIENTED_EDGE('',*,*,#4764,.T.);
#4767=ORIENTED_EDGE('',*,*,#4766,.F.);
#4769=ORIENTED_EDGE('',*,*,#4768,.T.);
#4771=ORIENTED_EDGE('',*,*,#4770,.F.);
#4773=ORIENTED_EDGE('',*,*,#4772,.T.);
#4775=ORIENTED_EDGE('',*,*,#4774,.F.);
#4777=ORIENTED_EDGE('',*,*,#4776,.F.);
#4778=EDGE_LOOP('',(#4763,#4765,#4767,#4769,#4771,#4773,#4775,#4777));
#4779=FACE_OUTER_BOUND('',#4778,.F.);
#4781=CARTESIAN_POINT('',(-9.76E-1,0.E0,1.6015E0));
#4782=DIRECTION('',(0.E0,-1.E0,0.E0));
#4783=DIRECTION('',(1.E0,0.E0,0.E0));
#4784=AXIS2_PLACEMENT_3D('',#4781,#4782,#4783);
#4785=CYLINDRICAL_SURFACE('',#4784,1.515E-1);
#4787=ORIENTED_EDGE('',*,*,#4786,.T.);
#4788=ORIENTED_EDGE('',*,*,#4762,.T.);
#4790=ORIENTED_EDGE('',*,*,#4789,.T.);
#4792=ORIENTED_EDGE('',*,*,#4791,.F.);
#4793=EDGE_LOOP('',(#4787,#4788,#4790,#4792));
#4794=FACE_OUTER_BOUND('',#4793,.F.);
#4796=CARTESIAN_POINT('',(-9.75E-1,0.E0,1.7075625E0));
#4797=DIRECTION('',(0.E0,1.E0,0.E0));
#4798=DIRECTION('',(0.E0,0.E0,-1.E0));
#4799=AXIS2_PLACEMENT_3D('',#4796,#4797,#4798);
#4800=CYLINDRICAL_SURFACE('',#4799,2.575625E-1);
#4801=ORIENTED_EDGE('',*,*,#4772,.F.);
#4803=ORIENTED_EDGE('',*,*,#4802,.T.);
#4805=ORIENTED_EDGE('',*,*,#4804,.T.);
#4807=ORIENTED_EDGE('',*,*,#4806,.T.);
#4808=EDGE_LOOP('',(#4801,#4803,#4805,#4807));
#4809=FACE_OUTER_BOUND('',#4808,.F.);
#4811=CARTESIAN_POINT('',(-9.75E-1,0.E0,1.7075625E0));
#4812=DIRECTION('',(0.E0,1.E0,0.E0));
#4813=DIRECTION('',(0.E0,0.E0,-1.E0));
#4814=AXIS2_PLACEMENT_3D('',#4811,#4812,#4813);
#4815=CYLINDRICAL_SURFACE('',#4814,2.575625E-1);
#4816=ORIENTED_EDGE('',*,*,#4764,.F.);
#4817=ORIENTED_EDGE('',*,*,#4786,.F.);
#4819=ORIENTED_EDGE('',*,*,#4818,.T.);
#4821=ORIENTED_EDGE('',*,*,#4820,.F.);
#4822=EDGE_LOOP('',(#4816,#4817,#4819,#4821));
#4823=FACE_OUTER_BOUND('',#4822,.F.);
#4825=CARTESIAN_POINT('',(-8.225E-1,0.E0,1.6015E0));
#4826=DIRECTION('',(-1.E0,0.E0,0.E0));
#4827=DIRECTION('',(0.E0,0.E0,1.E0));
#4828=AXIS2_PLACEMENT_3D('',#4825,#4826,#4827);
#4829=PLANE('',#4828);
#4831=ORIENTED_EDGE('',*,*,#4830,.F.);
#4832=ORIENTED_EDGE('',*,*,#4802,.F.);
#4833=ORIENTED_EDGE('',*,*,#4770,.T.);
#4835=ORIENTED_EDGE('',*,*,#4834,.T.);
#4836=EDGE_LOOP('',(#4831,#4832,#4833,#4835));
#4837=FACE_OUTER_BOUND('',#4836,.F.);
#4839=CARTESIAN_POINT('',(0.E0,1.E-1,0.E0));
#4840=DIRECTION('',(0.E0,-1.E0,0.E0));
#4841=DIRECTION('',(1.E0,0.E0,0.E0));
#4842=AXIS2_PLACEMENT_3D('',#4839,#4840,#4841);
#4843=PLANE('',#4842);
#4845=ORIENTED_EDGE('',*,*,#4844,.T.);
#4846=ORIENTED_EDGE('',*,*,#4818,.F.);
#4847=ORIENTED_EDGE('',*,*,#4791,.T.);
#4849=ORIENTED_EDGE('',*,*,#4848,.T.);
#4851=ORIENTED_EDGE('',*,*,#4850,.T.);
#4852=ORIENTED_EDGE('',*,*,#4804,.F.);
#4853=ORIENTED_EDGE('',*,*,#4830,.T.);
#4855=ORIENTED_EDGE('',*,*,#4854,.F.);
#4856=EDGE_LOOP('',(#4845,#4846,#4847,#4849,#4851,#4852,#4853,#4855));
#4857=FACE_OUTER_BOUND('',#4856,.F.);
#4859=CARTESIAN_POINT('',(-1.1275E0,0.E0,2.1E0));
#4860=DIRECTION('',(1.E0,0.E0,0.E0));
#4861=DIRECTION('',(0.E0,0.E0,-1.E0));
#4862=AXIS2_PLACEMENT_3D('',#4859,#4860,#4861);
#4863=PLANE('',#4862);
#4864=ORIENTED_EDGE('',*,*,#4766,.T.);
#4865=ORIENTED_EDGE('',*,*,#4820,.T.);
#4866=ORIENTED_EDGE('',*,*,#4844,.F.);
#4868=ORIENTED_EDGE('',*,*,#4867,.F.);
#4869=EDGE_LOOP('',(#4864,#4865,#4866,#4868));
#4870=FACE_OUTER_BOUND('',#4869,.F.);
#4872=CARTESIAN_POINT('',(2.E0,0.E0,2.E0));
#4873=DIRECTION('',(0.E0,0.E0,-1.E0));
#4874=DIRECTION('',(-1.E0,0.E0,0.E0));
#4875=AXIS2_PLACEMENT_3D('',#4872,#4873,#4874);
#4876=PLANE('',#4875);
#4877=ORIENTED_EDGE('',*,*,#4768,.F.);
#4878=ORIENTED_EDGE('',*,*,#4867,.T.);
#4879=ORIENTED_EDGE('',*,*,#4854,.T.);
#4880=ORIENTED_EDGE('',*,*,#4834,.F.);
#4881=EDGE_LOOP('',(#4877,#4878,#4879,#4880));
#4882=FACE_OUTER_BOUND('',#4881,.F.);
#4884=FILL_AREA_STYLE_COLOUR('',#29);
#4885=FILL_AREA_STYLE('',(#4884));
#4886=SURFACE_STYLE_FILL_AREA(#4885);
#4887=SURFACE_SIDE_STYLE('',(#4886));
#4888=SURFACE_STYLE_USAGE(.POSITIVE.,#4887);
#4889=PRESENTATION_STYLE_ASSIGNMENT((#4888));
#4890=OVER_RIDING_STYLED_ITEM('',(#4889),#4883,#4548);
#4891=CARTESIAN_POINT('',(-9.76E-1,0.E0,1.45E0));
#4892=DIRECTION('',(0.E0,0.E0,1.E0));
#4893=DIRECTION('',(1.E0,0.E0,0.E0));
#4894=AXIS2_PLACEMENT_3D('',#4891,#4892,#4893);
#4895=PLANE('',#4894);
#4896=ORIENTED_EDGE('',*,*,#4776,.T.);
#4898=ORIENTED_EDGE('',*,*,#4897,.T.);
#4899=ORIENTED_EDGE('',*,*,#4848,.F.);
#4900=ORIENTED_EDGE('',*,*,#4789,.F.);
#4901=EDGE_LOOP('',(#4896,#4898,#4899,#4900));
#4902=FACE_OUTER_BOUND('',#4901,.F.);
#4904=CARTESIAN_POINT('',(-9.74E-1,0.E0,1.6015E0));
#4905=DIRECTION('',(0.E0,-1.E0,0.E0));
#4906=DIRECTION('',(1.E0,0.E0,0.E0));
#4907=AXIS2_PLACEMENT_3D('',#4904,#4905,#4906);
#4908=CYLINDRICAL_SURFACE('',#4907,1.515E-1);
#4909=ORIENTED_EDGE('',*,*,#4806,.F.);
#4910=ORIENTED_EDGE('',*,*,#4850,.F.);
#4911=ORIENTED_EDGE('',*,*,#4897,.F.);
#4912=ORIENTED_EDGE('',*,*,#4774,.T.);
#4913=EDGE_LOOP('',(#4909,#4910,#4911,#4912));
#4914=FACE_OUTER_BOUND('',#4913,.F.);
#4916=CLOSED_SHELL('',(#4780,#4795,#4810,#4824,#4838,#4858,#4871,#4883,#4903,
#4915));
#4917=MANIFOLD_SOLID_BREP('',#4916);
#4918=FILL_AREA_STYLE_COLOUR('',#28);
#4919=FILL_AREA_STYLE('',(#4918));
#4920=SURFACE_STYLE_FILL_AREA(#4919);
#4921=SURFACE_SIDE_STYLE('',(#4920));
#4922=SURFACE_STYLE_USAGE(.POSITIVE.,#4921);
#4923=PRESENTATION_STYLE_ASSIGNMENT((#4922));
#4548=STYLED_ITEM('',(#4923),#4917);
#4925=CARTESIAN_POINT('',(-3.26E-1,0.E0,1.6015E0));
#4926=DIRECTION('',(0.E0,-1.E0,0.E0));
#4927=DIRECTION('',(-2.171957144636E-2,0.E0,-9.997641022842E-1));
#4928=AXIS2_PLACEMENT_3D('',#4925,#4926,#4927);
#4930=CURVE_STYLE('',#36,POSITIVE_LENGTH_MEASURE(2.E-2),#28);
#4931=PRESENTATION_STYLE_ASSIGNMENT((#4930));
#4932=STYLED_ITEM('',(#4931),#4929);
#4933=CARTESIAN_POINT('',(-3.25E-1,0.E0,1.7075625E0));
#4934=DIRECTION('',(0.E0,1.E0,0.E0));
#4935=DIRECTION('',(-1.665815122203E-2,0.E0,-9.998612433722E-1));
#4936=AXIS2_PLACEMENT_3D('',#4933,#4934,#4935);
#4938=CURVE_STYLE('',#36,POSITIVE_LENGTH_MEASURE(2.E-2),#28);
#4939=PRESENTATION_STYLE_ASSIGNMENT((#4938));
#4940=STYLED_ITEM('',(#4939),#4937);
#4941=DIRECTION('',(1.E0,0.E0,0.E0));
#4942=VECTOR('',#4941,3.05E-1);
#4943=CARTESIAN_POINT('',(-4.775E-1,0.E0,2.E0));
#4944=LINE('',#4943,#4942);
#4945=CURVE_STYLE('',#36,POSITIVE_LENGTH_MEASURE(2.E-2),#28);
#4946=PRESENTATION_STYLE_ASSIGNMENT((#4945));
#4947=STYLED_ITEM('',(#4946),#4944);
#4948=CARTESIAN_POINT('',(-3.25E-1,0.E0,1.7075625E0));
#4949=DIRECTION('',(0.E0,1.E0,0.E0));
#4950=DIRECTION('',(5.920892987139E-1,0.E0,-8.058723610774E-1));
#4951=AXIS2_PLACEMENT_3D('',#4948,#4949,#4950);
#4953=CURVE_STYLE('',#36,POSITIVE_LENGTH_MEASURE(2.E-2),#28);
#4954=PRESENTATION_STYLE_ASSIGNMENT((#4953));
#4955=STYLED_ITEM('',(#4954),#4952);
#4956=CARTESIAN_POINT('',(-3.24E-1,0.E0,1.6015E0));
#4957=DIRECTION('',(0.E0,-1.E0,0.E0));
#4958=DIRECTION('',(0.E0,0.E0,-1.E0));
#4959=AXIS2_PLACEMENT_3D('',#4956,#4957,#4958);
#4961=CURVE_STYLE('',#36,POSITIVE_LENGTH_MEASURE(2.E-2),#28);
#4962=PRESENTATION_STYLE_ASSIGNMENT((#4961));
#4963=STYLED_ITEM('',(#4962),#4960);
#4964=DIRECTION('',(1.E0,0.E0,0.E0));
#4965=VECTOR('',#4964,2.E-3);
#4966=CARTESIAN_POINT('',(-3.26E-1,0.E0,1.45E0));
#4967=LINE('',#4966,#4965);
#4968=CURVE_STYLE('',#36,POSITIVE_LENGTH_MEASURE(2.E-2),#28);
#4969=PRESENTATION_STYLE_ASSIGNMENT((#4968));
#4970=STYLED_ITEM('',(#4969),#4967);
#4971=DIRECTION('',(-2.942091015257E-14,-1.E0,0.E0));
#4972=VECTOR('',#4971,1.E-1);
#4973=CARTESIAN_POINT('',(-3.292905150741E-1,1.E-1,1.450035738504E0));
#4974=LINE('',#4973,#4972);
#4975=CURVE_STYLE('',#36,POSITIVE_LENGTH_MEASURE(2.E-2),#28);
#4976=PRESENTATION_STYLE_ASSIGNMENT((#4975));
#4977=STYLED_ITEM('',(#4976),#4974);
#4978=DIRECTION('',(0.E0,1.E0,0.E0));
#4979=VECTOR('',#4978,1.E-1);
#4980=CARTESIAN_POINT('',(-1.725E-1,0.E0,1.5E0));
#4981=LINE('',#4980,#4979);
#4982=CURVE_STYLE('',#36,POSITIVE_LENGTH_MEASURE(2.E-2),#28);
#4983=PRESENTATION_STYLE_ASSIGNMENT((#4982));
#4984=STYLED_ITEM('',(#4983),#4981);
#4985=DIRECTION('',(0.E0,0.E0,1.E0));
#4986=VECTOR('',#4985,5.E-1);
#4987=CARTESIAN_POINT('',(-1.725E-1,0.E0,1.5E0));
#4988=LINE('',#4987,#4986);
#4989=CURVE_STYLE('',#36,POSITIVE_LENGTH_MEASURE(2.E-2),#28);
#4990=PRESENTATION_STYLE_ASSIGNMENT((#4989));
#4991=STYLED_ITEM('',(#4990),#4988);
#4992=DIRECTION('',(0.E0,1.E0,0.E0));
#4993=VECTOR('',#4992,1.E-1);
#4994=CARTESIAN_POINT('',(-1.725E-1,0.E0,2.E0));
#4995=LINE('',#4994,#4993);
#4996=CURVE_STYLE('',#36,POSITIVE_LENGTH_MEASURE(2.E-2),#28);
#4997=PRESENTATION_STYLE_ASSIGNMENT((#4996));
#4998=STYLED_ITEM('',(#4997),#4995);
#4999=DIRECTION('',(0.E0,0.E0,-1.E0));
#5000=VECTOR('',#4999,5.E-1);
#5001=CARTESIAN_POINT('',(-4.775E-1,1.E-1,2.E0));
#5002=LINE('',#5001,#5000);
#5003=CURVE_STYLE('',#36,POSITIVE_LENGTH_MEASURE(2.E-2),#28);
#5004=PRESENTATION_STYLE_ASSIGNMENT((#5003));
#5005=STYLED_ITEM('',(#5004),#5002);
#5006=CARTESIAN_POINT('',(-3.25E-1,1.E-1,1.7075625E0));
#5007=DIRECTION('',(0.E0,1.E0,0.E0));
#5008=DIRECTION('',(-1.665815122199E-2,0.E0,-9.998612433722E-1));
#5009=AXIS2_PLACEMENT_3D('',#5006,#5007,#5008);
#5011=CURVE_STYLE('',#36,POSITIVE_LENGTH_MEASURE(2.E-2),#28);
#5012=PRESENTATION_STYLE_ASSIGNMENT((#5011));
#5013=STYLED_ITEM('',(#5012),#5010);
#5014=CARTESIAN_POINT('',(-3.26E-1,1.E-1,1.6015E0));
#5015=DIRECTION('',(0.E0,-1.E0,0.E0));
#5016=DIRECTION('',(-2.171957144630E-2,0.E0,-9.997641022842E-1));
#5017=AXIS2_PLACEMENT_3D('',#5014,#5015,#5016);
#5019=CURVE_STYLE('',#36,POSITIVE_LENGTH_MEASURE(2.E-2),#28);
#5020=PRESENTATION_STYLE_ASSIGNMENT((#5019));
#5021=STYLED_ITEM('',(#5020),#5018);
#5022=DIRECTION('',(1.E0,0.E0,-1.110223024625E-13));
#5023=VECTOR('',#5022,2.E-3);
#5024=CARTESIAN_POINT('',(-3.26E-1,1.E-1,1.45E0));
#5025=LINE('',#5024,#5023);
#5026=CURVE_STYLE('',#36,POSITIVE_LENGTH_MEASURE(2.E-2),#28);
#5027=PRESENTATION_STYLE_ASSIGNMENT((#5026));
#5028=STYLED_ITEM('',(#5027),#5025);
#5029=CARTESIAN_POINT('',(-3.24E-1,1.E-1,1.6015E0));
#5030=DIRECTION('',(0.E0,-1.E0,0.E0));
#5031=DIRECTION('',(0.E0,0.E0,-1.E0));
#5032=AXIS2_PLACEMENT_3D('',#5029,#5030,#5031);
#5034=CURVE_STYLE('',#36,POSITIVE_LENGTH_MEASURE(2.E-2),#28);
#5035=PRESENTATION_STYLE_ASSIGNMENT((#5034));
#5036=STYLED_ITEM('',(#5035),#5033);
#5037=CARTESIAN_POINT('',(-3.25E-1,1.E-1,1.7075625E0));
#5038=DIRECTION('',(0.E0,1.E0,0.E0));
#5039=DIRECTION('',(5.920892987139E-1,0.E0,-8.058723610774E-1));
#5040=AXIS2_PLACEMENT_3D('',#5037,#5038,#5039);
#5042=CURVE_STYLE('',#36,POSITIVE_LENGTH_MEASURE(2.E-2),#28);
#5043=PRESENTATION_STYLE_ASSIGNMENT((#5042));
#5044=STYLED_ITEM('',(#5043),#5041);
#5045=DIRECTION('',(0.E0,0.E0,1.E0));
#5046=VECTOR('',#5045,5.E-1);
#5047=CARTESIAN_POINT('',(-1.725E-1,1.E-1,1.5E0));
#5048=LINE('',#5047,#5046);
#5049=CURVE_STYLE('',#36,POSITIVE_LENGTH_MEASURE(2.E-2),#28);
#5050=PRESENTATION_STYLE_ASSIGNMENT((#5049));
#5051=STYLED_ITEM('',(#5050),#5048);
#5052=DIRECTION('',(1.E0,0.E0,0.E0));
#5053=VECTOR('',#5052,3.05E-1);
#5054=CARTESIAN_POINT('',(-4.775E-1,1.E-1,2.E0));
#5055=LINE('',#5054,#5053);
#5056=CURVE_STYLE('',#36,POSITIVE_LENGTH_MEASURE(2.E-2),#28);
#5057=PRESENTATION_STYLE_ASSIGNMENT((#5056));
#5058=STYLED_ITEM('',(#5057),#5055);
#5059=DIRECTION('',(0.E0,0.E0,-1.E0));
#5060=VECTOR('',#5059,5.E-1);
#5061=CARTESIAN_POINT('',(-4.775E-1,0.E0,2.E0));
#5062=LINE('',#5061,#5060);
#5063=CURVE_STYLE('',#36,POSITIVE_LENGTH_MEASURE(2.E-2),#28);
#5064=PRESENTATION_STYLE_ASSIGNMENT((#5063));
#5065=STYLED_ITEM('',(#5064),#5062);
#5066=DIRECTION('',(0.E0,1.E0,0.E0));
#5067=VECTOR('',#5066,1.E-1);
#5068=CARTESIAN_POINT('',(-4.775E-1,0.E0,1.5E0));
#5069=LINE('',#5068,#5067);
#5070=CURVE_STYLE('',#36,POSITIVE_LENGTH_MEASURE(2.E-2),#28);
#5071=PRESENTATION_STYLE_ASSIGNMENT((#5070));
#5072=STYLED_ITEM('',(#5071),#5069);
#5073=DIRECTION('',(0.E0,1.E0,0.E0));
#5074=VECTOR('',#5073,1.E-1);
#5075=CARTESIAN_POINT('',(-4.775E-1,0.E0,2.E0));
#5076=LINE('',#5075,#5074);
#5077=CURVE_STYLE('',#36,POSITIVE_LENGTH_MEASURE(2.E-2),#28);
#5078=PRESENTATION_STYLE_ASSIGNMENT((#5077));
#5079=STYLED_ITEM('',(#5078),#5076);
#5080=DIRECTION('',(0.E0,1.E0,0.E0));
#5081=VECTOR('',#5080,1.E-1);
#5082=CARTESIAN_POINT('',(-3.26E-1,0.E0,1.45E0));
#5083=LINE('',#5082,#5081);
#5084=CURVE_STYLE('',#36,POSITIVE_LENGTH_MEASURE(2.E-2),#28);
#5085=PRESENTATION_STYLE_ASSIGNMENT((#5084));
#5086=STYLED_ITEM('',(#5085),#5083);
#5087=DIRECTION('',(3.441691376338E-14,-1.E0,0.E0));
#5088=VECTOR('',#5087,1.E-1);
#5089=CARTESIAN_POINT('',(-3.207094849259E-1,1.E-1,1.450035738504E0));
#5090=LINE('',#5089,#5088);
#5091=CURVE_STYLE('',#36,POSITIVE_LENGTH_MEASURE(2.E-2),#28);
#5092=PRESENTATION_STYLE_ASSIGNMENT((#5091));
#5093=STYLED_ITEM('',(#5092),#5090);
#5094=DIRECTION('',(0.E0,1.E0,0.E0));
#5095=VECTOR('',#5094,1.E-1);
#5096=CARTESIAN_POINT('',(-3.24E-1,0.E0,1.45E0));
#5097=LINE('',#5096,#5095);
#5098=CURVE_STYLE('',#36,POSITIVE_LENGTH_MEASURE(2.E-2),#28);
#5099=PRESENTATION_STYLE_ASSIGNMENT((#5098));
#5100=STYLED_ITEM('',(#5099),#5097);
#5101=CARTESIAN_POINT('',(-3.26E-1,0.E0,1.45E0));
#5102=CARTESIAN_POINT('',(-3.24E-1,0.E0,1.45E0));
#5103=VERTEX_POINT('',#5101);
#5104=VERTEX_POINT('',#5102);
#5105=CARTESIAN_POINT('',(-3.26E-1,1.E-1,1.45E0));
#5106=CARTESIAN_POINT('',(-3.24E-1,1.E-1,1.45E0));
#5107=VERTEX_POINT('',#5105);
#5108=VERTEX_POINT('',#5106);
#5109=CARTESIAN_POINT('',(-4.775E-1,0.E0,2.E0));
#5110=CARTESIAN_POINT('',(-1.725E-1,0.E0,2.E0));
#5111=VERTEX_POINT('',#5109);
#5112=VERTEX_POINT('',#5110);
#5113=CARTESIAN_POINT('',(-4.775E-1,1.E-1,2.E0));
#5114=VERTEX_POINT('',#5113);
#5115=CARTESIAN_POINT('',(-1.725E-1,1.E-1,2.E0));
#5116=VERTEX_POINT('',#5115);
#5117=CARTESIAN_POINT('',(-1.725E-1,0.E0,1.5E0));
#5118=CARTESIAN_POINT('',(-1.725E-1,1.E-1,1.5E0));
#5119=VERTEX_POINT('',#5117);
#5120=VERTEX_POINT('',#5118);
#5121=CARTESIAN_POINT('',(-4.775E-1,0.E0,1.5E0));
#5122=CARTESIAN_POINT('',(-4.775E-1,1.E-1,1.5E0));
#5123=VERTEX_POINT('',#5121);
#5124=VERTEX_POINT('',#5122);
#5125=CARTESIAN_POINT('',(-3.207094849259E-1,0.E0,1.450035738504E0));
#5126=VERTEX_POINT('',#5125);
#5127=CARTESIAN_POINT('',(-3.292905150741E-1,0.E0,1.450035738504E0));
#5128=VERTEX_POINT('',#5127);
#5129=CARTESIAN_POINT('',(-3.207094849259E-1,1.E-1,1.450035738504E0));
#5130=VERTEX_POINT('',#5129);
#5131=CARTESIAN_POINT('',(-3.292905150741E-1,1.E-1,1.450035738504E0));
#5132=VERTEX_POINT('',#5131);
#5133=CARTESIAN_POINT('',(0.E0,0.E0,0.E0));
#5134=DIRECTION('',(0.E0,-1.E0,0.E0));
#5135=DIRECTION('',(1.E0,0.E0,0.E0));
#5136=AXIS2_PLACEMENT_3D('',#5133,#5134,#5135);
#5137=PLANE('',#5136);
#5139=ORIENTED_EDGE('',*,*,#5138,.F.);
#5141=ORIENTED_EDGE('',*,*,#5140,.T.);
#5143=ORIENTED_EDGE('',*,*,#5142,.F.);
#5145=ORIENTED_EDGE('',*,*,#5144,.T.);
#5147=ORIENTED_EDGE('',*,*,#5146,.F.);
#5149=ORIENTED_EDGE('',*,*,#5148,.T.);
#5151=ORIENTED_EDGE('',*,*,#5150,.F.);
#5153=ORIENTED_EDGE('',*,*,#5152,.F.);
#5154=EDGE_LOOP('',(#5139,#5141,#5143,#5145,#5147,#5149,#5151,#5153));
#5155=FACE_OUTER_BOUND('',#5154,.F.);
#5157=CARTESIAN_POINT('',(-3.26E-1,0.E0,1.6015E0));
#5158=DIRECTION('',(0.E0,-1.E0,0.E0));
#5159=DIRECTION('',(1.E0,0.E0,0.E0));
#5160=AXIS2_PLACEMENT_3D('',#5157,#5158,#5159);
#5161=CYLINDRICAL_SURFACE('',#5160,1.515E-1);
#5163=ORIENTED_EDGE('',*,*,#5162,.T.);
#5164=ORIENTED_EDGE('',*,*,#5138,.T.);
#5166=ORIENTED_EDGE('',*,*,#5165,.T.);
#5168=ORIENTED_EDGE('',*,*,#5167,.F.);
#5169=EDGE_LOOP('',(#5163,#5164,#5166,#5168));
#5170=FACE_OUTER_BOUND('',#5169,.F.);
#5172=CARTESIAN_POINT('',(-3.25E-1,0.E0,1.7075625E0));
#5173=DIRECTION('',(0.E0,1.E0,0.E0));
#5174=DIRECTION('',(0.E0,0.E0,-1.E0));
#5175=AXIS2_PLACEMENT_3D('',#5172,#5173,#5174);
#5176=CYLINDRICAL_SURFACE('',#5175,2.575625E-1);
#5177=ORIENTED_EDGE('',*,*,#5148,.F.);
#5179=ORIENTED_EDGE('',*,*,#5178,.T.);
#5181=ORIENTED_EDGE('',*,*,#5180,.T.);
#5183=ORIENTED_EDGE('',*,*,#5182,.T.);
#5184=EDGE_LOOP('',(#5177,#5179,#5181,#5183));
#5185=FACE_OUTER_BOUND('',#5184,.F.);
#5187=CARTESIAN_POINT('',(-3.25E-1,0.E0,1.7075625E0));
#5188=DIRECTION('',(0.E0,1.E0,0.E0));
#5189=DIRECTION('',(0.E0,0.E0,-1.E0));
#5190=AXIS2_PLACEMENT_3D('',#5187,#5188,#5189);
#5191=CYLINDRICAL_SURFACE('',#5190,2.575625E-1);
#5192=ORIENTED_EDGE('',*,*,#5140,.F.);
#5193=ORIENTED_EDGE('',*,*,#5162,.F.);
#5195=ORIENTED_EDGE('',*,*,#5194,.T.);
#5197=ORIENTED_EDGE('',*,*,#5196,.F.);
#5198=EDGE_LOOP('',(#5192,#5193,#5195,#5197));
#5199=FACE_OUTER_BOUND('',#5198,.F.);
#5201=CARTESIAN_POINT('',(-1.725E-1,0.E0,1.6015E0));
#5202=DIRECTION('',(-1.E0,0.E0,0.E0));
#5203=DIRECTION('',(0.E0,0.E0,1.E0));
#5204=AXIS2_PLACEMENT_3D('',#5201,#5202,#5203);
#5205=PLANE('',#5204);
#5207=ORIENTED_EDGE('',*,*,#5206,.F.);
#5208=ORIENTED_EDGE('',*,*,#5178,.F.);
#5209=ORIENTED_EDGE('',*,*,#5146,.T.);
#5211=ORIENTED_EDGE('',*,*,#5210,.T.);
#5212=EDGE_LOOP('',(#5207,#5208,#5209,#5211));
#5213=FACE_OUTER_BOUND('',#5212,.F.);
#5215=CARTESIAN_POINT('',(0.E0,1.E-1,0.E0));
#5216=DIRECTION('',(0.E0,-1.E0,0.E0));
#5217=DIRECTION('',(1.E0,0.E0,0.E0));
#5218=AXIS2_PLACEMENT_3D('',#5215,#5216,#5217);
#5219=PLANE('',#5218);
#5221=ORIENTED_EDGE('',*,*,#5220,.T.);
#5222=ORIENTED_EDGE('',*,*,#5194,.F.);
#5223=ORIENTED_EDGE('',*,*,#5167,.T.);
#5225=ORIENTED_EDGE('',*,*,#5224,.T.);
#5227=ORIENTED_EDGE('',*,*,#5226,.T.);
#5228=ORIENTED_EDGE('',*,*,#5180,.F.);
#5229=ORIENTED_EDGE('',*,*,#5206,.T.);
#5231=ORIENTED_EDGE('',*,*,#5230,.F.);
#5232=EDGE_LOOP('',(#5221,#5222,#5223,#5225,#5227,#5228,#5229,#5231));
#5233=FACE_OUTER_BOUND('',#5232,.F.);
#5235=CARTESIAN_POINT('',(-4.775E-1,0.E0,2.1E0));
#5236=DIRECTION('',(1.E0,0.E0,0.E0));
#5237=DIRECTION('',(0.E0,0.E0,-1.E0));
#5238=AXIS2_PLACEMENT_3D('',#5235,#5236,#5237);
#5239=PLANE('',#5238);
#5240=ORIENTED_EDGE('',*,*,#5142,.T.);
#5241=ORIENTED_EDGE('',*,*,#5196,.T.);
#5242=ORIENTED_EDGE('',*,*,#5220,.F.);
#5244=ORIENTED_EDGE('',*,*,#5243,.F.);
#5245=EDGE_LOOP('',(#5240,#5241,#5242,#5244));
#5246=FACE_OUTER_BOUND('',#5245,.F.);
#5248=CARTESIAN_POINT('',(2.E0,0.E0,2.E0));
#5249=DIRECTION('',(0.E0,0.E0,-1.E0));
#5250=DIRECTION('',(-1.E0,0.E0,0.E0));
#5251=AXIS2_PLACEMENT_3D('',#5248,#5249,#5250);
#5252=PLANE('',#5251);
#5253=ORIENTED_EDGE('',*,*,#5144,.F.);
#5254=ORIENTED_EDGE('',*,*,#5243,.T.);
#5255=ORIENTED_EDGE('',*,*,#5230,.T.);
#5256=ORIENTED_EDGE('',*,*,#5210,.F.);
#5257=EDGE_LOOP('',(#5253,#5254,#5255,#5256));
#5258=FACE_OUTER_BOUND('',#5257,.F.);
#5260=FILL_AREA_STYLE_COLOUR('',#29);
#5261=FILL_AREA_STYLE('',(#5260));
#5262=SURFACE_STYLE_FILL_AREA(#5261);
#5263=SURFACE_SIDE_STYLE('',(#5262));
#5264=SURFACE_STYLE_USAGE(.POSITIVE.,#5263);
#5265=PRESENTATION_STYLE_ASSIGNMENT((#5264));
#5266=OVER_RIDING_STYLED_ITEM('',(#5265),#5259,#4924);
#5267=CARTESIAN_POINT('',(-3.26E-1,0.E0,1.45E0));
#5268=DIRECTION('',(0.E0,0.E0,1.E0));
#5269=DIRECTION('',(1.E0,0.E0,0.E0));
#5270=AXIS2_PLACEMENT_3D('',#5267,#5268,#5269);
#5271=PLANE('',#5270);
#5272=ORIENTED_EDGE('',*,*,#5152,.T.);
#5274=ORIENTED_EDGE('',*,*,#5273,.T.);
#5275=ORIENTED_EDGE('',*,*,#5224,.F.);
#5276=ORIENTED_EDGE('',*,*,#5165,.F.);
#5277=EDGE_LOOP('',(#5272,#5274,#5275,#5276));
#5278=FACE_OUTER_BOUND('',#5277,.F.);
#5280=CARTESIAN_POINT('',(-3.24E-1,0.E0,1.6015E0));
#5281=DIRECTION('',(0.E0,-1.E0,0.E0));
#5282=DIRECTION('',(1.E0,0.E0,0.E0));
#5283=AXIS2_PLACEMENT_3D('',#5280,#5281,#5282);
#5284=CYLINDRICAL_SURFACE('',#5283,1.515E-1);
#5285=ORIENTED_EDGE('',*,*,#5182,.F.);
#5286=ORIENTED_EDGE('',*,*,#5226,.F.);
#5287=ORIENTED_EDGE('',*,*,#5273,.F.);
#5288=ORIENTED_EDGE('',*,*,#5150,.T.);
#5289=EDGE_LOOP('',(#5285,#5286,#5287,#5288));
#5290=FACE_OUTER_BOUND('',#5289,.F.);
#5292=CLOSED_SHELL('',(#5156,#5171,#5186,#5200,#5214,#5234,#5247,#5259,#5279,
#5291));
#5293=MANIFOLD_SOLID_BREP('',#5292);
#5294=FILL_AREA_STYLE_COLOUR('',#28);
#5295=FILL_AREA_STYLE('',(#5294));
#5296=SURFACE_STYLE_FILL_AREA(#5295);
#5297=SURFACE_SIDE_STYLE('',(#5296));
#5298=SURFACE_STYLE_USAGE(.POSITIVE.,#5297);
#5299=PRESENTATION_STYLE_ASSIGNMENT((#5298));
#4924=STYLED_ITEM('',(#5299),#5293);
#5301=CARTESIAN_POINT('',(3.24E-1,0.E0,1.6015E0));
#5302=DIRECTION('',(0.E0,-1.E0,0.E0));
#5303=DIRECTION('',(-2.171957144636E-2,0.E0,-9.997641022842E-1));
#5304=AXIS2_PLACEMENT_3D('',#5301,#5302,#5303);
#5306=CURVE_STYLE('',#36,POSITIVE_LENGTH_MEASURE(2.E-2),#28);
#5307=PRESENTATION_STYLE_ASSIGNMENT((#5306));
#5308=STYLED_ITEM('',(#5307),#5305);
#5309=CARTESIAN_POINT('',(3.25E-1,0.E0,1.7075625E0));
#5310=DIRECTION('',(0.E0,1.E0,0.E0));
#5311=DIRECTION('',(-1.665815122203E-2,0.E0,-9.998612433722E-1));
#5312=AXIS2_PLACEMENT_3D('',#5309,#5310,#5311);
#5314=CURVE_STYLE('',#36,POSITIVE_LENGTH_MEASURE(2.E-2),#28);
#5315=PRESENTATION_STYLE_ASSIGNMENT((#5314));
#5316=STYLED_ITEM('',(#5315),#5313);
#5317=DIRECTION('',(1.E0,0.E0,0.E0));
#5318=VECTOR('',#5317,3.05E-1);
#5319=CARTESIAN_POINT('',(1.725E-1,0.E0,2.E0));
#5320=LINE('',#5319,#5318);
#5321=CURVE_STYLE('',#36,POSITIVE_LENGTH_MEASURE(2.E-2),#28);
#5322=PRESENTATION_STYLE_ASSIGNMENT((#5321));
#5323=STYLED_ITEM('',(#5322),#5320);
#5324=CARTESIAN_POINT('',(3.25E-1,0.E0,1.7075625E0));
#5325=DIRECTION('',(0.E0,1.E0,0.E0));
#5326=DIRECTION('',(5.920892987139E-1,0.E0,-8.058723610774E-1));
#5327=AXIS2_PLACEMENT_3D('',#5324,#5325,#5326);
#5329=CURVE_STYLE('',#36,POSITIVE_LENGTH_MEASURE(2.E-2),#28);
#5330=PRESENTATION_STYLE_ASSIGNMENT((#5329));
#5331=STYLED_ITEM('',(#5330),#5328);
#5332=CARTESIAN_POINT('',(3.26E-1,0.E0,1.6015E0));
#5333=DIRECTION('',(0.E0,-1.E0,0.E0));
#5334=DIRECTION('',(0.E0,0.E0,-1.E0));
#5335=AXIS2_PLACEMENT_3D('',#5332,#5333,#5334);
#5337=CURVE_STYLE('',#36,POSITIVE_LENGTH_MEASURE(2.E-2),#28);
#5338=PRESENTATION_STYLE_ASSIGNMENT((#5337));
#5339=STYLED_ITEM('',(#5338),#5336);
#5340=DIRECTION('',(1.E0,0.E0,0.E0));
#5341=VECTOR('',#5340,2.E-3);
#5342=CARTESIAN_POINT('',(3.24E-1,0.E0,1.45E0));
#5343=LINE('',#5342,#5341);
#5344=CURVE_STYLE('',#36,POSITIVE_LENGTH_MEASURE(2.E-2),#28);
#5345=PRESENTATION_STYLE_ASSIGNMENT((#5344));
#5346=STYLED_ITEM('',(#5345),#5343);
#5347=DIRECTION('',(-3.164135620182E-14,-1.E0,0.E0));
#5348=VECTOR('',#5347,1.E-1);
#5349=CARTESIAN_POINT('',(3.207094849259E-1,1.E-1,1.450035738504E0));
#5350=LINE('',#5349,#5348);
#5351=CURVE_STYLE('',#36,POSITIVE_LENGTH_MEASURE(2.E-2),#28);
#5352=PRESENTATION_STYLE_ASSIGNMENT((#5351));
#5353=STYLED_ITEM('',(#5352),#5350);
#5354=DIRECTION('',(0.E0,1.E0,0.E0));
#5355=VECTOR('',#5354,1.E-1);
#5356=CARTESIAN_POINT('',(4.775E-1,0.E0,1.5E0));
#5357=LINE('',#5356,#5355);
#5358=CURVE_STYLE('',#36,POSITIVE_LENGTH_MEASURE(2.E-2),#28);
#5359=PRESENTATION_STYLE_ASSIGNMENT((#5358));
#5360=STYLED_ITEM('',(#5359),#5357);
#5361=DIRECTION('',(0.E0,0.E0,1.E0));
#5362=VECTOR('',#5361,5.E-1);
#5363=CARTESIAN_POINT('',(4.775E-1,0.E0,1.5E0));
#5364=LINE('',#5363,#5362);
#5365=CURVE_STYLE('',#36,POSITIVE_LENGTH_MEASURE(2.E-2),#28);
#5366=PRESENTATION_STYLE_ASSIGNMENT((#5365));
#5367=STYLED_ITEM('',(#5366),#5364);
#5368=DIRECTION('',(0.E0,1.E0,0.E0));
#5369=VECTOR('',#5368,1.E-1);
#5370=CARTESIAN_POINT('',(4.775E-1,0.E0,2.E0));
#5371=LINE('',#5370,#5369);
#5372=CURVE_STYLE('',#36,POSITIVE_LENGTH_MEASURE(2.E-2),#28);
#5373=PRESENTATION_STYLE_ASSIGNMENT((#5372));
#5374=STYLED_ITEM('',(#5373),#5371);
#5375=DIRECTION('',(0.E0,0.E0,-1.E0));
#5376=VECTOR('',#5375,5.E-1);
#5377=CARTESIAN_POINT('',(1.725E-1,1.E-1,2.E0));
#5378=LINE('',#5377,#5376);
#5379=CURVE_STYLE('',#36,POSITIVE_LENGTH_MEASURE(2.E-2),#28);
#5380=PRESENTATION_STYLE_ASSIGNMENT((#5379));
#5381=STYLED_ITEM('',(#5380),#5378);
#5382=CARTESIAN_POINT('',(3.25E-1,1.E-1,1.7075625E0));
#5383=DIRECTION('',(0.E0,1.E0,0.E0));
#5384=DIRECTION('',(-1.665815122199E-2,0.E0,-9.998612433722E-1));
#5385=AXIS2_PLACEMENT_3D('',#5382,#5383,#5384);
#5387=CURVE_STYLE('',#36,POSITIVE_LENGTH_MEASURE(2.E-2),#28);
#5388=PRESENTATION_STYLE_ASSIGNMENT((#5387));
#5389=STYLED_ITEM('',(#5388),#5386);
#5390=CARTESIAN_POINT('',(3.24E-1,1.E-1,1.6015E0));
#5391=DIRECTION('',(0.E0,-1.E0,0.E0));
#5392=DIRECTION('',(-2.171957144630E-2,0.E0,-9.997641022842E-1));
#5393=AXIS2_PLACEMENT_3D('',#5390,#5391,#5392);
#5395=CURVE_STYLE('',#36,POSITIVE_LENGTH_MEASURE(2.E-2),#28);
#5396=PRESENTATION_STYLE_ASSIGNMENT((#5395));
#5397=STYLED_ITEM('',(#5396),#5394);
#5398=DIRECTION('',(1.E0,0.E0,-1.110223024625E-13));
#5399=VECTOR('',#5398,2.E-3);
#5400=CARTESIAN_POINT('',(3.24E-1,1.E-1,1.45E0));
#5401=LINE('',#5400,#5399);
#5402=CURVE_STYLE('',#36,POSITIVE_LENGTH_MEASURE(2.E-2),#28);
#5403=PRESENTATION_STYLE_ASSIGNMENT((#5402));
#5404=STYLED_ITEM('',(#5403),#5401);
#5405=CARTESIAN_POINT('',(3.26E-1,1.E-1,1.6015E0));
#5406=DIRECTION('',(0.E0,-1.E0,0.E0));
#5407=DIRECTION('',(0.E0,0.E0,-1.E0));
#5408=AXIS2_PLACEMENT_3D('',#5405,#5406,#5407);
#5410=CURVE_STYLE('',#36,POSITIVE_LENGTH_MEASURE(2.E-2),#28);
#5411=PRESENTATION_STYLE_ASSIGNMENT((#5410));
#5412=STYLED_ITEM('',(#5411),#5409);
#5413=CARTESIAN_POINT('',(3.25E-1,1.E-1,1.7075625E0));
#5414=DIRECTION('',(0.E0,1.E0,0.E0));
#5415=DIRECTION('',(5.920892987139E-1,0.E0,-8.058723610774E-1));
#5416=AXIS2_PLACEMENT_3D('',#5413,#5414,#5415);
#5418=CURVE_STYLE('',#36,POSITIVE_LENGTH_MEASURE(2.E-2),#28);
#5419=PRESENTATION_STYLE_ASSIGNMENT((#5418));
#5420=STYLED_ITEM('',(#5419),#5417);
#5421=DIRECTION('',(0.E0,0.E0,1.E0));
#5422=VECTOR('',#5421,5.E-1);
#5423=CARTESIAN_POINT('',(4.775E-1,1.E-1,1.5E0));
#5424=LINE('',#5423,#5422);
#5425=CURVE_STYLE('',#36,POSITIVE_LENGTH_MEASURE(2.E-2),#28);
#5426=PRESENTATION_STYLE_ASSIGNMENT((#5425));
#5427=STYLED_ITEM('',(#5426),#5424);
#5428=DIRECTION('',(1.E0,0.E0,0.E0));
#5429=VECTOR('',#5428,3.05E-1);
#5430=CARTESIAN_POINT('',(1.725E-1,1.E-1,2.E0));
#5431=LINE('',#5430,#5429);
#5432=CURVE_STYLE('',#36,POSITIVE_LENGTH_MEASURE(2.E-2),#28);
#5433=PRESENTATION_STYLE_ASSIGNMENT((#5432));
#5434=STYLED_ITEM('',(#5433),#5431);
#5435=DIRECTION('',(0.E0,0.E0,-1.E0));
#5436=VECTOR('',#5435,5.E-1);
#5437=CARTESIAN_POINT('',(1.725E-1,0.E0,2.E0));
#5438=LINE('',#5437,#5436);
#5439=CURVE_STYLE('',#36,POSITIVE_LENGTH_MEASURE(2.E-2),#28);
#5440=PRESENTATION_STYLE_ASSIGNMENT((#5439));
#5441=STYLED_ITEM('',(#5440),#5438);
#5442=DIRECTION('',(0.E0,1.E0,0.E0));
#5443=VECTOR('',#5442,1.E-1);
#5444=CARTESIAN_POINT('',(1.725E-1,0.E0,1.5E0));
#5445=LINE('',#5444,#5443);
#5446=CURVE_STYLE('',#36,POSITIVE_LENGTH_MEASURE(2.E-2),#28);
#5447=PRESENTATION_STYLE_ASSIGNMENT((#5446));
#5448=STYLED_ITEM('',(#5447),#5445);
#5449=DIRECTION('',(0.E0,1.E0,0.E0));
#5450=VECTOR('',#5449,1.E-1);
#5451=CARTESIAN_POINT('',(1.725E-1,0.E0,2.E0));
#5452=LINE('',#5451,#5450);
#5453=CURVE_STYLE('',#36,POSITIVE_LENGTH_MEASURE(2.E-2),#28);
#5454=PRESENTATION_STYLE_ASSIGNMENT((#5453));
#5455=STYLED_ITEM('',(#5454),#5452);
#5456=DIRECTION('',(0.E0,1.E0,0.E0));
#5457=VECTOR('',#5456,1.E-1);
#5458=CARTESIAN_POINT('',(3.24E-1,0.E0,1.45E0));
#5459=LINE('',#5458,#5457);
#5460=CURVE_STYLE('',#36,POSITIVE_LENGTH_MEASURE(2.E-2),#28);
#5461=PRESENTATION_STYLE_ASSIGNMENT((#5460));
#5462=STYLED_ITEM('',(#5461),#5459);
#5463=DIRECTION('',(2.997602166488E-14,-1.E0,0.E0));
#5464=VECTOR('',#5463,1.E-1);
#5465=CARTESIAN_POINT('',(3.292905150741E-1,1.E-1,1.450035738504E0));
#5466=LINE('',#5465,#5464);
#5467=CURVE_STYLE('',#36,POSITIVE_LENGTH_MEASURE(2.E-2),#28);
#5468=PRESENTATION_STYLE_ASSIGNMENT((#5467));
#5469=STYLED_ITEM('',(#5468),#5466);
#5470=DIRECTION('',(0.E0,1.E0,0.E0));
#5471=VECTOR('',#5470,1.E-1);
#5472=CARTESIAN_POINT('',(3.26E-1,0.E0,1.45E0));
#5473=LINE('',#5472,#5471);
#5474=CURVE_STYLE('',#36,POSITIVE_LENGTH_MEASURE(2.E-2),#28);
#5475=PRESENTATION_STYLE_ASSIGNMENT((#5474));
#5476=STYLED_ITEM('',(#5475),#5473);
#5477=CARTESIAN_POINT('',(3.24E-1,0.E0,1.45E0));
#5478=CARTESIAN_POINT('',(3.26E-1,0.E0,1.45E0));
#5479=VERTEX_POINT('',#5477);
#5480=VERTEX_POINT('',#5478);
#5481=CARTESIAN_POINT('',(3.24E-1,1.E-1,1.45E0));
#5482=CARTESIAN_POINT('',(3.26E-1,1.E-1,1.45E0));
#5483=VERTEX_POINT('',#5481);
#5484=VERTEX_POINT('',#5482);
#5485=CARTESIAN_POINT('',(1.725E-1,0.E0,2.E0));
#5486=CARTESIAN_POINT('',(4.775E-1,0.E0,2.E0));
#5487=VERTEX_POINT('',#5485);
#5488=VERTEX_POINT('',#5486);
#5489=CARTESIAN_POINT('',(1.725E-1,1.E-1,2.E0));
#5490=VERTEX_POINT('',#5489);
#5491=CARTESIAN_POINT('',(4.775E-1,1.E-1,2.E0));
#5492=VERTEX_POINT('',#5491);
#5493=CARTESIAN_POINT('',(4.775E-1,0.E0,1.5E0));
#5494=CARTESIAN_POINT('',(4.775E-1,1.E-1,1.5E0));
#5495=VERTEX_POINT('',#5493);
#5496=VERTEX_POINT('',#5494);
#5497=CARTESIAN_POINT('',(1.725E-1,0.E0,1.5E0));
#5498=CARTESIAN_POINT('',(1.725E-1,1.E-1,1.5E0));
#5499=VERTEX_POINT('',#5497);
#5500=VERTEX_POINT('',#5498);
#5501=CARTESIAN_POINT('',(3.292905150741E-1,0.E0,1.450035738504E0));
#5502=VERTEX_POINT('',#5501);
#5503=CARTESIAN_POINT('',(3.207094849259E-1,0.E0,1.450035738504E0));
#5504=VERTEX_POINT('',#5503);
#5505=CARTESIAN_POINT('',(3.292905150741E-1,1.E-1,1.450035738504E0));
#5506=VERTEX_POINT('',#5505);
#5507=CARTESIAN_POINT('',(3.207094849259E-1,1.E-1,1.450035738504E0));
#5508=VERTEX_POINT('',#5507);
#5509=CARTESIAN_POINT('',(0.E0,0.E0,0.E0));
#5510=DIRECTION('',(0.E0,-1.E0,0.E0));
#5511=DIRECTION('',(1.E0,0.E0,0.E0));
#5512=AXIS2_PLACEMENT_3D('',#5509,#5510,#5511);
#5513=PLANE('',#5512);
#5515=ORIENTED_EDGE('',*,*,#5514,.F.);
#5517=ORIENTED_EDGE('',*,*,#5516,.T.);
#5519=ORIENTED_EDGE('',*,*,#5518,.F.);
#5521=ORIENTED_EDGE('',*,*,#5520,.T.);
#5523=ORIENTED_EDGE('',*,*,#5522,.F.);
#5525=ORIENTED_EDGE('',*,*,#5524,.T.);
#5527=ORIENTED_EDGE('',*,*,#5526,.F.);
#5529=ORIENTED_EDGE('',*,*,#5528,.F.);
#5530=EDGE_LOOP('',(#5515,#5517,#5519,#5521,#5523,#5525,#5527,#5529));
#5531=FACE_OUTER_BOUND('',#5530,.F.);
#5533=CARTESIAN_POINT('',(3.24E-1,0.E0,1.6015E0));
#5534=DIRECTION('',(0.E0,-1.E0,0.E0));
#5535=DIRECTION('',(1.E0,0.E0,0.E0));
#5536=AXIS2_PLACEMENT_3D('',#5533,#5534,#5535);
#5537=CYLINDRICAL_SURFACE('',#5536,1.515E-1);
#5539=ORIENTED_EDGE('',*,*,#5538,.T.);
#5540=ORIENTED_EDGE('',*,*,#5514,.T.);
#5542=ORIENTED_EDGE('',*,*,#5541,.T.);
#5544=ORIENTED_EDGE('',*,*,#5543,.F.);
#5545=EDGE_LOOP('',(#5539,#5540,#5542,#5544));
#5546=FACE_OUTER_BOUND('',#5545,.F.);
#5548=CARTESIAN_POINT('',(3.25E-1,0.E0,1.7075625E0));
#5549=DIRECTION('',(0.E0,1.E0,0.E0));
#5550=DIRECTION('',(0.E0,0.E0,-1.E0));
#5551=AXIS2_PLACEMENT_3D('',#5548,#5549,#5550);
#5552=CYLINDRICAL_SURFACE('',#5551,2.575625E-1);
#5553=ORIENTED_EDGE('',*,*,#5524,.F.);
#5555=ORIENTED_EDGE('',*,*,#5554,.T.);
#5557=ORIENTED_EDGE('',*,*,#5556,.T.);
#5559=ORIENTED_EDGE('',*,*,#5558,.T.);
#5560=EDGE_LOOP('',(#5553,#5555,#5557,#5559));
#5561=FACE_OUTER_BOUND('',#5560,.F.);
#5563=CARTESIAN_POINT('',(3.25E-1,0.E0,1.7075625E0));
#5564=DIRECTION('',(0.E0,1.E0,0.E0));
#5565=DIRECTION('',(0.E0,0.E0,-1.E0));
#5566=AXIS2_PLACEMENT_3D('',#5563,#5564,#5565);
#5567=CYLINDRICAL_SURFACE('',#5566,2.575625E-1);
#5568=ORIENTED_EDGE('',*,*,#5516,.F.);
#5569=ORIENTED_EDGE('',*,*,#5538,.F.);
#5571=ORIENTED_EDGE('',*,*,#5570,.T.);
#5573=ORIENTED_EDGE('',*,*,#5572,.F.);
#5574=EDGE_LOOP('',(#5568,#5569,#5571,#5573));
#5575=FACE_OUTER_BOUND('',#5574,.F.);
#5577=CARTESIAN_POINT('',(4.775E-1,0.E0,1.6015E0));
#5578=DIRECTION('',(-1.E0,0.E0,0.E0));
#5579=DIRECTION('',(0.E0,0.E0,1.E0));
#5580=AXIS2_PLACEMENT_3D('',#5577,#5578,#5579);
#5581=PLANE('',#5580);
#5583=ORIENTED_EDGE('',*,*,#5582,.F.);
#5584=ORIENTED_EDGE('',*,*,#5554,.F.);
#5585=ORIENTED_EDGE('',*,*,#5522,.T.);
#5587=ORIENTED_EDGE('',*,*,#5586,.T.);
#5588=EDGE_LOOP('',(#5583,#5584,#5585,#5587));
#5589=FACE_OUTER_BOUND('',#5588,.F.);
#5591=CARTESIAN_POINT('',(0.E0,1.E-1,0.E0));
#5592=DIRECTION('',(0.E0,-1.E0,0.E0));
#5593=DIRECTION('',(1.E0,0.E0,0.E0));
#5594=AXIS2_PLACEMENT_3D('',#5591,#5592,#5593);
#5595=PLANE('',#5594);
#5597=ORIENTED_EDGE('',*,*,#5596,.T.);
#5598=ORIENTED_EDGE('',*,*,#5570,.F.);
#5599=ORIENTED_EDGE('',*,*,#5543,.T.);
#5601=ORIENTED_EDGE('',*,*,#5600,.T.);
#5603=ORIENTED_EDGE('',*,*,#5602,.T.);
#5604=ORIENTED_EDGE('',*,*,#5556,.F.);
#5605=ORIENTED_EDGE('',*,*,#5582,.T.);
#5607=ORIENTED_EDGE('',*,*,#5606,.F.);
#5608=EDGE_LOOP('',(#5597,#5598,#5599,#5601,#5603,#5604,#5605,#5607));
#5609=FACE_OUTER_BOUND('',#5608,.F.);
#5611=CARTESIAN_POINT('',(1.725E-1,0.E0,2.1E0));
#5612=DIRECTION('',(1.E0,0.E0,0.E0));
#5613=DIRECTION('',(0.E0,0.E0,-1.E0));
#5614=AXIS2_PLACEMENT_3D('',#5611,#5612,#5613);
#5615=PLANE('',#5614);
#5616=ORIENTED_EDGE('',*,*,#5518,.T.);
#5617=ORIENTED_EDGE('',*,*,#5572,.T.);
#5618=ORIENTED_EDGE('',*,*,#5596,.F.);
#5620=ORIENTED_EDGE('',*,*,#5619,.F.);
#5621=EDGE_LOOP('',(#5616,#5617,#5618,#5620));
#5622=FACE_OUTER_BOUND('',#5621,.F.);
#5624=CARTESIAN_POINT('',(2.E0,0.E0,2.E0));
#5625=DIRECTION('',(0.E0,0.E0,-1.E0));
#5626=DIRECTION('',(-1.E0,0.E0,0.E0));
#5627=AXIS2_PLACEMENT_3D('',#5624,#5625,#5626);
#5628=PLANE('',#5627);
#5629=ORIENTED_EDGE('',*,*,#5520,.F.);
#5630=ORIENTED_EDGE('',*,*,#5619,.T.);
#5631=ORIENTED_EDGE('',*,*,#5606,.T.);
#5632=ORIENTED_EDGE('',*,*,#5586,.F.);
#5633=EDGE_LOOP('',(#5629,#5630,#5631,#5632));
#5634=FACE_OUTER_BOUND('',#5633,.F.);
#5636=FILL_AREA_STYLE_COLOUR('',#29);
#5637=FILL_AREA_STYLE('',(#5636));
#5638=SURFACE_STYLE_FILL_AREA(#5637);
#5639=SURFACE_SIDE_STYLE('',(#5638));
#5640=SURFACE_STYLE_USAGE(.POSITIVE.,#5639);
#5641=PRESENTATION_STYLE_ASSIGNMENT((#5640));
#5642=OVER_RIDING_STYLED_ITEM('',(#5641),#5635,#5300);
#5643=CARTESIAN_POINT('',(3.24E-1,0.E0,1.45E0));
#5644=DIRECTION('',(0.E0,0.E0,1.E0));
#5645=DIRECTION('',(1.E0,0.E0,0.E0));
#5646=AXIS2_PLACEMENT_3D('',#5643,#5644,#5645);
#5647=PLANE('',#5646);
#5648=ORIENTED_EDGE('',*,*,#5528,.T.);
#5650=ORIENTED_EDGE('',*,*,#5649,.T.);
#5651=ORIENTED_EDGE('',*,*,#5600,.F.);
#5652=ORIENTED_EDGE('',*,*,#5541,.F.);
#5653=EDGE_LOOP('',(#5648,#5650,#5651,#5652));
#5654=FACE_OUTER_BOUND('',#5653,.F.);
#5656=CARTESIAN_POINT('',(3.26E-1,0.E0,1.6015E0));
#5657=DIRECTION('',(0.E0,-1.E0,0.E0));
#5658=DIRECTION('',(1.E0,0.E0,0.E0));
#5659=AXIS2_PLACEMENT_3D('',#5656,#5657,#5658);
#5660=CYLINDRICAL_SURFACE('',#5659,1.515E-1);
#5661=ORIENTED_EDGE('',*,*,#5558,.F.);
#5662=ORIENTED_EDGE('',*,*,#5602,.F.);
#5663=ORIENTED_EDGE('',*,*,#5649,.F.);
#5664=ORIENTED_EDGE('',*,*,#5526,.T.);
#5665=EDGE_LOOP('',(#5661,#5662,#5663,#5664));
#5666=FACE_OUTER_BOUND('',#5665,.F.);
#5668=CLOSED_SHELL('',(#5532,#5547,#5562,#5576,#5590,#5610,#5623,#5635,#5655,
#5667));
#5669=MANIFOLD_SOLID_BREP('',#5668);
#5670=FILL_AREA_STYLE_COLOUR('',#28);
#5671=FILL_AREA_STYLE('',(#5670));
#5672=SURFACE_STYLE_FILL_AREA(#5671);
#5673=SURFACE_SIDE_STYLE('',(#5672));
#5674=SURFACE_STYLE_USAGE(.POSITIVE.,#5673);
#5675=PRESENTATION_STYLE_ASSIGNMENT((#5674));
#5300=STYLED_ITEM('',(#5675),#5669);
#5677=CARTESIAN_POINT('',(9.74E-1,0.E0,1.6015E0));
#5678=DIRECTION('',(0.E0,-1.E0,0.E0));
#5679=DIRECTION('',(-2.171957144605E-2,0.E0,-9.997641022842E-1));
#5680=AXIS2_PLACEMENT_3D('',#5677,#5678,#5679);
#5682=CURVE_STYLE('',#36,POSITIVE_LENGTH_MEASURE(2.E-2),#28);
#5683=PRESENTATION_STYLE_ASSIGNMENT((#5682));
#5684=STYLED_ITEM('',(#5683),#5681);
#5685=CARTESIAN_POINT('',(9.75E-1,0.E0,1.7075625E0));
#5686=DIRECTION('',(0.E0,1.E0,0.E0));
#5687=DIRECTION('',(-1.665815122185E-2,0.E0,-9.998612433722E-1));
#5688=AXIS2_PLACEMENT_3D('',#5685,#5686,#5687);
#5690=CURVE_STYLE('',#36,POSITIVE_LENGTH_MEASURE(2.E-2),#28);
#5691=PRESENTATION_STYLE_ASSIGNMENT((#5690));
#5692=STYLED_ITEM('',(#5691),#5689);
#5693=DIRECTION('',(1.E0,0.E0,0.E0));
#5694=VECTOR('',#5693,3.05E-1);
#5695=CARTESIAN_POINT('',(8.225E-1,0.E0,2.E0));
#5696=LINE('',#5695,#5694);
#5697=CURVE_STYLE('',#36,POSITIVE_LENGTH_MEASURE(2.E-2),#28);
#5698=PRESENTATION_STYLE_ASSIGNMENT((#5697));
#5699=STYLED_ITEM('',(#5698),#5696);
#5700=CARTESIAN_POINT('',(9.75E-1,0.E0,1.7075625E0));
#5701=DIRECTION('',(0.E0,1.E0,0.E0));
#5702=DIRECTION('',(5.920892987139E-1,0.E0,-8.058723610774E-1));
#5703=AXIS2_PLACEMENT_3D('',#5700,#5701,#5702);
#5705=CURVE_STYLE('',#36,POSITIVE_LENGTH_MEASURE(2.E-2),#28);
#5706=PRESENTATION_STYLE_ASSIGNMENT((#5705));
#5707=STYLED_ITEM('',(#5706),#5704);
#5708=CARTESIAN_POINT('',(9.76E-1,0.E0,1.6015E0));
#5709=DIRECTION('',(0.E0,-1.E0,0.E0));
#5710=DIRECTION('',(0.E0,0.E0,-1.E0));
#5711=AXIS2_PLACEMENT_3D('',#5708,#5709,#5710);
#5713=CURVE_STYLE('',#36,POSITIVE_LENGTH_MEASURE(2.E-2),#28);
#5714=PRESENTATION_STYLE_ASSIGNMENT((#5713));
#5715=STYLED_ITEM('',(#5714),#5712);
#5716=DIRECTION('',(1.E0,0.E0,0.E0));
#5717=VECTOR('',#5716,2.E-3);
#5718=CARTESIAN_POINT('',(9.74E-1,0.E0,1.45E0));
#5719=LINE('',#5718,#5717);
#5720=CURVE_STYLE('',#36,POSITIVE_LENGTH_MEASURE(2.E-2),#28);
#5721=PRESENTATION_STYLE_ASSIGNMENT((#5720));
#5722=STYLED_ITEM('',(#5721),#5719);
#5723=DIRECTION('',(6.217248937901E-14,-1.E0,0.E0));
#5724=VECTOR('',#5723,1.E-1);
#5725=CARTESIAN_POINT('',(9.707094849259E-1,1.E-1,1.450035738504E0));
#5726=LINE('',#5725,#5724);
#5727=CURVE_STYLE('',#36,POSITIVE_LENGTH_MEASURE(2.E-2),#28);
#5728=PRESENTATION_STYLE_ASSIGNMENT((#5727));
#5729=STYLED_ITEM('',(#5728),#5726);
#5730=DIRECTION('',(0.E0,1.E0,0.E0));
#5731=VECTOR('',#5730,1.E-1);
#5732=CARTESIAN_POINT('',(1.1275E0,0.E0,1.5E0));
#5733=LINE('',#5732,#5731);
#5734=CURVE_STYLE('',#36,POSITIVE_LENGTH_MEASURE(2.E-2),#28);
#5735=PRESENTATION_STYLE_ASSIGNMENT((#5734));
#5736=STYLED_ITEM('',(#5735),#5733);
#5737=DIRECTION('',(0.E0,0.E0,1.E0));
#5738=VECTOR('',#5737,5.E-1);
#5739=CARTESIAN_POINT('',(1.1275E0,0.E0,1.5E0));
#5740=LINE('',#5739,#5738);
#5741=CURVE_STYLE('',#36,POSITIVE_LENGTH_MEASURE(2.E-2),#28);
#5742=PRESENTATION_STYLE_ASSIGNMENT((#5741));
#5743=STYLED_ITEM('',(#5742),#5740);
#5744=DIRECTION('',(0.E0,1.E0,0.E0));
#5745=VECTOR('',#5744,1.E-1);
#5746=CARTESIAN_POINT('',(1.1275E0,0.E0,2.E0));
#5747=LINE('',#5746,#5745);
#5748=CURVE_STYLE('',#36,POSITIVE_LENGTH_MEASURE(2.E-2),#28);
#5749=PRESENTATION_STYLE_ASSIGNMENT((#5748));
#5750=STYLED_ITEM('',(#5749),#5747);
#5751=DIRECTION('',(0.E0,0.E0,-1.E0));
#5752=VECTOR('',#5751,5.E-1);
#5753=CARTESIAN_POINT('',(8.225E-1,1.E-1,2.E0));
#5754=LINE('',#5753,#5752);
#5755=CURVE_STYLE('',#36,POSITIVE_LENGTH_MEASURE(2.E-2),#28);
#5756=PRESENTATION_STYLE_ASSIGNMENT((#5755));
#5757=STYLED_ITEM('',(#5756),#5754);
#5758=CARTESIAN_POINT('',(9.75E-1,1.E-1,1.7075625E0));
#5759=DIRECTION('',(0.E0,1.E0,0.E0));
#5760=DIRECTION('',(-1.665815122192E-2,0.E0,-9.998612433722E-1));
#5761=AXIS2_PLACEMENT_3D('',#5758,#5759,#5760);
#5763=CURVE_STYLE('',#36,POSITIVE_LENGTH_MEASURE(2.E-2),#28);
#5764=PRESENTATION_STYLE_ASSIGNMENT((#5763));
#5765=STYLED_ITEM('',(#5764),#5762);
#5766=CARTESIAN_POINT('',(9.74E-1,1.E-1,1.6015E0));
#5767=DIRECTION('',(0.E0,-1.E0,0.E0));
#5768=DIRECTION('',(-2.171957144617E-2,0.E0,-9.997641022842E-1));
#5769=AXIS2_PLACEMENT_3D('',#5766,#5767,#5768);
#5771=CURVE_STYLE('',#36,POSITIVE_LENGTH_MEASURE(2.E-2),#28);
#5772=PRESENTATION_STYLE_ASSIGNMENT((#5771));
#5773=STYLED_ITEM('',(#5772),#5770);
#5774=DIRECTION('',(1.E0,0.E0,-1.110223024625E-13));
#5775=VECTOR('',#5774,2.E-3);
#5776=CARTESIAN_POINT('',(9.74E-1,1.E-1,1.45E0));
#5777=LINE('',#5776,#5775);
#5778=CURVE_STYLE('',#36,POSITIVE_LENGTH_MEASURE(2.E-2),#28);
#5779=PRESENTATION_STYLE_ASSIGNMENT((#5778));
#5780=STYLED_ITEM('',(#5779),#5777);
#5781=CARTESIAN_POINT('',(9.76E-1,1.E-1,1.6015E0));
#5782=DIRECTION('',(0.E0,-1.E0,0.E0));
#5783=DIRECTION('',(0.E0,0.E0,-1.E0));
#5784=AXIS2_PLACEMENT_3D('',#5781,#5782,#5783);
#5786=CURVE_STYLE('',#36,POSITIVE_LENGTH_MEASURE(2.E-2),#28);
#5787=PRESENTATION_STYLE_ASSIGNMENT((#5786));
#5788=STYLED_ITEM('',(#5787),#5785);
#5789=CARTESIAN_POINT('',(9.75E-1,1.E-1,1.7075625E0));
#5790=DIRECTION('',(0.E0,1.E0,0.E0));
#5791=DIRECTION('',(5.920892987139E-1,0.E0,-8.058723610774E-1));
#5792=AXIS2_PLACEMENT_3D('',#5789,#5790,#5791);
#5794=CURVE_STYLE('',#36,POSITIVE_LENGTH_MEASURE(2.E-2),#28);
#5795=PRESENTATION_STYLE_ASSIGNMENT((#5794));
#5796=STYLED_ITEM('',(#5795),#5793);
#5797=DIRECTION('',(0.E0,0.E0,1.E0));
#5798=VECTOR('',#5797,5.E-1);
#5799=CARTESIAN_POINT('',(1.1275E0,1.E-1,1.5E0));
#5800=LINE('',#5799,#5798);
#5801=CURVE_STYLE('',#36,POSITIVE_LENGTH_MEASURE(2.E-2),#28);
#5802=PRESENTATION_STYLE_ASSIGNMENT((#5801));
#5803=STYLED_ITEM('',(#5802),#5800);
#5804=DIRECTION('',(1.E0,0.E0,0.E0));
#5805=VECTOR('',#5804,3.05E-1);
#5806=CARTESIAN_POINT('',(8.225E-1,1.E-1,2.E0));
#5807=LINE('',#5806,#5805);
#5808=CURVE_STYLE('',#36,POSITIVE_LENGTH_MEASURE(2.E-2),#28);
#5809=PRESENTATION_STYLE_ASSIGNMENT((#5808));
#5810=STYLED_ITEM('',(#5809),#5807);
#5811=DIRECTION('',(0.E0,0.E0,-1.E0));
#5812=VECTOR('',#5811,5.E-1);
#5813=CARTESIAN_POINT('',(8.225E-1,0.E0,2.E0));
#5814=LINE('',#5813,#5812);
#5815=CURVE_STYLE('',#36,POSITIVE_LENGTH_MEASURE(2.E-2),#28);
#5816=PRESENTATION_STYLE_ASSIGNMENT((#5815));
#5817=STYLED_ITEM('',(#5816),#5814);
#5818=DIRECTION('',(0.E0,1.E0,0.E0));
#5819=VECTOR('',#5818,1.E-1);
#5820=CARTESIAN_POINT('',(8.225E-1,0.E0,1.5E0));
#5821=LINE('',#5820,#5819);
#5822=CURVE_STYLE('',#36,POSITIVE_LENGTH_MEASURE(2.E-2),#28);
#5823=PRESENTATION_STYLE_ASSIGNMENT((#5822));
#5824=STYLED_ITEM('',(#5823),#5821);
#5825=DIRECTION('',(0.E0,1.E0,0.E0));
#5826=VECTOR('',#5825,1.E-1);
#5827=CARTESIAN_POINT('',(8.225E-1,0.E0,2.E0));
#5828=LINE('',#5827,#5826);
#5829=CURVE_STYLE('',#36,POSITIVE_LENGTH_MEASURE(2.E-2),#28);
#5830=PRESENTATION_STYLE_ASSIGNMENT((#5829));
#5831=STYLED_ITEM('',(#5830),#5828);
#5832=DIRECTION('',(0.E0,1.E0,0.E0));
#5833=VECTOR('',#5832,1.E-1);
#5834=CARTESIAN_POINT('',(9.74E-1,0.E0,1.45E0));
#5835=LINE('',#5834,#5833);
#5836=CURVE_STYLE('',#36,POSITIVE_LENGTH_MEASURE(2.E-2),#28);
#5837=PRESENTATION_STYLE_ASSIGNMENT((#5836));
#5838=STYLED_ITEM('',(#5837),#5835);
#5839=DIRECTION('',(-6.106226635438E-14,-1.E0,0.E0));
#5840=VECTOR('',#5839,1.E-1);
#5841=CARTESIAN_POINT('',(9.792905150741E-1,1.E-1,1.450035738504E0));
#5842=LINE('',#5841,#5840);
#5843=CURVE_STYLE('',#36,POSITIVE_LENGTH_MEASURE(2.E-2),#28);
#5844=PRESENTATION_STYLE_ASSIGNMENT((#5843));
#5845=STYLED_ITEM('',(#5844),#5842);
#5846=DIRECTION('',(0.E0,1.E0,0.E0));
#5847=VECTOR('',#5846,1.E-1);
#5848=CARTESIAN_POINT('',(9.76E-1,0.E0,1.45E0));
#5849=LINE('',#5848,#5847);
#5850=CURVE_STYLE('',#36,POSITIVE_LENGTH_MEASURE(2.E-2),#28);
#5851=PRESENTATION_STYLE_ASSIGNMENT((#5850));
#5852=STYLED_ITEM('',(#5851),#5849);
#5853=CARTESIAN_POINT('',(9.74E-1,0.E0,1.45E0));
#5854=CARTESIAN_POINT('',(9.76E-1,0.E0,1.45E0));
#5855=VERTEX_POINT('',#5853);
#5856=VERTEX_POINT('',#5854);
#5857=CARTESIAN_POINT('',(9.74E-1,1.E-1,1.45E0));
#5858=CARTESIAN_POINT('',(9.76E-1,1.E-1,1.45E0));
#5859=VERTEX_POINT('',#5857);
#5860=VERTEX_POINT('',#5858);
#5861=CARTESIAN_POINT('',(8.225E-1,0.E0,2.E0));
#5862=CARTESIAN_POINT('',(1.1275E0,0.E0,2.E0));
#5863=VERTEX_POINT('',#5861);
#5864=VERTEX_POINT('',#5862);
#5865=CARTESIAN_POINT('',(8.225E-1,1.E-1,2.E0));
#5866=VERTEX_POINT('',#5865);
#5867=CARTESIAN_POINT('',(1.1275E0,1.E-1,2.E0));
#5868=VERTEX_POINT('',#5867);
#5869=CARTESIAN_POINT('',(1.1275E0,0.E0,1.5E0));
#5870=CARTESIAN_POINT('',(1.1275E0,1.E-1,1.5E0));
#5871=VERTEX_POINT('',#5869);
#5872=VERTEX_POINT('',#5870);
#5873=CARTESIAN_POINT('',(8.225E-1,0.E0,1.5E0));
#5874=CARTESIAN_POINT('',(8.225E-1,1.E-1,1.5E0));
#5875=VERTEX_POINT('',#5873);
#5876=VERTEX_POINT('',#5874);
#5877=CARTESIAN_POINT('',(9.792905150741E-1,0.E0,1.450035738504E0));
#5878=VERTEX_POINT('',#5877);
#5879=CARTESIAN_POINT('',(9.707094849259E-1,0.E0,1.450035738504E0));
#5880=VERTEX_POINT('',#5879);
#5881=CARTESIAN_POINT('',(9.792905150741E-1,1.E-1,1.450035738504E0));
#5882=VERTEX_POINT('',#5881);
#5883=CARTESIAN_POINT('',(9.707094849259E-1,1.E-1,1.450035738504E0));
#5884=VERTEX_POINT('',#5883);
#5885=CARTESIAN_POINT('',(0.E0,0.E0,0.E0));
#5886=DIRECTION('',(0.E0,-1.E0,0.E0));
#5887=DIRECTION('',(1.E0,0.E0,0.E0));
#5888=AXIS2_PLACEMENT_3D('',#5885,#5886,#5887);
#5889=PLANE('',#5888);
#5891=ORIENTED_EDGE('',*,*,#5890,.F.);
#5893=ORIENTED_EDGE('',*,*,#5892,.T.);
#5895=ORIENTED_EDGE('',*,*,#5894,.F.);
#5897=ORIENTED_EDGE('',*,*,#5896,.T.);
#5899=ORIENTED_EDGE('',*,*,#5898,.F.);
#5901=ORIENTED_EDGE('',*,*,#5900,.T.);
#5903=ORIENTED_EDGE('',*,*,#5902,.F.);
#5905=ORIENTED_EDGE('',*,*,#5904,.F.);
#5906=EDGE_LOOP('',(#5891,#5893,#5895,#5897,#5899,#5901,#5903,#5905));
#5907=FACE_OUTER_BOUND('',#5906,.F.);
#5909=CARTESIAN_POINT('',(9.74E-1,0.E0,1.6015E0));
#5910=DIRECTION('',(0.E0,-1.E0,0.E0));
#5911=DIRECTION('',(1.E0,0.E0,0.E0));
#5912=AXIS2_PLACEMENT_3D('',#5909,#5910,#5911);
#5913=CYLINDRICAL_SURFACE('',#5912,1.515E-1);
#5915=ORIENTED_EDGE('',*,*,#5914,.T.);
#5916=ORIENTED_EDGE('',*,*,#5890,.T.);
#5918=ORIENTED_EDGE('',*,*,#5917,.T.);
#5920=ORIENTED_EDGE('',*,*,#5919,.F.);
#5921=EDGE_LOOP('',(#5915,#5916,#5918,#5920));
#5922=FACE_OUTER_BOUND('',#5921,.F.);
#5924=CARTESIAN_POINT('',(9.75E-1,0.E0,1.7075625E0));
#5925=DIRECTION('',(0.E0,1.E0,0.E0));
#5926=DIRECTION('',(0.E0,0.E0,-1.E0));
#5927=AXIS2_PLACEMENT_3D('',#5924,#5925,#5926);
#5928=CYLINDRICAL_SURFACE('',#5927,2.575625E-1);
#5929=ORIENTED_EDGE('',*,*,#5900,.F.);
#5931=ORIENTED_EDGE('',*,*,#5930,.T.);
#5933=ORIENTED_EDGE('',*,*,#5932,.T.);
#5935=ORIENTED_EDGE('',*,*,#5934,.T.);
#5936=EDGE_LOOP('',(#5929,#5931,#5933,#5935));
#5937=FACE_OUTER_BOUND('',#5936,.F.);
#5939=CARTESIAN_POINT('',(9.75E-1,0.E0,1.7075625E0));
#5940=DIRECTION('',(0.E0,1.E0,0.E0));
#5941=DIRECTION('',(0.E0,0.E0,-1.E0));
#5942=AXIS2_PLACEMENT_3D('',#5939,#5940,#5941);
#5943=CYLINDRICAL_SURFACE('',#5942,2.575625E-1);
#5944=ORIENTED_EDGE('',*,*,#5892,.F.);
#5945=ORIENTED_EDGE('',*,*,#5914,.F.);
#5947=ORIENTED_EDGE('',*,*,#5946,.T.);
#5949=ORIENTED_EDGE('',*,*,#5948,.F.);
#5950=EDGE_LOOP('',(#5944,#5945,#5947,#5949));
#5951=FACE_OUTER_BOUND('',#5950,.F.);
#5953=CARTESIAN_POINT('',(1.1275E0,0.E0,1.6015E0));
#5954=DIRECTION('',(-1.E0,0.E0,0.E0));
#5955=DIRECTION('',(0.E0,0.E0,1.E0));
#5956=AXIS2_PLACEMENT_3D('',#5953,#5954,#5955);
#5957=PLANE('',#5956);
#5959=ORIENTED_EDGE('',*,*,#5958,.F.);
#5960=ORIENTED_EDGE('',*,*,#5930,.F.);
#5961=ORIENTED_EDGE('',*,*,#5898,.T.);
#5963=ORIENTED_EDGE('',*,*,#5962,.T.);
#5964=EDGE_LOOP('',(#5959,#5960,#5961,#5963));
#5965=FACE_OUTER_BOUND('',#5964,.F.);
#5967=CARTESIAN_POINT('',(0.E0,1.E-1,0.E0));
#5968=DIRECTION('',(0.E0,-1.E0,0.E0));
#5969=DIRECTION('',(1.E0,0.E0,0.E0));
#5970=AXIS2_PLACEMENT_3D('',#5967,#5968,#5969);
#5971=PLANE('',#5970);
#5973=ORIENTED_EDGE('',*,*,#5972,.T.);
#5974=ORIENTED_EDGE('',*,*,#5946,.F.);
#5975=ORIENTED_EDGE('',*,*,#5919,.T.);
#5977=ORIENTED_EDGE('',*,*,#5976,.T.);
#5979=ORIENTED_EDGE('',*,*,#5978,.T.);
#5980=ORIENTED_EDGE('',*,*,#5932,.F.);
#5981=ORIENTED_EDGE('',*,*,#5958,.T.);
#5983=ORIENTED_EDGE('',*,*,#5982,.F.);
#5984=EDGE_LOOP('',(#5973,#5974,#5975,#5977,#5979,#5980,#5981,#5983));
#5985=FACE_OUTER_BOUND('',#5984,.F.);
#5987=CARTESIAN_POINT('',(8.225E-1,0.E0,2.1E0));
#5988=DIRECTION('',(1.E0,0.E0,0.E0));
#5989=DIRECTION('',(0.E0,0.E0,-1.E0));
#5990=AXIS2_PLACEMENT_3D('',#5987,#5988,#5989);
#5991=PLANE('',#5990);
#5992=ORIENTED_EDGE('',*,*,#5894,.T.);
#5993=ORIENTED_EDGE('',*,*,#5948,.T.);
#5994=ORIENTED_EDGE('',*,*,#5972,.F.);
#5996=ORIENTED_EDGE('',*,*,#5995,.F.);
#5997=EDGE_LOOP('',(#5992,#5993,#5994,#5996));
#5998=FACE_OUTER_BOUND('',#5997,.F.);
#6000=CARTESIAN_POINT('',(2.E0,0.E0,2.E0));
#6001=DIRECTION('',(0.E0,0.E0,-1.E0));
#6002=DIRECTION('',(-1.E0,0.E0,0.E0));
#6003=AXIS2_PLACEMENT_3D('',#6000,#6001,#6002);
#6004=PLANE('',#6003);
#6005=ORIENTED_EDGE('',*,*,#5896,.F.);
#6006=ORIENTED_EDGE('',*,*,#5995,.T.);
#6007=ORIENTED_EDGE('',*,*,#5982,.T.);
#6008=ORIENTED_EDGE('',*,*,#5962,.F.);
#6009=EDGE_LOOP('',(#6005,#6006,#6007,#6008));
#6010=FACE_OUTER_BOUND('',#6009,.F.);
#6012=FILL_AREA_STYLE_COLOUR('',#29);
#6013=FILL_AREA_STYLE('',(#6012));
#6014=SURFACE_STYLE_FILL_AREA(#6013);
#6015=SURFACE_SIDE_STYLE('',(#6014));
#6016=SURFACE_STYLE_USAGE(.POSITIVE.,#6015);
#6017=PRESENTATION_STYLE_ASSIGNMENT((#6016));
#6018=OVER_RIDING_STYLED_ITEM('',(#6017),#6011,#5676);
#6019=CARTESIAN_POINT('',(9.74E-1,0.E0,1.45E0));
#6020=DIRECTION('',(0.E0,0.E0,1.E0));
#6021=DIRECTION('',(1.E0,0.E0,0.E0));
#6022=AXIS2_PLACEMENT_3D('',#6019,#6020,#6021);
#6023=PLANE('',#6022);
#6024=ORIENTED_EDGE('',*,*,#5904,.T.);
#6026=ORIENTED_EDGE('',*,*,#6025,.T.);
#6027=ORIENTED_EDGE('',*,*,#5976,.F.);
#6028=ORIENTED_EDGE('',*,*,#5917,.F.);
#6029=EDGE_LOOP('',(#6024,#6026,#6027,#6028));
#6030=FACE_OUTER_BOUND('',#6029,.F.);
#6032=CARTESIAN_POINT('',(9.76E-1,0.E0,1.6015E0));
#6033=DIRECTION('',(0.E0,-1.E0,0.E0));
#6034=DIRECTION('',(1.E0,0.E0,0.E0));
#6035=AXIS2_PLACEMENT_3D('',#6032,#6033,#6034);
#6036=CYLINDRICAL_SURFACE('',#6035,1.515E-1);
#6037=ORIENTED_EDGE('',*,*,#5934,.F.);
#6038=ORIENTED_EDGE('',*,*,#5978,.F.);
#6039=ORIENTED_EDGE('',*,*,#6025,.F.);
#6040=ORIENTED_EDGE('',*,*,#5902,.T.);
#6041=EDGE_LOOP('',(#6037,#6038,#6039,#6040));
#6042=FACE_OUTER_BOUND('',#6041,.F.);
#6044=CLOSED_SHELL('',(#5908,#5923,#5938,#5952,#5966,#5986,#5999,#6011,#6031,
#6043));
#6045=MANIFOLD_SOLID_BREP('',#6044);
#6046=FILL_AREA_STYLE_COLOUR('',#28);
#6047=FILL_AREA_STYLE('',(#6046));
#6048=SURFACE_STYLE_FILL_AREA(#6047);
#6049=SURFACE_SIDE_STYLE('',(#6048));
#6050=SURFACE_STYLE_USAGE(.POSITIVE.,#6049);
#6051=PRESENTATION_STYLE_ASSIGNMENT((#6050));
#5676=STYLED_ITEM('',(#6051),#6045);
#6053=DIRECTION('',(7.071067811865E-1,0.E0,-7.071067811865E-1));
#6054=VECTOR('',#6053,4.242640687119E-1);
#6055=CARTESIAN_POINT('',(-1.05E0,0.E0,-7.5E-1));
#6056=LINE('',#6055,#6054);
#6057=CURVE_STYLE('',#36,POSITIVE_LENGTH_MEASURE(2.E-2),#28);
#6058=PRESENTATION_STYLE_ASSIGNMENT((#6057));
#6059=STYLED_ITEM('',(#6058),#6056);
#6060=DIRECTION('',(0.E0,0.E0,1.E0));
#6061=VECTOR('',#6060,1.8E0);
#6062=CARTESIAN_POINT('',(-1.05E0,0.E0,-7.5E-1));
#6063=LINE('',#6062,#6061);
#6064=CURVE_STYLE('',#36,POSITIVE_LENGTH_MEASURE(2.E-2),#28);
#6065=PRESENTATION_STYLE_ASSIGNMENT((#6064));
#6066=STYLED_ITEM('',(#6065),#6063);
#6067=DIRECTION('',(1.E0,0.E0,0.E0));
#6068=VECTOR('',#6067,2.1E0);
#6069=CARTESIAN_POINT('',(-1.05E0,0.E0,1.05E0));
#6070=LINE('',#6069,#6068);
#6071=CURVE_STYLE('',#36,POSITIVE_LENGTH_MEASURE(2.E-2),#28);
#6072=PRESENTATION_STYLE_ASSIGNMENT((#6071));
#6073=STYLED_ITEM('',(#6072),#6070);
#6074=DIRECTION('',(0.E0,0.E0,-1.E0));
#6075=VECTOR('',#6074,2.1E0);
#6076=CARTESIAN_POINT('',(1.05E0,0.E0,1.05E0));
#6077=LINE('',#6076,#6075);
#6078=CURVE_STYLE('',#36,POSITIVE_LENGTH_MEASURE(2.E-2),#28);
#6079=PRESENTATION_STYLE_ASSIGNMENT((#6078));
#6080=STYLED_ITEM('',(#6079),#6077);
#6081=DIRECTION('',(-1.E0,0.E0,0.E0));
#6082=VECTOR('',#6081,1.8E0);
#6083=CARTESIAN_POINT('',(1.05E0,0.E0,-1.05E0));
#6084=LINE('',#6083,#6082);
#6085=CURVE_STYLE('',#36,POSITIVE_LENGTH_MEASURE(2.E-2),#28);
#6086=PRESENTATION_STYLE_ASSIGNMENT((#6085));
#6087=STYLED_ITEM('',(#6086),#6084);
#6088=DIRECTION('',(0.E0,-1.E0,0.E0));
#6089=VECTOR('',#6088,1.E-1);
#6090=CARTESIAN_POINT('',(-7.5E-1,1.E-1,-1.05E0));
#6091=LINE('',#6090,#6089);
#6092=CURVE_STYLE('',#36,POSITIVE_LENGTH_MEASURE(2.E-2),#28);
#6093=PRESENTATION_STYLE_ASSIGNMENT((#6092));
#6094=STYLED_ITEM('',(#6093),#6091);
#6095=DIRECTION('',(0.E0,1.E0,0.E0));
#6096=VECTOR('',#6095,1.E-1);
#6097=CARTESIAN_POINT('',(1.05E0,0.E0,-1.05E0));
#6098=LINE('',#6097,#6096);
#6099=CURVE_STYLE('',#36,POSITIVE_LENGTH_MEASURE(2.E-2),#28);
#6100=PRESENTATION_STYLE_ASSIGNMENT((#6099));
#6101=STYLED_ITEM('',(#6100),#6098);
#6102=DIRECTION('',(0.E0,1.E0,0.E0));
#6103=VECTOR('',#6102,1.E-1);
#6104=CARTESIAN_POINT('',(1.05E0,0.E0,1.05E0));
#6105=LINE('',#6104,#6103);
#6106=CURVE_STYLE('',#36,POSITIVE_LENGTH_MEASURE(2.E-2),#28);
#6107=PRESENTATION_STYLE_ASSIGNMENT((#6106));
#6108=STYLED_ITEM('',(#6107),#6105);
#6109=DIRECTION('',(0.E0,1.E0,0.E0));
#6110=VECTOR('',#6109,1.E-1);
#6111=CARTESIAN_POINT('',(-1.05E0,0.E0,1.05E0));
#6112=LINE('',#6111,#6110);
#6113=CURVE_STYLE('',#36,POSITIVE_LENGTH_MEASURE(2.E-2),#28);
#6114=PRESENTATION_STYLE_ASSIGNMENT((#6113));
#6115=STYLED_ITEM('',(#6114),#6112);
#6116=DIRECTION('',(0.E0,-1.E0,0.E0));
#6117=VECTOR('',#6116,1.E-1);
#6118=CARTESIAN_POINT('',(-1.05E0,1.E-1,-7.5E-1));
#6119=LINE('',#6118,#6117);
#6120=CURVE_STYLE('',#36,POSITIVE_LENGTH_MEASURE(2.E-2),#28);
#6121=PRESENTATION_STYLE_ASSIGNMENT((#6120));
#6122=STYLED_ITEM('',(#6121),#6119);
#6123=DIRECTION('',(-7.071067811865E-1,0.E0,7.071067811865E-1));
#6124=VECTOR('',#6123,4.242640687119E-1);
#6125=CARTESIAN_POINT('',(-7.5E-1,1.E-1,-1.05E0));
#6126=LINE('',#6125,#6124);
#6127=CURVE_STYLE('',#36,POSITIVE_LENGTH_MEASURE(2.E-2),#28);
#6128=PRESENTATION_STYLE_ASSIGNMENT((#6127));
#6129=STYLED_ITEM('',(#6128),#6126);
#6130=DIRECTION('',(-1.E0,0.E0,0.E0));
#6131=VECTOR('',#6130,1.8E0);
#6132=CARTESIAN_POINT('',(1.05E0,1.E-1,-1.05E0));
#6133=LINE('',#6132,#6131);
#6134=CURVE_STYLE('',#36,POSITIVE_LENGTH_MEASURE(2.E-2),#28);
#6135=PRESENTATION_STYLE_ASSIGNMENT((#6134));
#6136=STYLED_ITEM('',(#6135),#6133);
#6137=DIRECTION('',(0.E0,0.E0,-1.E0));
#6138=VECTOR('',#6137,2.1E0);
#6139=CARTESIAN_POINT('',(1.05E0,1.E-1,1.05E0));
#6140=LINE('',#6139,#6138);
#6141=CURVE_STYLE('',#36,POSITIVE_LENGTH_MEASURE(2.E-2),#28);
#6142=PRESENTATION_STYLE_ASSIGNMENT((#6141));
#6143=STYLED_ITEM('',(#6142),#6140);
#6144=DIRECTION('',(1.E0,0.E0,0.E0));
#6145=VECTOR('',#6144,2.1E0);
#6146=CARTESIAN_POINT('',(-1.05E0,1.E-1,1.05E0));
#6147=LINE('',#6146,#6145);
#6148=CURVE_STYLE('',#36,POSITIVE_LENGTH_MEASURE(2.E-2),#28);
#6149=PRESENTATION_STYLE_ASSIGNMENT((#6148));
#6150=STYLED_ITEM('',(#6149),#6147);
#6151=DIRECTION('',(0.E0,0.E0,1.E0));
#6152=VECTOR('',#6151,1.8E0);
#6153=CARTESIAN_POINT('',(-1.05E0,1.E-1,-7.5E-1));
#6154=LINE('',#6153,#6152);
#6155=CURVE_STYLE('',#36,POSITIVE_LENGTH_MEASURE(2.E-2),#28);
#6156=PRESENTATION_STYLE_ASSIGNMENT((#6155));
#6157=STYLED_ITEM('',(#6156),#6154);
#6158=CARTESIAN_POINT('',(-1.05E0,0.E0,1.05E0));
#6159=CARTESIAN_POINT('',(1.05E0,0.E0,1.05E0));
#6160=VERTEX_POINT('',#6158);
#6161=VERTEX_POINT('',#6159);
#6162=CARTESIAN_POINT('',(1.05E0,0.E0,-1.05E0));
#6163=VERTEX_POINT('',#6162);
#6164=CARTESIAN_POINT('',(-1.05E0,1.E-1,1.05E0));
#6165=CARTESIAN_POINT('',(1.05E0,1.E-1,1.05E0));
#6166=VERTEX_POINT('',#6164);
#6167=VERTEX_POINT('',#6165);
#6168=CARTESIAN_POINT('',(1.05E0,1.E-1,-1.05E0));
#6169=VERTEX_POINT('',#6168);
#6170=CARTESIAN_POINT('',(-1.05E0,0.E0,-7.5E-1));
#6171=CARTESIAN_POINT('',(-7.5E-1,0.E0,-1.05E0));
#6172=VERTEX_POINT('',#6170);
#6173=VERTEX_POINT('',#6171);
#6174=CARTESIAN_POINT('',(-7.5E-1,1.E-1,-1.05E0));
#6175=VERTEX_POINT('',#6174);
#6176=CARTESIAN_POINT('',(-1.05E0,1.E-1,-7.5E-1));
#6177=VERTEX_POINT('',#6176);
#6178=CARTESIAN_POINT('',(0.E0,0.E0,0.E0));
#6179=DIRECTION('',(0.E0,1.E0,0.E0));
#6180=DIRECTION('',(1.E0,0.E0,0.E0));
#6181=AXIS2_PLACEMENT_3D('',#6178,#6179,#6180);
#6182=PLANE('',#6181);
#6184=ORIENTED_EDGE('',*,*,#6183,.F.);
#6186=ORIENTED_EDGE('',*,*,#6185,.T.);
#6188=ORIENTED_EDGE('',*,*,#6187,.T.);
#6190=ORIENTED_EDGE('',*,*,#6189,.T.);
#6192=ORIENTED_EDGE('',*,*,#6191,.T.);
#6193=EDGE_LOOP('',(#6184,#6186,#6188,#6190,#6192));
#6194=FACE_OUTER_BOUND('',#6193,.F.);
#6196=CARTESIAN_POINT('',(-9.E-1,5.E-2,-9.E-1));
#6197=DIRECTION('',(-7.071067811865E-1,0.E0,-7.071067811865E-1));
#6198=DIRECTION('',(7.071067811865E-1,0.E0,-7.071067811865E-1));
#6199=AXIS2_PLACEMENT_3D('',#6196,#6197,#6198);
#6200=PLANE('',#6199);
#6201=ORIENTED_EDGE('',*,*,#6183,.T.);
#6203=ORIENTED_EDGE('',*,*,#6202,.F.);
#6205=ORIENTED_EDGE('',*,*,#6204,.T.);
#6207=ORIENTED_EDGE('',*,*,#6206,.T.);
#6208=EDGE_LOOP('',(#6201,#6203,#6205,#6207));
#6209=FACE_OUTER_BOUND('',#6208,.F.);
#6211=CARTESIAN_POINT('',(1.05E0,0.E0,-1.05E0));
#6212=DIRECTION('',(0.E0,0.E0,-1.E0));
#6213=DIRECTION('',(-1.E0,0.E0,0.E0));
#6214=AXIS2_PLACEMENT_3D('',#6211,#6212,#6213);
#6215=PLANE('',#6214);
#6216=ORIENTED_EDGE('',*,*,#6202,.T.);
#6217=ORIENTED_EDGE('',*,*,#6191,.F.);
#6219=ORIENTED_EDGE('',*,*,#6218,.T.);
#6221=ORIENTED_EDGE('',*,*,#6220,.T.);
#6222=EDGE_LOOP('',(#6216,#6217,#6219,#6221));
#6223=FACE_OUTER_BOUND('',#6222,.F.);
#6225=CARTESIAN_POINT('',(1.05E0,0.E0,1.05E0));
#6226=DIRECTION('',(1.E0,0.E0,0.E0));
#6227=DIRECTION('',(0.E0,0.E0,-1.E0));
#6228=AXIS2_PLACEMENT_3D('',#6225,#6226,#6227);
#6229=PLANE('',#6228);
#6230=ORIENTED_EDGE('',*,*,#6189,.F.);
#6232=ORIENTED_EDGE('',*,*,#6231,.T.);
#6234=ORIENTED_EDGE('',*,*,#6233,.T.);
#6235=ORIENTED_EDGE('',*,*,#6218,.F.);
#6236=EDGE_LOOP('',(#6230,#6232,#6234,#6235));
#6237=FACE_OUTER_BOUND('',#6236,.F.);
#6239=CARTESIAN_POINT('',(-1.05E0,0.E0,1.05E0));
#6240=DIRECTION('',(0.E0,0.E0,1.E0));
#6241=DIRECTION('',(1.E0,0.E0,0.E0));
#6242=AXIS2_PLACEMENT_3D('',#6239,#6240,#6241);
#6243=PLANE('',#6242);
#6244=ORIENTED_EDGE('',*,*,#6187,.F.);
#6246=ORIENTED_EDGE('',*,*,#6245,.T.);
#6248=ORIENTED_EDGE('',*,*,#6247,.T.);
#6249=ORIENTED_EDGE('',*,*,#6231,.F.);
#6250=EDGE_LOOP('',(#6244,#6246,#6248,#6249));
#6251=FACE_OUTER_BOUND('',#6250,.F.);
#6253=CARTESIAN_POINT('',(-1.05E0,0.E0,-1.05E0));
#6254=DIRECTION('',(-1.E0,0.E0,0.E0));
#6255=DIRECTION('',(0.E0,0.E0,1.E0));
#6256=AXIS2_PLACEMENT_3D('',#6253,#6254,#6255);
#6257=PLANE('',#6256);
#6258=ORIENTED_EDGE('',*,*,#6206,.F.);
#6260=ORIENTED_EDGE('',*,*,#6259,.T.);
#6261=ORIENTED_EDGE('',*,*,#6245,.F.);
#6262=ORIENTED_EDGE('',*,*,#6185,.F.);
#6263=EDGE_LOOP('',(#6258,#6260,#6261,#6262));
#6264=FACE_OUTER_BOUND('',#6263,.F.);
#6266=CARTESIAN_POINT('',(0.E0,1.E-1,0.E0));
#6267=DIRECTION('',(0.E0,1.E0,0.E0));
#6268=DIRECTION('',(1.E0,0.E0,0.E0));
#6269=AXIS2_PLACEMENT_3D('',#6266,#6267,#6268);
#6270=PLANE('',#6269);
#6271=ORIENTED_EDGE('',*,*,#6204,.F.);
#6272=ORIENTED_EDGE('',*,*,#6220,.F.);
#6273=ORIENTED_EDGE('',*,*,#6233,.F.);
#6274=ORIENTED_EDGE('',*,*,#6247,.F.);
#6275=ORIENTED_EDGE('',*,*,#6259,.F.);
#6276=EDGE_LOOP('',(#6271,#6272,#6273,#6274,#6275));
#6277=FACE_OUTER_BOUND('',#6276,.F.);
#6279=CLOSED_SHELL('',(#6195,#6210,#6224,#6238,#6252,#6265,#6278));
#6280=MANIFOLD_SOLID_BREP('',#6279);
#6281=FILL_AREA_STYLE_COLOUR('',#28);
#6282=FILL_AREA_STYLE('',(#6281));
#6283=SURFACE_STYLE_FILL_AREA(#6282);
#6284=SURFACE_SIDE_STYLE('',(#6283));
#6285=SURFACE_STYLE_USAGE(.POSITIVE.,#6284);
#6286=PRESENTATION_STYLE_ASSIGNMENT((#6285));
#6052=STYLED_ITEM('',(#6286),#6280);
#6288=DIRECTION('',(0.E0,0.E0,-1.E0));
#6289=VECTOR('',#6288,1.5E-1);
#6290=CARTESIAN_POINT('',(-2.E0,1.E-1,1.875E0));
#6291=LINE('',#6290,#6289);
#6292=CURVE_STYLE('',#36,POSITIVE_LENGTH_MEASURE(2.E-2),#28);
#6293=PRESENTATION_STYLE_ASSIGNMENT((#6292));
#6294=STYLED_ITEM('',(#6293),#6291);
#6295=DIRECTION('',(1.E0,0.E0,0.E0));
#6296=VECTOR('',#6295,1.25E-1);
#6297=CARTESIAN_POINT('',(-2.E0,1.E-1,1.875E0));
#6298=LINE('',#6297,#6296);
#6299=CURVE_STYLE('',#36,POSITIVE_LENGTH_MEASURE(2.E-2),#28);
#6300=PRESENTATION_STYLE_ASSIGNMENT((#6299));
#6301=STYLED_ITEM('',(#6300),#6298);
#6302=DIRECTION('',(0.E0,0.E0,1.E0));
#6303=VECTOR('',#6302,1.25E-1);
#6304=CARTESIAN_POINT('',(-1.875E0,1.E-1,1.875E0));
#6305=LINE('',#6304,#6303);
#6306=CURVE_STYLE('',#36,POSITIVE_LENGTH_MEASURE(2.E-2),#28);
#6307=PRESENTATION_STYLE_ASSIGNMENT((#6306));
#6308=STYLED_ITEM('',(#6307),#6305);
#6309=DIRECTION('',(-1.E0,0.E0,0.E0));
#6310=VECTOR('',#6309,1.5E-1);
#6311=CARTESIAN_POINT('',(-1.725E0,1.E-1,2.E0));
#6312=LINE('',#6311,#6310);
#6313=CURVE_STYLE('',#36,POSITIVE_LENGTH_MEASURE(2.E-2),#28);
#6314=PRESENTATION_STYLE_ASSIGNMENT((#6313));
#6315=STYLED_ITEM('',(#6314),#6312);
#6316=DIRECTION('',(0.E0,0.E0,-1.E0));
#6317=VECTOR('',#6316,2.75E-1);
#6318=CARTESIAN_POINT('',(-1.725E0,1.E-1,2.E0));
#6319=LINE('',#6318,#6317);
#6320=CURVE_STYLE('',#36,POSITIVE_LENGTH_MEASURE(2.E-2),#28);
#6321=PRESENTATION_STYLE_ASSIGNMENT((#6320));
#6322=STYLED_ITEM('',(#6321),#6319);
#6323=DIRECTION('',(-1.E0,0.E0,0.E0));
#6324=VECTOR('',#6323,2.75E-1);
#6325=CARTESIAN_POINT('',(-1.725E0,1.E-1,1.725E0));
#6326=LINE('',#6325,#6324);
#6327=CURVE_STYLE('',#36,POSITIVE_LENGTH_MEASURE(2.E-2),#28);
#6328=PRESENTATION_STYLE_ASSIGNMENT((#6327));
#6329=STYLED_ITEM('',(#6328),#6326);
#6330=DIRECTION('',(0.E0,1.E0,0.E0));
#6331=VECTOR('',#6330,1.E-1);
#6332=CARTESIAN_POINT('',(-2.E0,1.E-1,1.725E0));
#6333=LINE('',#6332,#6331);
#6334=CURVE_STYLE('',#36,POSITIVE_LENGTH_MEASURE(2.E-2),#28);
#6335=PRESENTATION_STYLE_ASSIGNMENT((#6334));
#6336=STYLED_ITEM('',(#6335),#6333);
#6337=DIRECTION('',(0.E0,1.E0,0.E0));
#6338=VECTOR('',#6337,1.E-1);
#6339=CARTESIAN_POINT('',(-1.725E0,1.E-1,1.725E0));
#6340=LINE('',#6339,#6338);
#6341=CURVE_STYLE('',#36,POSITIVE_LENGTH_MEASURE(2.E-2),#28);
#6342=PRESENTATION_STYLE_ASSIGNMENT((#6341));
#6343=STYLED_ITEM('',(#6342),#6340);
#6344=DIRECTION('',(0.E0,1.E0,0.E0));
#6345=VECTOR('',#6344,1.E-1);
#6346=CARTESIAN_POINT('',(-1.725E0,1.E-1,2.E0));
#6347=LINE('',#6346,#6345);
#6348=CURVE_STYLE('',#36,POSITIVE_LENGTH_MEASURE(2.E-2),#28);
#6349=PRESENTATION_STYLE_ASSIGNMENT((#6348));
#6350=STYLED_ITEM('',(#6349),#6347);
#6351=DIRECTION('',(0.E0,1.E0,0.E0));
#6352=VECTOR('',#6351,1.E-1);
#6353=CARTESIAN_POINT('',(-1.875E0,1.E-1,2.E0));
#6354=LINE('',#6353,#6352);
#6355=CURVE_STYLE('',#36,POSITIVE_LENGTH_MEASURE(2.E-2),#28);
#6356=PRESENTATION_STYLE_ASSIGNMENT((#6355));
#6357=STYLED_ITEM('',(#6356),#6354);
#6358=DIRECTION('',(0.E0,1.E0,0.E0));
#6359=VECTOR('',#6358,1.E-1);
#6360=CARTESIAN_POINT('',(-1.875E0,1.E-1,1.875E0));
#6361=LINE('',#6360,#6359);
#6362=CURVE_STYLE('',#36,POSITIVE_LENGTH_MEASURE(2.E-2),#28);
#6363=PRESENTATION_STYLE_ASSIGNMENT((#6362));
#6364=STYLED_ITEM('',(#6363),#6361);
#6365=DIRECTION('',(0.E0,1.E0,0.E0));
#6366=VECTOR('',#6365,1.E-1);
#6367=CARTESIAN_POINT('',(-2.E0,1.E-1,1.875E0));
#6368=LINE('',#6367,#6366);
#6369=CURVE_STYLE('',#36,POSITIVE_LENGTH_MEASURE(2.E-2),#28);
#6370=PRESENTATION_STYLE_ASSIGNMENT((#6369));
#6371=STYLED_ITEM('',(#6370),#6368);
#6372=DIRECTION('',(0.E0,0.E0,-1.E0));
#6373=VECTOR('',#6372,1.5E-1);
#6374=CARTESIAN_POINT('',(-2.E0,2.E-1,1.875E0));
#6375=LINE('',#6374,#6373);
#6376=CURVE_STYLE('',#36,POSITIVE_LENGTH_MEASURE(2.E-2),#28);
#6377=PRESENTATION_STYLE_ASSIGNMENT((#6376));
#6378=STYLED_ITEM('',(#6377),#6375);
#6379=DIRECTION('',(-1.E0,0.E0,0.E0));
#6380=VECTOR('',#6379,2.75E-1);
#6381=CARTESIAN_POINT('',(-1.725E0,2.E-1,1.725E0));
#6382=LINE('',#6381,#6380);
#6383=CURVE_STYLE('',#36,POSITIVE_LENGTH_MEASURE(2.E-2),#28);
#6384=PRESENTATION_STYLE_ASSIGNMENT((#6383));
#6385=STYLED_ITEM('',(#6384),#6382);
#6386=DIRECTION('',(0.E0,0.E0,-1.E0));
#6387=VECTOR('',#6386,2.75E-1);
#6388=CARTESIAN_POINT('',(-1.725E0,2.E-1,2.E0));
#6389=LINE('',#6388,#6387);
#6390=CURVE_STYLE('',#36,POSITIVE_LENGTH_MEASURE(2.E-2),#28);
#6391=PRESENTATION_STYLE_ASSIGNMENT((#6390));
#6392=STYLED_ITEM('',(#6391),#6389);
#6393=DIRECTION('',(-1.E0,0.E0,0.E0));
#6394=VECTOR('',#6393,1.5E-1);
#6395=CARTESIAN_POINT('',(-1.725E0,2.E-1,2.E0));
#6396=LINE('',#6395,#6394);
#6397=CURVE_STYLE('',#36,POSITIVE_LENGTH_MEASURE(2.E-2),#28);
#6398=PRESENTATION_STYLE_ASSIGNMENT((#6397));
#6399=STYLED_ITEM('',(#6398),#6396);
#6400=DIRECTION('',(0.E0,0.E0,1.E0));
#6401=VECTOR('',#6400,1.25E-1);
#6402=CARTESIAN_POINT('',(-1.875E0,2.E-1,1.875E0));
#6403=LINE('',#6402,#6401);
#6404=CURVE_STYLE('',#36,POSITIVE_LENGTH_MEASURE(2.E-2),#28);
#6405=PRESENTATION_STYLE_ASSIGNMENT((#6404));
#6406=STYLED_ITEM('',(#6405),#6403);
#6407=DIRECTION('',(1.E0,0.E0,0.E0));
#6408=VECTOR('',#6407,1.25E-1);
#6409=CARTESIAN_POINT('',(-2.E0,2.E-1,1.875E0));
#6410=LINE('',#6409,#6408);
#6411=CURVE_STYLE('',#36,POSITIVE_LENGTH_MEASURE(2.E-2),#28);
#6412=PRESENTATION_STYLE_ASSIGNMENT((#6411));
#6413=STYLED_ITEM('',(#6412),#6410);
#6414=CARTESIAN_POINT('',(-1.875E0,1.E-1,1.875E0));
#6415=CARTESIAN_POINT('',(-1.875E0,2.E-1,1.875E0));
#6416=VERTEX_POINT('',#6414);
#6417=VERTEX_POINT('',#6415);
#6418=CARTESIAN_POINT('',(-1.725E0,1.E-1,1.725E0));
#6419=CARTESIAN_POINT('',(-1.725E0,2.E-1,1.725E0));
#6420=VERTEX_POINT('',#6418);
#6421=VERTEX_POINT('',#6419);
#6422=CARTESIAN_POINT('',(-2.E0,1.E-1,1.875E0));
#6423=CARTESIAN_POINT('',(-2.E0,1.E-1,1.725E0));
#6424=VERTEX_POINT('',#6422);
#6425=VERTEX_POINT('',#6423);
#6426=CARTESIAN_POINT('',(-1.725E0,1.E-1,2.E0));
#6427=CARTESIAN_POINT('',(-1.875E0,1.E-1,2.E0));
#6428=VERTEX_POINT('',#6426);
#6429=VERTEX_POINT('',#6427);
#6430=CARTESIAN_POINT('',(-2.E0,2.E-1,1.875E0));
#6431=CARTESIAN_POINT('',(-2.E0,2.E-1,1.725E0));
#6432=VERTEX_POINT('',#6430);
#6433=VERTEX_POINT('',#6431);
#6434=CARTESIAN_POINT('',(-1.725E0,2.E-1,2.E0));
#6435=CARTESIAN_POINT('',(-1.875E0,2.E-1,2.E0));
#6436=VERTEX_POINT('',#6434);
#6437=VERTEX_POINT('',#6435);
#6438=CARTESIAN_POINT('',(0.E0,1.E-1,0.E0));
#6439=DIRECTION('',(0.E0,1.E0,0.E0));
#6440=DIRECTION('',(1.E0,0.E0,0.E0));
#6441=AXIS2_PLACEMENT_3D('',#6438,#6439,#6440);
#6442=PLANE('',#6441);
#6444=ORIENTED_EDGE('',*,*,#6443,.F.);
#6446=ORIENTED_EDGE('',*,*,#6445,.T.);
#6448=ORIENTED_EDGE('',*,*,#6447,.T.);
#6450=ORIENTED_EDGE('',*,*,#6449,.F.);
#6452=ORIENTED_EDGE('',*,*,#6451,.T.);
#6454=ORIENTED_EDGE('',*,*,#6453,.T.);
#6455=EDGE_LOOP('',(#6444,#6446,#6448,#6450,#6452,#6454));
#6456=FACE_OUTER_BOUND('',#6455,.F.);
#6458=CARTESIAN_POINT('',(-2.E0,0.E0,2.E0));
#6459=DIRECTION('',(1.E0,0.E0,0.E0));
#6460=DIRECTION('',(0.E0,0.E0,-1.E0));
#6461=AXIS2_PLACEMENT_3D('',#6458,#6459,#6460);
#6462=PLANE('',#6461);
#6463=ORIENTED_EDGE('',*,*,#6443,.T.);
#6465=ORIENTED_EDGE('',*,*,#6464,.T.);
#6467=ORIENTED_EDGE('',*,*,#6466,.F.);
#6469=ORIENTED_EDGE('',*,*,#6468,.F.);
#6470=EDGE_LOOP('',(#6463,#6465,#6467,#6469));
#6471=FACE_OUTER_BOUND('',#6470,.F.);
#6473=FILL_AREA_STYLE_COLOUR('',#29);
#6474=FILL_AREA_STYLE('',(#6473));
#6475=SURFACE_STYLE_FILL_AREA(#6474);
#6476=SURFACE_SIDE_STYLE('',(#6475));
#6477=SURFACE_STYLE_USAGE(.POSITIVE.,#6476);
#6478=PRESENTATION_STYLE_ASSIGNMENT((#6477));
#6479=OVER_RIDING_STYLED_ITEM('',(#6478),#6472,#6287);
#6480=CARTESIAN_POINT('',(-1.725E0,1.E-1,1.725E0));
#6481=DIRECTION('',(0.E0,0.E0,-1.E0));
#6482=DIRECTION('',(-1.E0,0.E0,0.E0));
#6483=AXIS2_PLACEMENT_3D('',#6480,#6481,#6482);
#6484=PLANE('',#6483);
#6485=ORIENTED_EDGE('',*,*,#6464,.F.);
#6486=ORIENTED_EDGE('',*,*,#6453,.F.);
#6488=ORIENTED_EDGE('',*,*,#6487,.T.);
#6490=ORIENTED_EDGE('',*,*,#6489,.T.);
#6491=EDGE_LOOP('',(#6485,#6486,#6488,#6490));
#6492=FACE_OUTER_BOUND('',#6491,.F.);
#6494=CARTESIAN_POINT('',(-1.725E0,1.E-1,2.1E0));
#6495=DIRECTION('',(1.E0,0.E0,0.E0));
#6496=DIRECTION('',(0.E0,0.E0,-1.E0));
#6497=AXIS2_PLACEMENT_3D('',#6494,#6495,#6496);
#6498=PLANE('',#6497);
#6500=ORIENTED_EDGE('',*,*,#6499,.T.);
#6502=ORIENTED_EDGE('',*,*,#6501,.T.);
#6503=ORIENTED_EDGE('',*,*,#6487,.F.);
#6504=ORIENTED_EDGE('',*,*,#6451,.F.);
#6505=EDGE_LOOP('',(#6500,#6502,#6503,#6504));
#6506=FACE_OUTER_BOUND('',#6505,.F.);
#6508=CARTESIAN_POINT('',(2.E0,0.E0,2.E0));
#6509=DIRECTION('',(0.E0,0.E0,-1.E0));
#6510=DIRECTION('',(-1.E0,0.E0,0.E0));
#6511=AXIS2_PLACEMENT_3D('',#6508,#6509,#6510);
#6512=PLANE('',#6511);
#6513=ORIENTED_EDGE('',*,*,#6449,.T.);
#6515=ORIENTED_EDGE('',*,*,#6514,.T.);
#6517=ORIENTED_EDGE('',*,*,#6516,.F.);
#6518=ORIENTED_EDGE('',*,*,#6499,.F.);
#6519=EDGE_LOOP('',(#6513,#6515,#6517,#6518));
#6520=FACE_OUTER_BOUND('',#6519,.F.);
#6522=FILL_AREA_STYLE_COLOUR('',#29);
#6523=FILL_AREA_STYLE('',(#6522));
#6524=SURFACE_STYLE_FILL_AREA(#6523);
#6525=SURFACE_SIDE_STYLE('',(#6524));
#6526=SURFACE_STYLE_USAGE(.POSITIVE.,#6525);
#6527=PRESENTATION_STYLE_ASSIGNMENT((#6526));
#6528=OVER_RIDING_STYLED_ITEM('',(#6527),#6521,#6287);
#6529=CARTESIAN_POINT('',(-1.875E0,1.E-1,1.875E0));
#6530=DIRECTION('',(-1.E0,0.E0,0.E0));
#6531=DIRECTION('',(0.E0,0.E0,1.E0));
#6532=AXIS2_PLACEMENT_3D('',#6529,#6530,#6531);
#6533=PLANE('',#6532);
#6534=ORIENTED_EDGE('',*,*,#6514,.F.);
#6535=ORIENTED_EDGE('',*,*,#6447,.F.);
#6537=ORIENTED_EDGE('',*,*,#6536,.T.);
#6539=ORIENTED_EDGE('',*,*,#6538,.T.);
#6540=EDGE_LOOP('',(#6534,#6535,#6537,#6539));
#6541=FACE_OUTER_BOUND('',#6540,.F.);
#6543=CARTESIAN_POINT('',(-2.1E0,1.E-1,1.875E0));
#6544=DIRECTION('',(0.E0,0.E0,1.E0));
#6545=DIRECTION('',(1.E0,0.E0,0.E0));
#6546=AXIS2_PLACEMENT_3D('',#6543,#6544,#6545);
#6547=PLANE('',#6546);
#6548=ORIENTED_EDGE('',*,*,#6468,.T.);
#6550=ORIENTED_EDGE('',*,*,#6549,.T.);
#6551=ORIENTED_EDGE('',*,*,#6536,.F.);
#6552=ORIENTED_EDGE('',*,*,#6445,.F.);
#6553=EDGE_LOOP('',(#6548,#6550,#6551,#6552));
#6554=FACE_OUTER_BOUND('',#6553,.F.);
#6556=CARTESIAN_POINT('',(0.E0,2.E-1,0.E0));
#6557=DIRECTION('',(0.E0,1.E0,0.E0));
#6558=DIRECTION('',(1.E0,0.E0,0.E0));
#6559=AXIS2_PLACEMENT_3D('',#6556,#6557,#6558);
#6560=PLANE('',#6559);
#6561=ORIENTED_EDGE('',*,*,#6466,.T.);
#6562=ORIENTED_EDGE('',*,*,#6489,.F.);
#6563=ORIENTED_EDGE('',*,*,#6501,.F.);
#6564=ORIENTED_EDGE('',*,*,#6516,.T.);
#6565=ORIENTED_EDGE('',*,*,#6538,.F.);
#6566=ORIENTED_EDGE('',*,*,#6549,.F.);
#6567=EDGE_LOOP('',(#6561,#6562,#6563,#6564,#6565,#6566));
#6568=FACE_OUTER_BOUND('',#6567,.F.);
#6570=CLOSED_SHELL('',(#6457,#6472,#6493,#6507,#6521,#6542,#6555,#6569));
#6571=MANIFOLD_SOLID_BREP('',#6570);
#6572=FILL_AREA_STYLE_COLOUR('',#28);
#6573=FILL_AREA_STYLE('',(#6572));
#6574=SURFACE_STYLE_FILL_AREA(#6573);
#6575=SURFACE_SIDE_STYLE('',(#6574));
#6576=SURFACE_STYLE_USAGE(.POSITIVE.,#6575);
#6577=PRESENTATION_STYLE_ASSIGNMENT((#6576));
#6287=STYLED_ITEM('',(#6577),#6571);
#6579=DIRECTION('',(0.E0,0.E0,1.E0));
#6580=VECTOR('',#6579,1.5E-1);
#6581=CARTESIAN_POINT('',(2.E0,1.E-1,1.725E0));
#6582=LINE('',#6581,#6580);
#6583=CURVE_STYLE('',#36,POSITIVE_LENGTH_MEASURE(2.E-2),#28);
#6584=PRESENTATION_STYLE_ASSIGNMENT((#6583));
#6585=STYLED_ITEM('',(#6584),#6582);
#6586=DIRECTION('',(-1.E0,0.E0,0.E0));
#6587=VECTOR('',#6586,2.75E-1);
#6588=CARTESIAN_POINT('',(2.E0,1.E-1,1.725E0));
#6589=LINE('',#6588,#6587);
#6590=CURVE_STYLE('',#36,POSITIVE_LENGTH_MEASURE(2.E-2),#28);
#6591=PRESENTATION_STYLE_ASSIGNMENT((#6590));
#6592=STYLED_ITEM('',(#6591),#6589);
#6593=DIRECTION('',(0.E0,0.E0,1.E0));
#6594=VECTOR('',#6593,2.75E-1);
#6595=CARTESIAN_POINT('',(1.725E0,1.E-1,1.725E0));
#6596=LINE('',#6595,#6594);
#6597=CURVE_STYLE('',#36,POSITIVE_LENGTH_MEASURE(2.E-2),#28);
#6598=PRESENTATION_STYLE_ASSIGNMENT((#6597));
#6599=STYLED_ITEM('',(#6598),#6596);
#6600=DIRECTION('',(-1.E0,0.E0,0.E0));
#6601=VECTOR('',#6600,1.5E-1);
#6602=CARTESIAN_POINT('',(1.875E0,1.E-1,2.E0));
#6603=LINE('',#6602,#6601);
#6604=CURVE_STYLE('',#36,POSITIVE_LENGTH_MEASURE(2.E-2),#28);
#6605=PRESENTATION_STYLE_ASSIGNMENT((#6604));
#6606=STYLED_ITEM('',(#6605),#6603);
#6607=DIRECTION('',(0.E0,0.E0,-1.E0));
#6608=VECTOR('',#6607,1.25E-1);
#6609=CARTESIAN_POINT('',(1.875E0,1.E-1,2.E0));
#6610=LINE('',#6609,#6608);
#6611=CURVE_STYLE('',#36,POSITIVE_LENGTH_MEASURE(2.E-2),#28);
#6612=PRESENTATION_STYLE_ASSIGNMENT((#6611));
#6613=STYLED_ITEM('',(#6612),#6610);
#6614=DIRECTION('',(1.E0,0.E0,0.E0));
#6615=VECTOR('',#6614,1.25E-1);
#6616=CARTESIAN_POINT('',(1.875E0,1.E-1,1.875E0));
#6617=LINE('',#6616,#6615);
#6618=CURVE_STYLE('',#36,POSITIVE_LENGTH_MEASURE(2.E-2),#28);
#6619=PRESENTATION_STYLE_ASSIGNMENT((#6618));
#6620=STYLED_ITEM('',(#6619),#6617);
#6621=DIRECTION('',(0.E0,1.E0,0.E0));
#6622=VECTOR('',#6621,1.E-1);
#6623=CARTESIAN_POINT('',(2.E0,1.E-1,1.875E0));
#6624=LINE('',#6623,#6622);
#6625=CURVE_STYLE('',#36,POSITIVE_LENGTH_MEASURE(2.E-2),#28);
#6626=PRESENTATION_STYLE_ASSIGNMENT((#6625));
#6627=STYLED_ITEM('',(#6626),#6624);
#6628=DIRECTION('',(0.E0,1.E0,0.E0));
#6629=VECTOR('',#6628,1.E-1);
#6630=CARTESIAN_POINT('',(1.875E0,1.E-1,1.875E0));
#6631=LINE('',#6630,#6629);
#6632=CURVE_STYLE('',#36,POSITIVE_LENGTH_MEASURE(2.E-2),#28);
#6633=PRESENTATION_STYLE_ASSIGNMENT((#6632));
#6634=STYLED_ITEM('',(#6633),#6631);
#6635=DIRECTION('',(0.E0,1.E0,0.E0));
#6636=VECTOR('',#6635,1.E-1);
#6637=CARTESIAN_POINT('',(1.875E0,1.E-1,2.E0));
#6638=LINE('',#6637,#6636);
#6639=CURVE_STYLE('',#36,POSITIVE_LENGTH_MEASURE(2.E-2),#28);
#6640=PRESENTATION_STYLE_ASSIGNMENT((#6639));
#6641=STYLED_ITEM('',(#6640),#6638);
#6642=DIRECTION('',(0.E0,1.E0,0.E0));
#6643=VECTOR('',#6642,1.E-1);
#6644=CARTESIAN_POINT('',(1.725E0,1.E-1,2.E0));
#6645=LINE('',#6644,#6643);
#6646=CURVE_STYLE('',#36,POSITIVE_LENGTH_MEASURE(2.E-2),#28);
#6647=PRESENTATION_STYLE_ASSIGNMENT((#6646));
#6648=STYLED_ITEM('',(#6647),#6645);
#6649=DIRECTION('',(0.E0,1.E0,0.E0));
#6650=VECTOR('',#6649,1.E-1);
#6651=CARTESIAN_POINT('',(1.725E0,1.E-1,1.725E0));
#6652=LINE('',#6651,#6650);
#6653=CURVE_STYLE('',#36,POSITIVE_LENGTH_MEASURE(2.E-2),#28);
#6654=PRESENTATION_STYLE_ASSIGNMENT((#6653));
#6655=STYLED_ITEM('',(#6654),#6652);
#6656=DIRECTION('',(0.E0,1.E0,0.E0));
#6657=VECTOR('',#6656,1.E-1);
#6658=CARTESIAN_POINT('',(2.E0,1.E-1,1.725E0));
#6659=LINE('',#6658,#6657);
#6660=CURVE_STYLE('',#36,POSITIVE_LENGTH_MEASURE(2.E-2),#28);
#6661=PRESENTATION_STYLE_ASSIGNMENT((#6660));
#6662=STYLED_ITEM('',(#6661),#6659);
#6663=DIRECTION('',(0.E0,0.E0,1.E0));
#6664=VECTOR('',#6663,1.5E-1);
#6665=CARTESIAN_POINT('',(2.E0,2.E-1,1.725E0));
#6666=LINE('',#6665,#6664);
#6667=CURVE_STYLE('',#36,POSITIVE_LENGTH_MEASURE(2.E-2),#28);
#6668=PRESENTATION_STYLE_ASSIGNMENT((#6667));
#6669=STYLED_ITEM('',(#6668),#6666);
#6670=DIRECTION('',(1.E0,0.E0,0.E0));
#6671=VECTOR('',#6670,1.25E-1);
#6672=CARTESIAN_POINT('',(1.875E0,2.E-1,1.875E0));
#6673=LINE('',#6672,#6671);
#6674=CURVE_STYLE('',#36,POSITIVE_LENGTH_MEASURE(2.E-2),#28);
#6675=PRESENTATION_STYLE_ASSIGNMENT((#6674));
#6676=STYLED_ITEM('',(#6675),#6673);
#6677=DIRECTION('',(0.E0,0.E0,-1.E0));
#6678=VECTOR('',#6677,1.25E-1);
#6679=CARTESIAN_POINT('',(1.875E0,2.E-1,2.E0));
#6680=LINE('',#6679,#6678);
#6681=CURVE_STYLE('',#36,POSITIVE_LENGTH_MEASURE(2.E-2),#28);
#6682=PRESENTATION_STYLE_ASSIGNMENT((#6681));
#6683=STYLED_ITEM('',(#6682),#6680);
#6684=DIRECTION('',(-1.E0,0.E0,0.E0));
#6685=VECTOR('',#6684,1.5E-1);
#6686=CARTESIAN_POINT('',(1.875E0,2.E-1,2.E0));
#6687=LINE('',#6686,#6685);
#6688=CURVE_STYLE('',#36,POSITIVE_LENGTH_MEASURE(2.E-2),#28);
#6689=PRESENTATION_STYLE_ASSIGNMENT((#6688));
#6690=STYLED_ITEM('',(#6689),#6687);
#6691=DIRECTION('',(0.E0,0.E0,1.E0));
#6692=VECTOR('',#6691,2.75E-1);
#6693=CARTESIAN_POINT('',(1.725E0,2.E-1,1.725E0));
#6694=LINE('',#6693,#6692);
#6695=CURVE_STYLE('',#36,POSITIVE_LENGTH_MEASURE(2.E-2),#28);
#6696=PRESENTATION_STYLE_ASSIGNMENT((#6695));
#6697=STYLED_ITEM('',(#6696),#6694);
#6698=DIRECTION('',(-1.E0,0.E0,0.E0));
#6699=VECTOR('',#6698,2.75E-1);
#6700=CARTESIAN_POINT('',(2.E0,2.E-1,1.725E0));
#6701=LINE('',#6700,#6699);
#6702=CURVE_STYLE('',#36,POSITIVE_LENGTH_MEASURE(2.E-2),#28);
#6703=PRESENTATION_STYLE_ASSIGNMENT((#6702));
#6704=STYLED_ITEM('',(#6703),#6701);
#6705=CARTESIAN_POINT('',(1.725E0,1.E-1,1.725E0));
#6706=CARTESIAN_POINT('',(1.725E0,2.E-1,1.725E0));
#6707=VERTEX_POINT('',#6705);
#6708=VERTEX_POINT('',#6706);
#6709=CARTESIAN_POINT('',(1.875E0,1.E-1,1.875E0));
#6710=CARTESIAN_POINT('',(1.875E0,2.E-1,1.875E0));
#6711=VERTEX_POINT('',#6709);
#6712=VERTEX_POINT('',#6710);
#6713=CARTESIAN_POINT('',(2.E0,1.E-1,1.725E0));
#6714=CARTESIAN_POINT('',(2.E0,1.E-1,1.875E0));
#6715=VERTEX_POINT('',#6713);
#6716=VERTEX_POINT('',#6714);
#6717=CARTESIAN_POINT('',(1.875E0,1.E-1,2.E0));
#6718=CARTESIAN_POINT('',(1.725E0,1.E-1,2.E0));
#6719=VERTEX_POINT('',#6717);
#6720=VERTEX_POINT('',#6718);
#6721=CARTESIAN_POINT('',(2.E0,2.E-1,1.725E0));
#6722=CARTESIAN_POINT('',(2.E0,2.E-1,1.875E0));
#6723=VERTEX_POINT('',#6721);
#6724=VERTEX_POINT('',#6722);
#6725=CARTESIAN_POINT('',(1.875E0,2.E-1,2.E0));
#6726=CARTESIAN_POINT('',(1.725E0,2.E-1,2.E0));
#6727=VERTEX_POINT('',#6725);
#6728=VERTEX_POINT('',#6726);
#6729=CARTESIAN_POINT('',(0.E0,1.E-1,0.E0));
#6730=DIRECTION('',(0.E0,1.E0,0.E0));
#6731=DIRECTION('',(1.E0,0.E0,0.E0));
#6732=AXIS2_PLACEMENT_3D('',#6729,#6730,#6731);
#6733=PLANE('',#6732);
#6735=ORIENTED_EDGE('',*,*,#6734,.F.);
#6737=ORIENTED_EDGE('',*,*,#6736,.T.);
#6739=ORIENTED_EDGE('',*,*,#6738,.T.);
#6741=ORIENTED_EDGE('',*,*,#6740,.F.);
#6743=ORIENTED_EDGE('',*,*,#6742,.T.);
#6745=ORIENTED_EDGE('',*,*,#6744,.T.);
#6746=EDGE_LOOP('',(#6735,#6737,#6739,#6741,#6743,#6745));
#6747=FACE_OUTER_BOUND('',#6746,.F.);
#6749=CARTESIAN_POINT('',(2.E0,0.E0,-2.E0));
#6750=DIRECTION('',(-1.E0,0.E0,0.E0));
#6751=DIRECTION('',(0.E0,0.E0,1.E0));
#6752=AXIS2_PLACEMENT_3D('',#6749,#6750,#6751);
#6753=PLANE('',#6752);
#6754=ORIENTED_EDGE('',*,*,#6734,.T.);
#6756=ORIENTED_EDGE('',*,*,#6755,.T.);
#6758=ORIENTED_EDGE('',*,*,#6757,.F.);
#6760=ORIENTED_EDGE('',*,*,#6759,.F.);
#6761=EDGE_LOOP('',(#6754,#6756,#6758,#6760));
#6762=FACE_OUTER_BOUND('',#6761,.F.);
#6764=FILL_AREA_STYLE_COLOUR('',#29);
#6765=FILL_AREA_STYLE('',(#6764));
#6766=SURFACE_STYLE_FILL_AREA(#6765);
#6767=SURFACE_SIDE_STYLE('',(#6766));
#6768=SURFACE_STYLE_USAGE(.POSITIVE.,#6767);
#6769=PRESENTATION_STYLE_ASSIGNMENT((#6768));
#6770=OVER_RIDING_STYLED_ITEM('',(#6769),#6763,#6578);
#6771=CARTESIAN_POINT('',(1.875E0,1.E-1,1.875E0));
#6772=DIRECTION('',(0.E0,0.E0,1.E0));
#6773=DIRECTION('',(1.E0,0.E0,0.E0));
#6774=AXIS2_PLACEMENT_3D('',#6771,#6772,#6773);
#6775=PLANE('',#6774);
#6776=ORIENTED_EDGE('',*,*,#6755,.F.);
#6777=ORIENTED_EDGE('',*,*,#6744,.F.);
#6779=ORIENTED_EDGE('',*,*,#6778,.T.);
#6781=ORIENTED_EDGE('',*,*,#6780,.T.);
#6782=EDGE_LOOP('',(#6776,#6777,#6779,#6781));
#6783=FACE_OUTER_BOUND('',#6782,.F.);
#6785=CARTESIAN_POINT('',(1.875E0,1.E-1,2.1E0));
#6786=DIRECTION('',(1.E0,0.E0,0.E0));
#6787=DIRECTION('',(0.E0,0.E0,-1.E0));
#6788=AXIS2_PLACEMENT_3D('',#6785,#6786,#6787);
#6789=PLANE('',#6788);
#6791=ORIENTED_EDGE('',*,*,#6790,.T.);
#6793=ORIENTED_EDGE('',*,*,#6792,.T.);
#6794=ORIENTED_EDGE('',*,*,#6778,.F.);
#6795=ORIENTED_EDGE('',*,*,#6742,.F.);
#6796=EDGE_LOOP('',(#6791,#6793,#6794,#6795));
#6797=FACE_OUTER_BOUND('',#6796,.F.);
#6799=CARTESIAN_POINT('',(2.E0,0.E0,2.E0));
#6800=DIRECTION('',(0.E0,0.E0,-1.E0));
#6801=DIRECTION('',(-1.E0,0.E0,0.E0));
#6802=AXIS2_PLACEMENT_3D('',#6799,#6800,#6801);
#6803=PLANE('',#6802);
#6804=ORIENTED_EDGE('',*,*,#6740,.T.);
#6806=ORIENTED_EDGE('',*,*,#6805,.T.);
#6808=ORIENTED_EDGE('',*,*,#6807,.F.);
#6809=ORIENTED_EDGE('',*,*,#6790,.F.);
#6810=EDGE_LOOP('',(#6804,#6806,#6808,#6809));
#6811=FACE_OUTER_BOUND('',#6810,.F.);
#6813=FILL_AREA_STYLE_COLOUR('',#29);
#6814=FILL_AREA_STYLE('',(#6813));
#6815=SURFACE_STYLE_FILL_AREA(#6814);
#6816=SURFACE_SIDE_STYLE('',(#6815));
#6817=SURFACE_STYLE_USAGE(.POSITIVE.,#6816);
#6818=PRESENTATION_STYLE_ASSIGNMENT((#6817));
#6819=OVER_RIDING_STYLED_ITEM('',(#6818),#6812,#6578);
#6820=CARTESIAN_POINT('',(1.725E0,1.E-1,1.725E0));
#6821=DIRECTION('',(-1.E0,0.E0,0.E0));
#6822=DIRECTION('',(0.E0,0.E0,1.E0));
#6823=AXIS2_PLACEMENT_3D('',#6820,#6821,#6822);
#6824=PLANE('',#6823);
#6825=ORIENTED_EDGE('',*,*,#6805,.F.);
#6826=ORIENTED_EDGE('',*,*,#6738,.F.);
#6828=ORIENTED_EDGE('',*,*,#6827,.T.);
#6830=ORIENTED_EDGE('',*,*,#6829,.T.);
#6831=EDGE_LOOP('',(#6825,#6826,#6828,#6830));
#6832=FACE_OUTER_BOUND('',#6831,.F.);
#6834=CARTESIAN_POINT('',(2.1E0,1.E-1,1.725E0));
#6835=DIRECTION('',(0.E0,0.E0,-1.E0));
#6836=DIRECTION('',(-1.E0,0.E0,0.E0));
#6837=AXIS2_PLACEMENT_3D('',#6834,#6835,#6836);
#6838=PLANE('',#6837);
#6839=ORIENTED_EDGE('',*,*,#6759,.T.);
#6841=ORIENTED_EDGE('',*,*,#6840,.T.);
#6842=ORIENTED_EDGE('',*,*,#6827,.F.);
#6843=ORIENTED_EDGE('',*,*,#6736,.F.);
#6844=EDGE_LOOP('',(#6839,#6841,#6842,#6843));
#6845=FACE_OUTER_BOUND('',#6844,.F.);
#6847=CARTESIAN_POINT('',(0.E0,2.E-1,0.E0));
#6848=DIRECTION('',(0.E0,1.E0,0.E0));
#6849=DIRECTION('',(1.E0,0.E0,0.E0));
#6850=AXIS2_PLACEMENT_3D('',#6847,#6848,#6849);
#6851=PLANE('',#6850);
#6852=ORIENTED_EDGE('',*,*,#6757,.T.);
#6853=ORIENTED_EDGE('',*,*,#6780,.F.);
#6854=ORIENTED_EDGE('',*,*,#6792,.F.);
#6855=ORIENTED_EDGE('',*,*,#6807,.T.);
#6856=ORIENTED_EDGE('',*,*,#6829,.F.);
#6857=ORIENTED_EDGE('',*,*,#6840,.F.);
#6858=EDGE_LOOP('',(#6852,#6853,#6854,#6855,#6856,#6857));
#6859=FACE_OUTER_BOUND('',#6858,.F.);
#6861=CLOSED_SHELL('',(#6748,#6763,#6784,#6798,#6812,#6833,#6846,#6860));
#6862=MANIFOLD_SOLID_BREP('',#6861);
#6863=FILL_AREA_STYLE_COLOUR('',#28);
#6864=FILL_AREA_STYLE('',(#6863));
#6865=SURFACE_STYLE_FILL_AREA(#6864);
#6866=SURFACE_SIDE_STYLE('',(#6865));
#6867=SURFACE_STYLE_USAGE(.POSITIVE.,#6866);
#6868=PRESENTATION_STYLE_ASSIGNMENT((#6867));
#6578=STYLED_ITEM('',(#6868),#6862);
#6870=DIRECTION('',(0.E0,0.E0,-1.E0));
#6871=VECTOR('',#6870,1.5E-1);
#6872=CARTESIAN_POINT('',(-2.E0,1.E-1,-1.725E0));
#6873=LINE('',#6872,#6871);
#6874=CURVE_STYLE('',#36,POSITIVE_LENGTH_MEASURE(2.E-2),#28);
#6875=PRESENTATION_STYLE_ASSIGNMENT((#6874));
#6876=STYLED_ITEM('',(#6875),#6873);
#6877=DIRECTION('',(1.E0,0.E0,0.E0));
#6878=VECTOR('',#6877,2.75E-1);
#6879=CARTESIAN_POINT('',(-2.E0,1.E-1,-1.725E0));
#6880=LINE('',#6879,#6878);
#6881=CURVE_STYLE('',#36,POSITIVE_LENGTH_MEASURE(2.E-2),#28);
#6882=PRESENTATION_STYLE_ASSIGNMENT((#6881));
#6883=STYLED_ITEM('',(#6882),#6880);
#6884=DIRECTION('',(0.E0,0.E0,-1.E0));
#6885=VECTOR('',#6884,2.75E-1);
#6886=CARTESIAN_POINT('',(-1.725E0,1.E-1,-1.725E0));
#6887=LINE('',#6886,#6885);
#6888=CURVE_STYLE('',#36,POSITIVE_LENGTH_MEASURE(2.E-2),#28);
#6889=PRESENTATION_STYLE_ASSIGNMENT((#6888));
#6890=STYLED_ITEM('',(#6889),#6887);
#6891=DIRECTION('',(1.E0,0.E0,0.E0));
#6892=VECTOR('',#6891,1.5E-1);
#6893=CARTESIAN_POINT('',(-1.875E0,1.E-1,-2.E0));
#6894=LINE('',#6893,#6892);
#6895=CURVE_STYLE('',#36,POSITIVE_LENGTH_MEASURE(2.E-2),#28);
#6896=PRESENTATION_STYLE_ASSIGNMENT((#6895));
#6897=STYLED_ITEM('',(#6896),#6894);
#6898=DIRECTION('',(0.E0,0.E0,1.E0));
#6899=VECTOR('',#6898,1.25E-1);
#6900=CARTESIAN_POINT('',(-1.875E0,1.E-1,-2.E0));
#6901=LINE('',#6900,#6899);
#6902=CURVE_STYLE('',#36,POSITIVE_LENGTH_MEASURE(2.E-2),#28);
#6903=PRESENTATION_STYLE_ASSIGNMENT((#6902));
#6904=STYLED_ITEM('',(#6903),#6901);
#6905=DIRECTION('',(-1.E0,0.E0,0.E0));
#6906=VECTOR('',#6905,1.25E-1);
#6907=CARTESIAN_POINT('',(-1.875E0,1.E-1,-1.875E0));
#6908=LINE('',#6907,#6906);
#6909=CURVE_STYLE('',#36,POSITIVE_LENGTH_MEASURE(2.E-2),#28);
#6910=PRESENTATION_STYLE_ASSIGNMENT((#6909));
#6911=STYLED_ITEM('',(#6910),#6908);
#6912=DIRECTION('',(0.E0,1.E0,0.E0));
#6913=VECTOR('',#6912,1.E-1);
#6914=CARTESIAN_POINT('',(-2.E0,1.E-1,-1.875E0));
#6915=LINE('',#6914,#6913);
#6916=CURVE_STYLE('',#36,POSITIVE_LENGTH_MEASURE(2.E-2),#28);
#6917=PRESENTATION_STYLE_ASSIGNMENT((#6916));
#6918=STYLED_ITEM('',(#6917),#6915);
#6919=DIRECTION('',(0.E0,1.E0,0.E0));
#6920=VECTOR('',#6919,1.E-1);
#6921=CARTESIAN_POINT('',(-1.875E0,1.E-1,-1.875E0));
#6922=LINE('',#6921,#6920);
#6923=CURVE_STYLE('',#36,POSITIVE_LENGTH_MEASURE(2.E-2),#28);
#6924=PRESENTATION_STYLE_ASSIGNMENT((#6923));
#6925=STYLED_ITEM('',(#6924),#6922);
#6926=DIRECTION('',(0.E0,1.E0,0.E0));
#6927=VECTOR('',#6926,1.E-1);
#6928=CARTESIAN_POINT('',(-1.875E0,1.E-1,-2.E0));
#6929=LINE('',#6928,#6927);
#6930=CURVE_STYLE('',#36,POSITIVE_LENGTH_MEASURE(2.E-2),#28);
#6931=PRESENTATION_STYLE_ASSIGNMENT((#6930));
#6932=STYLED_ITEM('',(#6931),#6929);
#6933=DIRECTION('',(0.E0,1.E0,0.E0));
#6934=VECTOR('',#6933,1.E-1);
#6935=CARTESIAN_POINT('',(-1.725E0,1.E-1,-2.E0));
#6936=LINE('',#6935,#6934);
#6937=CURVE_STYLE('',#36,POSITIVE_LENGTH_MEASURE(2.E-2),#28);
#6938=PRESENTATION_STYLE_ASSIGNMENT((#6937));
#6939=STYLED_ITEM('',(#6938),#6936);
#6940=DIRECTION('',(0.E0,1.E0,0.E0));
#6941=VECTOR('',#6940,1.E-1);
#6942=CARTESIAN_POINT('',(-1.725E0,1.E-1,-1.725E0));
#6943=LINE('',#6942,#6941);
#6944=CURVE_STYLE('',#36,POSITIVE_LENGTH_MEASURE(2.E-2),#28);
#6945=PRESENTATION_STYLE_ASSIGNMENT((#6944));
#6946=STYLED_ITEM('',(#6945),#6943);
#6947=DIRECTION('',(0.E0,1.E0,0.E0));
#6948=VECTOR('',#6947,1.E-1);
#6949=CARTESIAN_POINT('',(-2.E0,1.E-1,-1.725E0));
#6950=LINE('',#6949,#6948);
#6951=CURVE_STYLE('',#36,POSITIVE_LENGTH_MEASURE(2.E-2),#28);
#6952=PRESENTATION_STYLE_ASSIGNMENT((#6951));
#6953=STYLED_ITEM('',(#6952),#6950);
#6954=DIRECTION('',(0.E0,0.E0,-1.E0));
#6955=VECTOR('',#6954,1.5E-1);
#6956=CARTESIAN_POINT('',(-2.E0,2.E-1,-1.725E0));
#6957=LINE('',#6956,#6955);
#6958=CURVE_STYLE('',#36,POSITIVE_LENGTH_MEASURE(2.E-2),#28);
#6959=PRESENTATION_STYLE_ASSIGNMENT((#6958));
#6960=STYLED_ITEM('',(#6959),#6957);
#6961=DIRECTION('',(-1.E0,0.E0,0.E0));
#6962=VECTOR('',#6961,1.25E-1);
#6963=CARTESIAN_POINT('',(-1.875E0,2.E-1,-1.875E0));
#6964=LINE('',#6963,#6962);
#6965=CURVE_STYLE('',#36,POSITIVE_LENGTH_MEASURE(2.E-2),#28);
#6966=PRESENTATION_STYLE_ASSIGNMENT((#6965));
#6967=STYLED_ITEM('',(#6966),#6964);
#6968=DIRECTION('',(0.E0,0.E0,1.E0));
#6969=VECTOR('',#6968,1.25E-1);
#6970=CARTESIAN_POINT('',(-1.875E0,2.E-1,-2.E0));
#6971=LINE('',#6970,#6969);
#6972=CURVE_STYLE('',#36,POSITIVE_LENGTH_MEASURE(2.E-2),#28);
#6973=PRESENTATION_STYLE_ASSIGNMENT((#6972));
#6974=STYLED_ITEM('',(#6973),#6971);
#6975=DIRECTION('',(1.E0,0.E0,0.E0));
#6976=VECTOR('',#6975,1.5E-1);
#6977=CARTESIAN_POINT('',(-1.875E0,2.E-1,-2.E0));
#6978=LINE('',#6977,#6976);
#6979=CURVE_STYLE('',#36,POSITIVE_LENGTH_MEASURE(2.E-2),#28);
#6980=PRESENTATION_STYLE_ASSIGNMENT((#6979));
#6981=STYLED_ITEM('',(#6980),#6978);
#6982=DIRECTION('',(0.E0,0.E0,-1.E0));
#6983=VECTOR('',#6982,2.75E-1);
#6984=CARTESIAN_POINT('',(-1.725E0,2.E-1,-1.725E0));
#6985=LINE('',#6984,#6983);
#6986=CURVE_STYLE('',#36,POSITIVE_LENGTH_MEASURE(2.E-2),#28);
#6987=PRESENTATION_STYLE_ASSIGNMENT((#6986));
#6988=STYLED_ITEM('',(#6987),#6985);
#6989=DIRECTION('',(1.E0,0.E0,0.E0));
#6990=VECTOR('',#6989,2.75E-1);
#6991=CARTESIAN_POINT('',(-2.E0,2.E-1,-1.725E0));
#6992=LINE('',#6991,#6990);
#6993=CURVE_STYLE('',#36,POSITIVE_LENGTH_MEASURE(2.E-2),#28);
#6994=PRESENTATION_STYLE_ASSIGNMENT((#6993));
#6995=STYLED_ITEM('',(#6994),#6992);
#6996=CARTESIAN_POINT('',(-1.725E0,1.E-1,-1.725E0));
#6997=CARTESIAN_POINT('',(-1.725E0,2.E-1,-1.725E0));
#6998=VERTEX_POINT('',#6996);
#6999=VERTEX_POINT('',#6997);
#7000=CARTESIAN_POINT('',(-1.875E0,1.E-1,-1.875E0));
#7001=CARTESIAN_POINT('',(-1.875E0,2.E-1,-1.875E0));
#7002=VERTEX_POINT('',#7000);
#7003=VERTEX_POINT('',#7001);
#7004=CARTESIAN_POINT('',(-2.E0,1.E-1,-1.725E0));
#7005=CARTESIAN_POINT('',(-2.E0,1.E-1,-1.875E0));
#7006=VERTEX_POINT('',#7004);
#7007=VERTEX_POINT('',#7005);
#7008=CARTESIAN_POINT('',(-1.875E0,1.E-1,-2.E0));
#7009=CARTESIAN_POINT('',(-1.725E0,1.E-1,-2.E0));
#7010=VERTEX_POINT('',#7008);
#7011=VERTEX_POINT('',#7009);
#7012=CARTESIAN_POINT('',(-2.E0,2.E-1,-1.725E0));
#7013=CARTESIAN_POINT('',(-2.E0,2.E-1,-1.875E0));
#7014=VERTEX_POINT('',#7012);
#7015=VERTEX_POINT('',#7013);
#7016=CARTESIAN_POINT('',(-1.875E0,2.E-1,-2.E0));
#7017=CARTESIAN_POINT('',(-1.725E0,2.E-1,-2.E0));
#7018=VERTEX_POINT('',#7016);
#7019=VERTEX_POINT('',#7017);
#7020=CARTESIAN_POINT('',(0.E0,1.E-1,0.E0));
#7021=DIRECTION('',(0.E0,1.E0,0.E0));
#7022=DIRECTION('',(1.E0,0.E0,0.E0));
#7023=AXIS2_PLACEMENT_3D('',#7020,#7021,#7022);
#7024=PLANE('',#7023);
#7026=ORIENTED_EDGE('',*,*,#7025,.F.);
#7028=ORIENTED_EDGE('',*,*,#7027,.T.);
#7030=ORIENTED_EDGE('',*,*,#7029,.T.);
#7032=ORIENTED_EDGE('',*,*,#7031,.F.);
#7034=ORIENTED_EDGE('',*,*,#7033,.T.);
#7036=ORIENTED_EDGE('',*,*,#7035,.T.);
#7037=EDGE_LOOP('',(#7026,#7028,#7030,#7032,#7034,#7036));
#7038=FACE_OUTER_BOUND('',#7037,.F.);
#7040=CARTESIAN_POINT('',(-2.E0,0.E0,2.E0));
#7041=DIRECTION('',(1.E0,0.E0,0.E0));
#7042=DIRECTION('',(0.E0,0.E0,-1.E0));
#7043=AXIS2_PLACEMENT_3D('',#7040,#7041,#7042);
#7044=PLANE('',#7043);
#7045=ORIENTED_EDGE('',*,*,#7025,.T.);
#7047=ORIENTED_EDGE('',*,*,#7046,.T.);
#7049=ORIENTED_EDGE('',*,*,#7048,.F.);
#7051=ORIENTED_EDGE('',*,*,#7050,.F.);
#7052=EDGE_LOOP('',(#7045,#7047,#7049,#7051));
#7053=FACE_OUTER_BOUND('',#7052,.F.);
#7055=FILL_AREA_STYLE_COLOUR('',#29);
#7056=FILL_AREA_STYLE('',(#7055));
#7057=SURFACE_STYLE_FILL_AREA(#7056);
#7058=SURFACE_SIDE_STYLE('',(#7057));
#7059=SURFACE_STYLE_USAGE(.POSITIVE.,#7058);
#7060=PRESENTATION_STYLE_ASSIGNMENT((#7059));
#7061=OVER_RIDING_STYLED_ITEM('',(#7060),#7054,#6869);
#7062=CARTESIAN_POINT('',(-1.875E0,1.E-1,-1.875E0));
#7063=DIRECTION('',(0.E0,0.E0,-1.E0));
#7064=DIRECTION('',(-1.E0,0.E0,0.E0));
#7065=AXIS2_PLACEMENT_3D('',#7062,#7063,#7064);
#7066=PLANE('',#7065);
#7067=ORIENTED_EDGE('',*,*,#7046,.F.);
#7068=ORIENTED_EDGE('',*,*,#7035,.F.);
#7070=ORIENTED_EDGE('',*,*,#7069,.T.);
#7072=ORIENTED_EDGE('',*,*,#7071,.T.);
#7073=EDGE_LOOP('',(#7067,#7068,#7070,#7072));
#7074=FACE_OUTER_BOUND('',#7073,.F.);
#7076=CARTESIAN_POINT('',(-1.875E0,1.E-1,-2.1E0));
#7077=DIRECTION('',(-1.E0,0.E0,0.E0));
#7078=DIRECTION('',(0.E0,0.E0,1.E0));
#7079=AXIS2_PLACEMENT_3D('',#7076,#7077,#7078);
#7080=PLANE('',#7079);
#7082=ORIENTED_EDGE('',*,*,#7081,.T.);
#7084=ORIENTED_EDGE('',*,*,#7083,.T.);
#7085=ORIENTED_EDGE('',*,*,#7069,.F.);
#7086=ORIENTED_EDGE('',*,*,#7033,.F.);
#7087=EDGE_LOOP('',(#7082,#7084,#7085,#7086));
#7088=FACE_OUTER_BOUND('',#7087,.F.);
#7090=CARTESIAN_POINT('',(-2.E0,0.E0,-2.E0));
#7091=DIRECTION('',(0.E0,0.E0,1.E0));
#7092=DIRECTION('',(1.E0,0.E0,0.E0));
#7093=AXIS2_PLACEMENT_3D('',#7090,#7091,#7092);
#7094=PLANE('',#7093);
#7095=ORIENTED_EDGE('',*,*,#7031,.T.);
#7097=ORIENTED_EDGE('',*,*,#7096,.T.);
#7099=ORIENTED_EDGE('',*,*,#7098,.F.);
#7100=ORIENTED_EDGE('',*,*,#7081,.F.);
#7101=EDGE_LOOP('',(#7095,#7097,#7099,#7100));
#7102=FACE_OUTER_BOUND('',#7101,.F.);
#7104=FILL_AREA_STYLE_COLOUR('',#29);
#7105=FILL_AREA_STYLE('',(#7104));
#7106=SURFACE_STYLE_FILL_AREA(#7105);
#7107=SURFACE_SIDE_STYLE('',(#7106));
#7108=SURFACE_STYLE_USAGE(.POSITIVE.,#7107);
#7109=PRESENTATION_STYLE_ASSIGNMENT((#7108));
#7110=OVER_RIDING_STYLED_ITEM('',(#7109),#7103,#6869);
#7111=CARTESIAN_POINT('',(-1.725E0,1.E-1,-1.725E0));
#7112=DIRECTION('',(1.E0,0.E0,0.E0));
#7113=DIRECTION('',(0.E0,0.E0,-1.E0));
#7114=AXIS2_PLACEMENT_3D('',#7111,#7112,#7113);
#7115=PLANE('',#7114);
#7116=ORIENTED_EDGE('',*,*,#7096,.F.);
#7117=ORIENTED_EDGE('',*,*,#7029,.F.);
#7119=ORIENTED_EDGE('',*,*,#7118,.T.);
#7121=ORIENTED_EDGE('',*,*,#7120,.T.);
#7122=EDGE_LOOP('',(#7116,#7117,#7119,#7121));
#7123=FACE_OUTER_BOUND('',#7122,.F.);
#7125=CARTESIAN_POINT('',(-2.1E0,1.E-1,-1.725E0));
#7126=DIRECTION('',(0.E0,0.E0,1.E0));
#7127=DIRECTION('',(1.E0,0.E0,0.E0));
#7128=AXIS2_PLACEMENT_3D('',#7125,#7126,#7127);
#7129=PLANE('',#7128);
#7130=ORIENTED_EDGE('',*,*,#7050,.T.);
#7132=ORIENTED_EDGE('',*,*,#7131,.T.);
#7133=ORIENTED_EDGE('',*,*,#7118,.F.);
#7134=ORIENTED_EDGE('',*,*,#7027,.F.);
#7135=EDGE_LOOP('',(#7130,#7132,#7133,#7134));
#7136=FACE_OUTER_BOUND('',#7135,.F.);
#7138=CARTESIAN_POINT('',(0.E0,2.E-1,0.E0));
#7139=DIRECTION('',(0.E0,1.E0,0.E0));
#7140=DIRECTION('',(1.E0,0.E0,0.E0));
#7141=AXIS2_PLACEMENT_3D('',#7138,#7139,#7140);
#7142=PLANE('',#7141);
#7143=ORIENTED_EDGE('',*,*,#7048,.T.);
#7144=ORIENTED_EDGE('',*,*,#7071,.F.);
#7145=ORIENTED_EDGE('',*,*,#7083,.F.);
#7146=ORIENTED_EDGE('',*,*,#7098,.T.);
#7147=ORIENTED_EDGE('',*,*,#7120,.F.);
#7148=ORIENTED_EDGE('',*,*,#7131,.F.);
#7149=EDGE_LOOP('',(#7143,#7144,#7145,#7146,#7147,#7148));
#7150=FACE_OUTER_BOUND('',#7149,.F.);
#7152=CLOSED_SHELL('',(#7039,#7054,#7075,#7089,#7103,#7124,#7137,#7151));
#7153=MANIFOLD_SOLID_BREP('',#7152);
#7154=FILL_AREA_STYLE_COLOUR('',#28);
#7155=FILL_AREA_STYLE('',(#7154));
#7156=SURFACE_STYLE_FILL_AREA(#7155);
#7157=SURFACE_SIDE_STYLE('',(#7156));
#7158=SURFACE_STYLE_USAGE(.POSITIVE.,#7157);
#7159=PRESENTATION_STYLE_ASSIGNMENT((#7158));
#6869=STYLED_ITEM('',(#7159),#7153);
#7161=DIRECTION('',(1.E0,0.E0,0.E0));
#7162=VECTOR('',#7161,1.5E-1);
#7163=CARTESIAN_POINT('',(1.725E0,1.E-1,-2.E0));
#7164=LINE('',#7163,#7162);
#7165=CURVE_STYLE('',#36,POSITIVE_LENGTH_MEASURE(2.E-2),#28);
#7166=PRESENTATION_STYLE_ASSIGNMENT((#7165));
#7167=STYLED_ITEM('',(#7166),#7164);
#7168=DIRECTION('',(0.E0,0.E0,1.E0));
#7169=VECTOR('',#7168,2.75E-1);
#7170=CARTESIAN_POINT('',(1.725E0,1.E-1,-2.E0));
#7171=LINE('',#7170,#7169);
#7172=CURVE_STYLE('',#36,POSITIVE_LENGTH_MEASURE(2.E-2),#28);
#7173=PRESENTATION_STYLE_ASSIGNMENT((#7172));
#7174=STYLED_ITEM('',(#7173),#7171);
#7175=DIRECTION('',(1.E0,0.E0,0.E0));
#7176=VECTOR('',#7175,2.75E-1);
#7177=CARTESIAN_POINT('',(1.725E0,1.E-1,-1.725E0));
#7178=LINE('',#7177,#7176);
#7179=CURVE_STYLE('',#36,POSITIVE_LENGTH_MEASURE(2.E-2),#28);
#7180=PRESENTATION_STYLE_ASSIGNMENT((#7179));
#7181=STYLED_ITEM('',(#7180),#7178);
#7182=DIRECTION('',(0.E0,0.E0,1.E0));
#7183=VECTOR('',#7182,1.5E-1);
#7184=CARTESIAN_POINT('',(2.E0,1.E-1,-1.875E0));
#7185=LINE('',#7184,#7183);
#7186=CURVE_STYLE('',#36,POSITIVE_LENGTH_MEASURE(2.E-2),#28);
#7187=PRESENTATION_STYLE_ASSIGNMENT((#7186));
#7188=STYLED_ITEM('',(#7187),#7185);
#7189=DIRECTION('',(-1.E0,0.E0,0.E0));
#7190=VECTOR('',#7189,1.25E-1);
#7191=CARTESIAN_POINT('',(2.E0,1.E-1,-1.875E0));
#7192=LINE('',#7191,#7190);
#7193=CURVE_STYLE('',#36,POSITIVE_LENGTH_MEASURE(2.E-2),#28);
#7194=PRESENTATION_STYLE_ASSIGNMENT((#7193));
#7195=STYLED_ITEM('',(#7194),#7192);
#7196=DIRECTION('',(0.E0,0.E0,-1.E0));
#7197=VECTOR('',#7196,1.25E-1);
#7198=CARTESIAN_POINT('',(1.875E0,1.E-1,-1.875E0));
#7199=LINE('',#7198,#7197);
#7200=CURVE_STYLE('',#36,POSITIVE_LENGTH_MEASURE(2.E-2),#28);
#7201=PRESENTATION_STYLE_ASSIGNMENT((#7200));
#7202=STYLED_ITEM('',(#7201),#7199);
#7203=DIRECTION('',(0.E0,1.E0,0.E0));
#7204=VECTOR('',#7203,1.E-1);
#7205=CARTESIAN_POINT('',(1.875E0,1.E-1,-2.E0));
#7206=LINE('',#7205,#7204);
#7207=CURVE_STYLE('',#36,POSITIVE_LENGTH_MEASURE(2.E-2),#28);
#7208=PRESENTATION_STYLE_ASSIGNMENT((#7207));
#7209=STYLED_ITEM('',(#7208),#7206);
#7210=DIRECTION('',(0.E0,1.E0,0.E0));
#7211=VECTOR('',#7210,1.E-1);
#7212=CARTESIAN_POINT('',(1.875E0,1.E-1,-1.875E0));
#7213=LINE('',#7212,#7211);
#7214=CURVE_STYLE('',#36,POSITIVE_LENGTH_MEASURE(2.E-2),#28);
#7215=PRESENTATION_STYLE_ASSIGNMENT((#7214));
#7216=STYLED_ITEM('',(#7215),#7213);
#7217=DIRECTION('',(0.E0,1.E0,0.E0));
#7218=VECTOR('',#7217,1.E-1);
#7219=CARTESIAN_POINT('',(2.E0,1.E-1,-1.875E0));
#7220=LINE('',#7219,#7218);
#7221=CURVE_STYLE('',#36,POSITIVE_LENGTH_MEASURE(2.E-2),#28);
#7222=PRESENTATION_STYLE_ASSIGNMENT((#7221));
#7223=STYLED_ITEM('',(#7222),#7220);
#7224=DIRECTION('',(0.E0,1.E0,0.E0));
#7225=VECTOR('',#7224,1.E-1);
#7226=CARTESIAN_POINT('',(2.E0,1.E-1,-1.725E0));
#7227=LINE('',#7226,#7225);
#7228=CURVE_STYLE('',#36,POSITIVE_LENGTH_MEASURE(2.E-2),#28);
#7229=PRESENTATION_STYLE_ASSIGNMENT((#7228));
#7230=STYLED_ITEM('',(#7229),#7227);
#7231=DIRECTION('',(0.E0,1.E0,0.E0));
#7232=VECTOR('',#7231,1.E-1);
#7233=CARTESIAN_POINT('',(1.725E0,1.E-1,-1.725E0));
#7234=LINE('',#7233,#7232);
#7235=CURVE_STYLE('',#36,POSITIVE_LENGTH_MEASURE(2.E-2),#28);
#7236=PRESENTATION_STYLE_ASSIGNMENT((#7235));
#7237=STYLED_ITEM('',(#7236),#7234);
#7238=DIRECTION('',(0.E0,1.E0,0.E0));
#7239=VECTOR('',#7238,1.E-1);
#7240=CARTESIAN_POINT('',(1.725E0,1.E-1,-2.E0));
#7241=LINE('',#7240,#7239);
#7242=CURVE_STYLE('',#36,POSITIVE_LENGTH_MEASURE(2.E-2),#28);
#7243=PRESENTATION_STYLE_ASSIGNMENT((#7242));
#7244=STYLED_ITEM('',(#7243),#7241);
#7245=DIRECTION('',(1.E0,0.E0,0.E0));
#7246=VECTOR('',#7245,1.5E-1);
#7247=CARTESIAN_POINT('',(1.725E0,2.E-1,-2.E0));
#7248=LINE('',#7247,#7246);
#7249=CURVE_STYLE('',#36,POSITIVE_LENGTH_MEASURE(2.E-2),#28);
#7250=PRESENTATION_STYLE_ASSIGNMENT((#7249));
#7251=STYLED_ITEM('',(#7250),#7248);
#7252=DIRECTION('',(0.E0,0.E0,-1.E0));
#7253=VECTOR('',#7252,1.25E-1);
#7254=CARTESIAN_POINT('',(1.875E0,2.E-1,-1.875E0));
#7255=LINE('',#7254,#7253);
#7256=CURVE_STYLE('',#36,POSITIVE_LENGTH_MEASURE(2.E-2),#28);
#7257=PRESENTATION_STYLE_ASSIGNMENT((#7256));
#7258=STYLED_ITEM('',(#7257),#7255);
#7259=DIRECTION('',(-1.E0,0.E0,0.E0));
#7260=VECTOR('',#7259,1.25E-1);
#7261=CARTESIAN_POINT('',(2.E0,2.E-1,-1.875E0));
#7262=LINE('',#7261,#7260);
#7263=CURVE_STYLE('',#36,POSITIVE_LENGTH_MEASURE(2.E-2),#28);
#7264=PRESENTATION_STYLE_ASSIGNMENT((#7263));
#7265=STYLED_ITEM('',(#7264),#7262);
#7266=DIRECTION('',(0.E0,0.E0,1.E0));
#7267=VECTOR('',#7266,1.5E-1);
#7268=CARTESIAN_POINT('',(2.E0,2.E-1,-1.875E0));
#7269=LINE('',#7268,#7267);
#7270=CURVE_STYLE('',#36,POSITIVE_LENGTH_MEASURE(2.E-2),#28);
#7271=PRESENTATION_STYLE_ASSIGNMENT((#7270));
#7272=STYLED_ITEM('',(#7271),#7269);
#7273=DIRECTION('',(1.E0,0.E0,0.E0));
#7274=VECTOR('',#7273,2.75E-1);
#7275=CARTESIAN_POINT('',(1.725E0,2.E-1,-1.725E0));
#7276=LINE('',#7275,#7274);
#7277=CURVE_STYLE('',#36,POSITIVE_LENGTH_MEASURE(2.E-2),#28);
#7278=PRESENTATION_STYLE_ASSIGNMENT((#7277));
#7279=STYLED_ITEM('',(#7278),#7276);
#7280=DIRECTION('',(0.E0,0.E0,1.E0));
#7281=VECTOR('',#7280,2.75E-1);
#7282=CARTESIAN_POINT('',(1.725E0,2.E-1,-2.E0));
#7283=LINE('',#7282,#7281);
#7284=CURVE_STYLE('',#36,POSITIVE_LENGTH_MEASURE(2.E-2),#28);
#7285=PRESENTATION_STYLE_ASSIGNMENT((#7284));
#7286=STYLED_ITEM('',(#7285),#7283);
#7287=CARTESIAN_POINT('',(1.875E0,1.E-1,-1.875E0));
#7288=CARTESIAN_POINT('',(1.875E0,2.E-1,-1.875E0));
#7289=VERTEX_POINT('',#7287);
#7290=VERTEX_POINT('',#7288);
#7291=CARTESIAN_POINT('',(1.725E0,1.E-1,-1.725E0));
#7292=CARTESIAN_POINT('',(1.725E0,2.E-1,-1.725E0));
#7293=VERTEX_POINT('',#7291);
#7294=VERTEX_POINT('',#7292);
#7295=CARTESIAN_POINT('',(1.725E0,1.E-1,-2.E0));
#7296=CARTESIAN_POINT('',(1.875E0,1.E-1,-2.E0));
#7297=VERTEX_POINT('',#7295);
#7298=VERTEX_POINT('',#7296);
#7299=CARTESIAN_POINT('',(2.E0,1.E-1,-1.875E0));
#7300=CARTESIAN_POINT('',(2.E0,1.E-1,-1.725E0));
#7301=VERTEX_POINT('',#7299);
#7302=VERTEX_POINT('',#7300);
#7303=CARTESIAN_POINT('',(1.725E0,2.E-1,-2.E0));
#7304=CARTESIAN_POINT('',(1.875E0,2.E-1,-2.E0));
#7305=VERTEX_POINT('',#7303);
#7306=VERTEX_POINT('',#7304);
#7307=CARTESIAN_POINT('',(2.E0,2.E-1,-1.875E0));
#7308=CARTESIAN_POINT('',(2.E0,2.E-1,-1.725E0));
#7309=VERTEX_POINT('',#7307);
#7310=VERTEX_POINT('',#7308);
#7311=CARTESIAN_POINT('',(0.E0,1.E-1,0.E0));
#7312=DIRECTION('',(0.E0,1.E0,0.E0));
#7313=DIRECTION('',(1.E0,0.E0,0.E0));
#7314=AXIS2_PLACEMENT_3D('',#7311,#7312,#7313);
#7315=PLANE('',#7314);
#7317=ORIENTED_EDGE('',*,*,#7316,.F.);
#7319=ORIENTED_EDGE('',*,*,#7318,.T.);
#7321=ORIENTED_EDGE('',*,*,#7320,.T.);
#7323=ORIENTED_EDGE('',*,*,#7322,.F.);
#7325=ORIENTED_EDGE('',*,*,#7324,.T.);
#7327=ORIENTED_EDGE('',*,*,#7326,.T.);
#7328=EDGE_LOOP('',(#7317,#7319,#7321,#7323,#7325,#7327));
#7329=FACE_OUTER_BOUND('',#7328,.F.);
#7331=CARTESIAN_POINT('',(-2.E0,0.E0,-2.E0));
#7332=DIRECTION('',(0.E0,0.E0,1.E0));
#7333=DIRECTION('',(1.E0,0.E0,0.E0));
#7334=AXIS2_PLACEMENT_3D('',#7331,#7332,#7333);
#7335=PLANE('',#7334);
#7336=ORIENTED_EDGE('',*,*,#7316,.T.);
#7338=ORIENTED_EDGE('',*,*,#7337,.T.);
#7340=ORIENTED_EDGE('',*,*,#7339,.F.);
#7342=ORIENTED_EDGE('',*,*,#7341,.F.);
#7343=EDGE_LOOP('',(#7336,#7338,#7340,#7342));
#7344=FACE_OUTER_BOUND('',#7343,.F.);
#7346=FILL_AREA_STYLE_COLOUR('',#29);
#7347=FILL_AREA_STYLE('',(#7346));
#7348=SURFACE_STYLE_FILL_AREA(#7347);
#7349=SURFACE_SIDE_STYLE('',(#7348));
#7350=SURFACE_STYLE_USAGE(.POSITIVE.,#7349);
#7351=PRESENTATION_STYLE_ASSIGNMENT((#7350));
#7352=OVER_RIDING_STYLED_ITEM('',(#7351),#7345,#7160);
#7353=CARTESIAN_POINT('',(1.875E0,1.E-1,-1.875E0));
#7354=DIRECTION('',(1.E0,0.E0,0.E0));
#7355=DIRECTION('',(0.E0,0.E0,-1.E0));
#7356=AXIS2_PLACEMENT_3D('',#7353,#7354,#7355);
#7357=PLANE('',#7356);
#7358=ORIENTED_EDGE('',*,*,#7337,.F.);
#7359=ORIENTED_EDGE('',*,*,#7326,.F.);
#7361=ORIENTED_EDGE('',*,*,#7360,.T.);
#7363=ORIENTED_EDGE('',*,*,#7362,.T.);
#7364=EDGE_LOOP('',(#7358,#7359,#7361,#7363));
#7365=FACE_OUTER_BOUND('',#7364,.F.);
#7367=CARTESIAN_POINT('',(2.1E0,1.E-1,-1.875E0));
#7368=DIRECTION('',(0.E0,0.E0,-1.E0));
#7369=DIRECTION('',(-1.E0,0.E0,0.E0));
#7370=AXIS2_PLACEMENT_3D('',#7367,#7368,#7369);
#7371=PLANE('',#7370);
#7373=ORIENTED_EDGE('',*,*,#7372,.T.);
#7375=ORIENTED_EDGE('',*,*,#7374,.T.);
#7376=ORIENTED_EDGE('',*,*,#7360,.F.);
#7377=ORIENTED_EDGE('',*,*,#7324,.F.);
#7378=EDGE_LOOP('',(#7373,#7375,#7376,#7377));
#7379=FACE_OUTER_BOUND('',#7378,.F.);
#7381=CARTESIAN_POINT('',(2.E0,0.E0,-2.E0));
#7382=DIRECTION('',(-1.E0,0.E0,0.E0));
#7383=DIRECTION('',(0.E0,0.E0,1.E0));
#7384=AXIS2_PLACEMENT_3D('',#7381,#7382,#7383);
#7385=PLANE('',#7384);
#7386=ORIENTED_EDGE('',*,*,#7322,.T.);
#7388=ORIENTED_EDGE('',*,*,#7387,.T.);
#7390=ORIENTED_EDGE('',*,*,#7389,.F.);
#7391=ORIENTED_EDGE('',*,*,#7372,.F.);
#7392=EDGE_LOOP('',(#7386,#7388,#7390,#7391));
#7393=FACE_OUTER_BOUND('',#7392,.F.);
#7395=FILL_AREA_STYLE_COLOUR('',#29);
#7396=FILL_AREA_STYLE('',(#7395));
#7397=SURFACE_STYLE_FILL_AREA(#7396);
#7398=SURFACE_SIDE_STYLE('',(#7397));
#7399=SURFACE_STYLE_USAGE(.POSITIVE.,#7398);
#7400=PRESENTATION_STYLE_ASSIGNMENT((#7399));
#7401=OVER_RIDING_STYLED_ITEM('',(#7400),#7394,#7160);
#7402=CARTESIAN_POINT('',(1.725E0,1.E-1,-1.725E0));
#7403=DIRECTION('',(0.E0,0.E0,1.E0));
#7404=DIRECTION('',(1.E0,0.E0,0.E0));
#7405=AXIS2_PLACEMENT_3D('',#7402,#7403,#7404);
#7406=PLANE('',#7405);
#7407=ORIENTED_EDGE('',*,*,#7387,.F.);
#7408=ORIENTED_EDGE('',*,*,#7320,.F.);
#7410=ORIENTED_EDGE('',*,*,#7409,.T.);
#7412=ORIENTED_EDGE('',*,*,#7411,.T.);
#7413=EDGE_LOOP('',(#7407,#7408,#7410,#7412));
#7414=FACE_OUTER_BOUND('',#7413,.F.);
#7416=CARTESIAN_POINT('',(1.725E0,1.E-1,-2.1E0));
#7417=DIRECTION('',(-1.E0,0.E0,0.E0));
#7418=DIRECTION('',(0.E0,0.E0,1.E0));
#7419=AXIS2_PLACEMENT_3D('',#7416,#7417,#7418);
#7420=PLANE('',#7419);
#7421=ORIENTED_EDGE('',*,*,#7341,.T.);
#7423=ORIENTED_EDGE('',*,*,#7422,.T.);
#7424=ORIENTED_EDGE('',*,*,#7409,.F.);
#7425=ORIENTED_EDGE('',*,*,#7318,.F.);
#7426=EDGE_LOOP('',(#7421,#7423,#7424,#7425));
#7427=FACE_OUTER_BOUND('',#7426,.F.);
#7429=CARTESIAN_POINT('',(0.E0,2.E-1,0.E0));
#7430=DIRECTION('',(0.E0,1.E0,0.E0));
#7431=DIRECTION('',(1.E0,0.E0,0.E0));
#7432=AXIS2_PLACEMENT_3D('',#7429,#7430,#7431);
#7433=PLANE('',#7432);
#7434=ORIENTED_EDGE('',*,*,#7339,.T.);
#7435=ORIENTED_EDGE('',*,*,#7362,.F.);
#7436=ORIENTED_EDGE('',*,*,#7374,.F.);
#7437=ORIENTED_EDGE('',*,*,#7389,.T.);
#7438=ORIENTED_EDGE('',*,*,#7411,.F.);
#7439=ORIENTED_EDGE('',*,*,#7422,.F.);
#7440=EDGE_LOOP('',(#7434,#7435,#7436,#7437,#7438,#7439));
#7441=FACE_OUTER_BOUND('',#7440,.F.);
#7443=CLOSED_SHELL('',(#7330,#7345,#7366,#7380,#7394,#7415,#7428,#7442));
#7444=MANIFOLD_SOLID_BREP('',#7443);
#7445=FILL_AREA_STYLE_COLOUR('',#28);
#7446=FILL_AREA_STYLE('',(#7445));
#7447=SURFACE_STYLE_FILL_AREA(#7446);
#7448=SURFACE_SIDE_STYLE('',(#7447));
#7449=SURFACE_STYLE_USAGE(.POSITIVE.,#7448);
#7450=PRESENTATION_STYLE_ASSIGNMENT((#7449));
#7160=STYLED_ITEM('',(#7450),#7444);
#7453=PLANE_ANGLE_MEASURE_WITH_UNIT(PLANE_ANGLE_MEASURE(1.745329251994E-2),
#7452);
#7454=(CONVERSION_BASED_UNIT('DEGREE',#7453)NAMED_UNIT(*)PLANE_ANGLE_UNIT());
#7456=UNCERTAINTY_MEASURE_WITH_UNIT(LENGTH_MEASURE(2.476177275298E-4),#7451,
'distance_accuracy_value',
'Maximum model space distance between geometric entities at asserted connectivities');
#7458=CARTESIAN_POINT('',(0.E0,0.E0,0.E0));
#7459=DIRECTION('',(0.E0,0.E0,1.E0));
#7460=DIRECTION('',(1.E0,0.E0,0.E0));
#7463=APPLICATION_CONTEXT('automotive_design');
#7464=APPLICATION_PROTOCOL_DEFINITION('international standard',
'automotive_design',2001,#7463);
#7465=PRODUCT_DEFINITION_CONTEXT('part definition',#7463,'design');
#7466=PRODUCT_CONTEXT('',#7463,'mechanical');
#7467=PRODUCT('FRAME','FRAME','NOT SPECIFIED',(#7466));
#7468=PRODUCT_DEFINITION_FORMATION('36','LAST_VERSION',#7467);
#7476=DERIVED_UNIT_ELEMENT(#7475,2.E0);
#7477=DERIVED_UNIT((#7476));
#7478=MEASURE_REPRESENTATION_ITEM('surface area measure',AREA_MEASURE(
1.829490497070E1),#7477);
#7483=DERIVED_UNIT_ELEMENT(#7482,3.E0);
#7484=DERIVED_UNIT((#7483));
#7485=MEASURE_REPRESENTATION_ITEM('volume measure',VOLUME_MEASURE(
7.211112446459E-1),#7484);
#7489=CARTESIAN_POINT('centre point',(5.928350211900E-3,5.332819661417E-2,
5.928350211900E-3));
#7494=DERIVED_UNIT_ELEMENT(#7493,2.E0);
#7495=DERIVED_UNIT((#7494));
#7496=MEASURE_REPRESENTATION_ITEM('surface area measure',AREA_MEASURE(
1.829490497070E1),#7495);
#7501=DERIVED_UNIT_ELEMENT(#7500,3.E0);
#7502=DERIVED_UNIT((#7501));
#7503=MEASURE_REPRESENTATION_ITEM('volume measure',VOLUME_MEASURE(
7.211112446459E-1),#7502);
#7507=CARTESIAN_POINT('centre point',(5.928350211900E-3,5.332819661417E-2,
5.928350211900E-3));
#7512=(GEOMETRIC_REPRESENTATION_CONTEXT(2)PARAMETRIC_REPRESENTATION_CONTEXT()REPRESENTATION_CONTEXT('2D coordinate system context','2'));
#7513=DRAUGHTING_MODEL('Default',(#7525,#7526,#7542),#7512);
#7514=PRESENTATION_VIEW('Default',(#7533,#7546),#7512);
#7515=CARTESIAN_POINT('',(0.E0,0.E0,0.E0));
#7516=CARTESIAN_POINT('',(-3.028392764944E0,-2.467307491098E0,
1.155742946026E1));
#7517=DIRECTION('',(0.E0,0.E0,1.E0));
#7518=DIRECTION('',(1.E0,0.E0,0.E0));
#7519=AXIS2_PLACEMENT_3D('',#7516,#7517,#7518);
#7521=VIEW_VOLUME(.PARALLEL.,#7515,1.155742946026E1,1.155742946026E1,.T.,0.E0,
.F.,.T.,#7520);
#7522=CARTESIAN_POINT('',(1.711340571451E0,7.728674951998E0,9.282878953107E0));
#7523=DIRECTION('',(3.894183423087E-1,7.214918620107E-1,5.725406952575E-1));
#7524=DIRECTION('',(9.210609940029E-1,-3.050418666329E-1,-2.420663234065E-1));
#7525=AXIS2_PLACEMENT_3D('',#7522,#7523,#7524);
#7526=CAMERA_MODEL_D3_WITH_HLHSR('DEFAULT',#7525,#7521,.F.);
#7528=CARTESIAN_POINT('',(-5.050876118086E2,-4.115075371668E2,
1.927594898621E3));
#7529=DIRECTION('',(0.E0,0.E0,1.E0));
#7530=DIRECTION('',(1.E0,0.E0,0.E0));
#7531=AXIS2_PLACEMENT_3D('',#7528,#7529,#7530);
#7533=(CAMERA_IMAGE()CAMERA_IMAGE_3D_WITH_SCALE()GEOMETRIC_REPRESENTATION_ITEM()MAPPED_ITEM(#7527,#7532)REPRESENTATION_ITEM(''));
#7534=CARTESIAN_POINT('',(-3.028392764944E0,-2.467307491098E0,
1.155742946026E1));
#7535=DIRECTION('',(0.E0,0.E0,1.E0));
#7536=DIRECTION('',(1.E0,0.E0,0.E0));
#7537=AXIS2_PLACEMENT_3D('',#7534,#7535,#7536);
#7538=REPRESENTATION_MAP(#7537,#7462);
#7539=CARTESIAN_POINT('',(0.E0,0.E0));
#7540=DIRECTION('',(1.E0,0.E0));
#7541=AXIS2_PLACEMENT_2D('',#7539,#7540);
#7542=MAPPED_ITEM('',#7538,#7541);
#7543=CARTESIAN_POINT('',(-3.028392764944E0,-2.467307491098E0,
1.155742946026E1));
#7544=DIRECTION('',(0.E0,0.E0,1.E0));
#7545=DIRECTION('',(1.E0,0.E0,0.E0));
#7546=AXIS2_PLACEMENT_3D('',#7543,#7544,#7545);
#7547=REPRESENTATION_MAP(#7546,#7514);
#7548=CARTESIAN_POINT('',(0.E0,0.E0));
#7549=DIRECTION('',(1.E0,0.E0));
#7550=AXIS2_PLACEMENT_2D('',#7548,#7549);
#7551=MAPPED_ITEM('',#7547,#7550);
#7553=CARTESIAN_POINT('',(0.E0,0.E0));
#7554=DIRECTION('',(1.E0,0.E0));
#7555=AXIS2_PLACEMENT_2D('',#7553,#7554);
#7556=PLANAR_BOX('',1.E3,8.4375E2,#7555);
#7557=PRESENTATION_SIZE(#7552,#7556);
#7558=PRESENTATION_SET();
#7559=AREA_IN_SET(#7552,#7558);
#7560=APPLIED_PRESENTED_ITEM((#7469));
#7561=PRESENTED_ITEM_REPRESENTATION(#7558,#7560);
#7567=CARTESIAN_POINT('centre point',(5.928350211900E-3,-5.928350211900E-3,
5.332819661417E-2));
#7571=CARTESIAN_POINT('',(0.E0,0.E0,0.E0));
#7572=DIRECTION('',(0.E0,-1.E0,0.E0));
#7573=DIRECTION('',(1.E0,0.E0,0.E0));
#7574=AXIS2_PLACEMENT_3D('',#7571,#7572,#7573);
#7575=ITEM_DEFINED_TRANSFORMATION('','',#7461,#7574);
#7576=(REPRESENTATION_RELATIONSHIP('','',#7462,#7564)REPRESENTATION_RELATIONSHIP_WITH_TRANSFORMATION(#7575)SHAPE_REPRESENTATION_RELATIONSHIP());
#7577=CONTEXT_DEPENDENT_SHAPE_REPRESENTATION(#7576,#7566);
#7580=DIRECTION('',(1.E0,0.E0,0.E0));
#7581=VECTOR('',#7580,5.E-1);
#7582=CARTESIAN_POINT('',(-2.E0,0.E0,-8.225E-1));
#7583=LINE('',#7582,#7581);
#7584=CURVE_STYLE('',#36,POSITIVE_LENGTH_MEASURE(2.E-2),#3);
#7585=PRESENTATION_STYLE_ASSIGNMENT((#7584));
#7586=STYLED_ITEM('',(#7585),#7583);
#7587=DIRECTION('',(0.E0,0.E0,1.E0));
#7588=VECTOR('',#7587,3.45E-1);
#7589=CARTESIAN_POINT('',(-2.E0,0.E0,-8.225E-1));
#7590=LINE('',#7589,#7588);
#7591=CURVE_STYLE('',#36,POSITIVE_LENGTH_MEASURE(2.E-2),#3);
#7592=PRESENTATION_STYLE_ASSIGNMENT((#7591));
#7593=STYLED_ITEM('',(#7592),#7590);
#7594=DIRECTION('',(1.E0,0.E0,0.E0));
#7595=VECTOR('',#7594,5.E-1);
#7596=CARTESIAN_POINT('',(-2.E0,0.E0,-4.775E-1));
#7597=LINE('',#7596,#7595);
#7598=CURVE_STYLE('',#36,POSITIVE_LENGTH_MEASURE(2.E-2),#3);
#7599=PRESENTATION_STYLE_ASSIGNMENT((#7598));
#7600=STYLED_ITEM('',(#7599),#7597);
#7601=CARTESIAN_POINT('',(-1.7075625E0,0.E0,-3.25E-1));
#7602=DIRECTION('',(0.E0,1.E0,0.E0));
#7603=DIRECTION('',(9.998612433722E-1,0.E0,-1.665815122202E-2));
#7604=AXIS2_PLACEMENT_3D('',#7601,#7602,#7603);
#7606=CURVE_STYLE('',#36,POSITIVE_LENGTH_MEASURE(2.E-2),#3);
#7607=PRESENTATION_STYLE_ASSIGNMENT((#7606));
#7608=STYLED_ITEM('',(#7607),#7605);
#7609=CARTESIAN_POINT('',(-1.6015E0,0.E0,-3.26E-1));
#7610=DIRECTION('',(0.E0,1.E0,0.E0));
#7611=DIRECTION('',(1.E0,0.E0,0.E0));
#7612=AXIS2_PLACEMENT_3D('',#7609,#7610,#7611);
#7614=CURVE_STYLE('',#36,POSITIVE_LENGTH_MEASURE(2.E-2),#3);
#7615=PRESENTATION_STYLE_ASSIGNMENT((#7614));
#7616=STYLED_ITEM('',(#7615),#7613);
#7617=DIRECTION('',(0.E0,0.E0,-1.E0));
#7618=VECTOR('',#7617,2.E-3);
#7619=CARTESIAN_POINT('',(-1.45E0,0.E0,-3.24E-1));
#7620=LINE('',#7619,#7618);
#7621=CURVE_STYLE('',#36,POSITIVE_LENGTH_MEASURE(2.E-2),#3);
#7622=PRESENTATION_STYLE_ASSIGNMENT((#7621));
#7623=STYLED_ITEM('',(#7622),#7620);
#7624=CARTESIAN_POINT('',(-1.6015E0,0.E0,-3.24E-1));
#7625=DIRECTION('',(0.E0,1.E0,0.E0));
#7626=DIRECTION('',(9.997641022842E-1,0.E0,2.171957144634E-2));
#7627=AXIS2_PLACEMENT_3D('',#7624,#7625,#7626);
#7629=CURVE_STYLE('',#36,POSITIVE_LENGTH_MEASURE(2.E-2),#3);
#7630=PRESENTATION_STYLE_ASSIGNMENT((#7629));
#7631=STYLED_ITEM('',(#7630),#7628);
#7632=CARTESIAN_POINT('',(-1.7075625E0,0.E0,-3.25E-1));
#7633=DIRECTION('',(0.E0,1.E0,0.E0));
#7634=DIRECTION('',(8.058723610774E-1,0.E0,5.920892987139E-1));
#7635=AXIS2_PLACEMENT_3D('',#7632,#7633,#7634);
#7637=CURVE_STYLE('',#36,POSITIVE_LENGTH_MEASURE(2.E-2),#3);
#7638=PRESENTATION_STYLE_ASSIGNMENT((#7637));
#7639=STYLED_ITEM('',(#7638),#7636);
#7640=DIRECTION('',(1.E0,0.E0,0.E0));
#7641=VECTOR('',#7640,5.E-1);
#7642=CARTESIAN_POINT('',(-2.E0,0.E0,-1.725E-1));
#7643=LINE('',#7642,#7641);
#7644=CURVE_STYLE('',#36,POSITIVE_LENGTH_MEASURE(2.E-2),#3);
#7645=PRESENTATION_STYLE_ASSIGNMENT((#7644));
#7646=STYLED_ITEM('',(#7645),#7643);
#7647=DIRECTION('',(0.E0,0.E0,1.E0));
#7648=VECTOR('',#7647,3.45E-1);
#7649=CARTESIAN_POINT('',(-2.E0,0.E0,-1.725E-1));
#7650=LINE('',#7649,#7648);
#7651=CURVE_STYLE('',#36,POSITIVE_LENGTH_MEASURE(2.E-2),#3);
#7652=PRESENTATION_STYLE_ASSIGNMENT((#7651));
#7653=STYLED_ITEM('',(#7652),#7650);
#7654=DIRECTION('',(1.E0,0.E0,0.E0));
#7655=VECTOR('',#7654,5.E-1);
#7656=CARTESIAN_POINT('',(-2.E0,0.E0,1.725E-1));
#7657=LINE('',#7656,#7655);
#7658=CURVE_STYLE('',#36,POSITIVE_LENGTH_MEASURE(2.E-2),#3);
#7659=PRESENTATION_STYLE_ASSIGNMENT((#7658));
#7660=STYLED_ITEM('',(#7659),#7657);
#7661=CARTESIAN_POINT('',(-1.7075625E0,0.E0,3.25E-1));
#7662=DIRECTION('',(0.E0,1.E0,0.E0));
#7663=DIRECTION('',(9.998612433722E-1,0.E0,-1.665815122202E-2));
#7664=AXIS2_PLACEMENT_3D('',#7661,#7662,#7663);
#7666=CURVE_STYLE('',#36,POSITIVE_LENGTH_MEASURE(2.E-2),#3);
#7667=PRESENTATION_STYLE_ASSIGNMENT((#7666));
#7668=STYLED_ITEM('',(#7667),#7665);
#7669=CARTESIAN_POINT('',(-1.6015E0,0.E0,3.24E-1));
#7670=DIRECTION('',(0.E0,1.E0,0.E0));
#7671=DIRECTION('',(1.E0,0.E0,0.E0));
#7672=AXIS2_PLACEMENT_3D('',#7669,#7670,#7671);
#7674=CURVE_STYLE('',#36,POSITIVE_LENGTH_MEASURE(2.E-2),#3);
#7675=PRESENTATION_STYLE_ASSIGNMENT((#7674));
#7676=STYLED_ITEM('',(#7675),#7673);
#7677=DIRECTION('',(0.E0,0.E0,-1.E0));
#7678=VECTOR('',#7677,2.E-3);
#7679=CARTESIAN_POINT('',(-1.45E0,0.E0,3.26E-1));
#7680=LINE('',#7679,#7678);
#7681=CURVE_STYLE('',#36,POSITIVE_LENGTH_MEASURE(2.E-2),#3);
#7682=PRESENTATION_STYLE_ASSIGNMENT((#7681));
#7683=STYLED_ITEM('',(#7682),#7680);
#7684=CARTESIAN_POINT('',(-1.6015E0,0.E0,3.26E-1));
#7685=DIRECTION('',(0.E0,1.E0,0.E0));
#7686=DIRECTION('',(9.997641022842E-1,0.E0,2.171957144634E-2));
#7687=AXIS2_PLACEMENT_3D('',#7684,#7685,#7686);
#7689=CURVE_STYLE('',#36,POSITIVE_LENGTH_MEASURE(2.E-2),#3);
#7690=PRESENTATION_STYLE_ASSIGNMENT((#7689));
#7691=STYLED_ITEM('',(#7690),#7688);
#7692=CARTESIAN_POINT('',(-1.7075625E0,0.E0,3.25E-1));
#7693=DIRECTION('',(0.E0,1.E0,0.E0));
#7694=DIRECTION('',(8.058723610774E-1,0.E0,5.920892987139E-1));
#7695=AXIS2_PLACEMENT_3D('',#7692,#7693,#7694);
#7697=CURVE_STYLE('',#36,POSITIVE_LENGTH_MEASURE(2.E-2),#3);
#7698=PRESENTATION_STYLE_ASSIGNMENT((#7697));
#7699=STYLED_ITEM('',(#7698),#7696);
#7700=DIRECTION('',(1.E0,0.E0,0.E0));
#7701=VECTOR('',#7700,5.E-1);
#7702=CARTESIAN_POINT('',(-2.E0,0.E0,4.775E-1));
#7703=LINE('',#7702,#7701);
#7704=CURVE_STYLE('',#36,POSITIVE_LENGTH_MEASURE(2.E-2),#3);
#7705=PRESENTATION_STYLE_ASSIGNMENT((#7704));
#7706=STYLED_ITEM('',(#7705),#7703);
#7707=DIRECTION('',(0.E0,0.E0,1.E0));
#7708=VECTOR('',#7707,3.45E-1);
#7709=CARTESIAN_POINT('',(-2.E0,0.E0,4.775E-1));
#7710=LINE('',#7709,#7708);
#7711=CURVE_STYLE('',#36,POSITIVE_LENGTH_MEASURE(2.E-2),#3);
#7712=PRESENTATION_STYLE_ASSIGNMENT((#7711));
#7713=STYLED_ITEM('',(#7712),#7710);
#7714=DIRECTION('',(1.E0,0.E0,0.E0));
#7715=VECTOR('',#7714,5.E-1);
#7716=CARTESIAN_POINT('',(-2.E0,0.E0,8.225E-1));
#7717=LINE('',#7716,#7715);
#7718=CURVE_STYLE('',#36,POSITIVE_LENGTH_MEASURE(2.E-2),#3);
#7719=PRESENTATION_STYLE_ASSIGNMENT((#7718));
#7720=STYLED_ITEM('',(#7719),#7717);
#7721=CARTESIAN_POINT('',(-1.7075625E0,0.E0,9.75E-1));
#7722=DIRECTION('',(0.E0,1.E0,0.E0));
#7723=DIRECTION('',(9.998612433722E-1,0.E0,-1.665815122202E-2));
#7724=AXIS2_PLACEMENT_3D('',#7721,#7722,#7723);
#7726=CURVE_STYLE('',#36,POSITIVE_LENGTH_MEASURE(2.E-2),#3);
#7727=PRESENTATION_STYLE_ASSIGNMENT((#7726));
#7728=STYLED_ITEM('',(#7727),#7725);
#7729=CARTESIAN_POINT('',(-1.6015E0,0.E0,9.74E-1));
#7730=DIRECTION('',(0.E0,1.E0,0.E0));
#7731=DIRECTION('',(1.E0,0.E0,0.E0));
#7732=AXIS2_PLACEMENT_3D('',#7729,#7730,#7731);
#7734=CURVE_STYLE('',#36,POSITIVE_LENGTH_MEASURE(2.E-2),#3);
#7735=PRESENTATION_STYLE_ASSIGNMENT((#7734));
#7736=STYLED_ITEM('',(#7735),#7733);
#7737=DIRECTION('',(0.E0,0.E0,-1.E0));
#7738=VECTOR('',#7737,2.E-3);
#7739=CARTESIAN_POINT('',(-1.45E0,0.E0,9.76E-1));
#7740=LINE('',#7739,#7738);
#7741=CURVE_STYLE('',#36,POSITIVE_LENGTH_MEASURE(2.E-2),#3);
#7742=PRESENTATION_STYLE_ASSIGNMENT((#7741));
#7743=STYLED_ITEM('',(#7742),#7740);
#7744=CARTESIAN_POINT('',(-1.6015E0,0.E0,9.76E-1));
#7745=DIRECTION('',(0.E0,1.E0,0.E0));
#7746=DIRECTION('',(9.997641022842E-1,0.E0,2.171957144634E-2));
#7747=AXIS2_PLACEMENT_3D('',#7744,#7745,#7746);
#7749=CURVE_STYLE('',#36,POSITIVE_LENGTH_MEASURE(2.E-2),#3);
#7750=PRESENTATION_STYLE_ASSIGNMENT((#7749));
#7751=STYLED_ITEM('',(#7750),#7748);
#7752=CARTESIAN_POINT('',(-1.7075625E0,0.E0,9.75E-1));
#7753=DIRECTION('',(0.E0,1.E0,0.E0));
#7754=DIRECTION('',(8.058723610774E-1,0.E0,5.920892987139E-1));
#7755=AXIS2_PLACEMENT_3D('',#7752,#7753,#7754);
#7757=CURVE_STYLE('',#36,POSITIVE_LENGTH_MEASURE(2.E-2),#3);
#7758=PRESENTATION_STYLE_ASSIGNMENT((#7757));
#7759=STYLED_ITEM('',(#7758),#7756);
#7760=DIRECTION('',(1.E0,0.E0,0.E0));
#7761=VECTOR('',#7760,5.E-1);
#7762=CARTESIAN_POINT('',(-2.E0,0.E0,1.1275E0));
#7763=LINE('',#7762,#7761);
#7764=CURVE_STYLE('',#36,POSITIVE_LENGTH_MEASURE(2.E-2),#3);
#7765=PRESENTATION_STYLE_ASSIGNMENT((#7764));
#7766=STYLED_ITEM('',(#7765),#7763);
#7767=DIRECTION('',(0.E0,0.E0,1.E0));
#7768=VECTOR('',#7767,8.725E-1);
#7769=CARTESIAN_POINT('',(-2.E0,0.E0,1.1275E0));
#7770=LINE('',#7769,#7768);
#7771=CURVE_STYLE('',#36,POSITIVE_LENGTH_MEASURE(2.E-2),#3);
#7772=PRESENTATION_STYLE_ASSIGNMENT((#7771));
#7773=STYLED_ITEM('',(#7772),#7770);
#7774=DIRECTION('',(1.E0,0.E0,0.E0));
#7775=VECTOR('',#7774,8.725E-1);
#7776=CARTESIAN_POINT('',(-2.E0,0.E0,2.E0));
#7777=LINE('',#7776,#7775);
#7778=CURVE_STYLE('',#36,POSITIVE_LENGTH_MEASURE(2.E-2),#3);
#7779=PRESENTATION_STYLE_ASSIGNMENT((#7778));
#7780=STYLED_ITEM('',(#7779),#7777);
#7781=DIRECTION('',(0.E0,0.E0,-1.E0));
#7782=VECTOR('',#7781,5.E-1);
#7783=CARTESIAN_POINT('',(-1.1275E0,0.E0,2.E0));
#7784=LINE('',#7783,#7782);
#7785=CURVE_STYLE('',#36,POSITIVE_LENGTH_MEASURE(2.E-2),#3);
#7786=PRESENTATION_STYLE_ASSIGNMENT((#7785));
#7787=STYLED_ITEM('',(#7786),#7784);
#7788=CARTESIAN_POINT('',(-9.75E-1,0.E0,1.7075625E0));
#7789=DIRECTION('',(0.E0,1.E0,0.E0));
#7790=DIRECTION('',(-1.665815122219E-2,0.E0,-9.998612433722E-1));
#7791=AXIS2_PLACEMENT_3D('',#7788,#7789,#7790);
#7793=CURVE_STYLE('',#36,POSITIVE_LENGTH_MEASURE(2.E-2),#3);
#7794=PRESENTATION_STYLE_ASSIGNMENT((#7793));
#7795=STYLED_ITEM('',(#7794),#7792);
#7796=CARTESIAN_POINT('',(-9.76E-1,0.E0,1.6015E0));
#7797=DIRECTION('',(0.E0,-1.E0,0.E0));
#7798=DIRECTION('',(-2.171957144664E-2,0.E0,-9.997641022842E-1));
#7799=AXIS2_PLACEMENT_3D('',#7796,#7797,#7798);
#7801=CURVE_STYLE('',#36,POSITIVE_LENGTH_MEASURE(2.E-2),#3);
#7802=PRESENTATION_STYLE_ASSIGNMENT((#7801));
#7803=STYLED_ITEM('',(#7802),#7800);
#7804=DIRECTION('',(1.E0,0.E0,-1.110223024625E-13));
#7805=VECTOR('',#7804,2.E-3);
#7806=CARTESIAN_POINT('',(-9.76E-1,0.E0,1.45E0));
#7807=LINE('',#7806,#7805);
#7808=CURVE_STYLE('',#36,POSITIVE_LENGTH_MEASURE(2.E-2),#3);
#7809=PRESENTATION_STYLE_ASSIGNMENT((#7808));
#7810=STYLED_ITEM('',(#7809),#7807);
#7811=CARTESIAN_POINT('',(-9.74E-1,0.E0,1.6015E0));
#7812=DIRECTION('',(0.E0,-1.E0,0.E0));
#7813=DIRECTION('',(0.E0,0.E0,-1.E0));
#7814=AXIS2_PLACEMENT_3D('',#7811,#7812,#7813);
#7816=CURVE_STYLE('',#36,POSITIVE_LENGTH_MEASURE(2.E-2),#3);
#7817=PRESENTATION_STYLE_ASSIGNMENT((#7816));
#7818=STYLED_ITEM('',(#7817),#7815);
#7819=CARTESIAN_POINT('',(-9.75E-1,0.E0,1.7075625E0));
#7820=DIRECTION('',(0.E0,1.E0,0.E0));
#7821=DIRECTION('',(5.920892987139E-1,0.E0,-8.058723610774E-1));
#7822=AXIS2_PLACEMENT_3D('',#7819,#7820,#7821);
#7824=CURVE_STYLE('',#36,POSITIVE_LENGTH_MEASURE(2.E-2),#3);
#7825=PRESENTATION_STYLE_ASSIGNMENT((#7824));
#7826=STYLED_ITEM('',(#7825),#7823);
#7827=DIRECTION('',(0.E0,0.E0,-1.E0));
#7828=VECTOR('',#7827,5.E-1);
#7829=CARTESIAN_POINT('',(-8.225E-1,0.E0,2.E0));
#7830=LINE('',#7829,#7828);
#7831=CURVE_STYLE('',#36,POSITIVE_LENGTH_MEASURE(2.E-2),#3);
#7832=PRESENTATION_STYLE_ASSIGNMENT((#7831));
#7833=STYLED_ITEM('',(#7832),#7830);
#7834=DIRECTION('',(1.E0,0.E0,0.E0));
#7835=VECTOR('',#7834,3.45E-1);
#7836=CARTESIAN_POINT('',(-8.225E-1,0.E0,2.E0));
#7837=LINE('',#7836,#7835);
#7838=CURVE_STYLE('',#36,POSITIVE_LENGTH_MEASURE(2.E-2),#3);
#7839=PRESENTATION_STYLE_ASSIGNMENT((#7838));
#7840=STYLED_ITEM('',(#7839),#7837);
#7841=DIRECTION('',(0.E0,0.E0,-1.E0));
#7842=VECTOR('',#7841,5.E-1);
#7843=CARTESIAN_POINT('',(-4.775E-1,0.E0,2.E0));
#7844=LINE('',#7843,#7842);
#7845=CURVE_STYLE('',#36,POSITIVE_LENGTH_MEASURE(2.E-2),#3);
#7846=PRESENTATION_STYLE_ASSIGNMENT((#7845));
#7847=STYLED_ITEM('',(#7846),#7844);
#7848=CARTESIAN_POINT('',(-3.25E-1,0.E0,1.7075625E0));
#7849=DIRECTION('',(0.E0,1.E0,0.E0));
#7850=DIRECTION('',(-1.665815122203E-2,0.E0,-9.998612433722E-1));
#7851=AXIS2_PLACEMENT_3D('',#7848,#7849,#7850);
#7853=CURVE_STYLE('',#36,POSITIVE_LENGTH_MEASURE(2.E-2),#3);
#7854=PRESENTATION_STYLE_ASSIGNMENT((#7853));
#7855=STYLED_ITEM('',(#7854),#7852);
#7856=CARTESIAN_POINT('',(-3.26E-1,0.E0,1.6015E0));
#7857=DIRECTION('',(0.E0,-1.E0,0.E0));
#7858=DIRECTION('',(-2.171957144635E-2,0.E0,-9.997641022842E-1));
#7859=AXIS2_PLACEMENT_3D('',#7856,#7857,#7858);
#7861=CURVE_STYLE('',#36,POSITIVE_LENGTH_MEASURE(2.E-2),#3);
#7862=PRESENTATION_STYLE_ASSIGNMENT((#7861));
#7863=STYLED_ITEM('',(#7862),#7860);
#7864=DIRECTION('',(1.E0,0.E0,-1.110223024625E-13));
#7865=VECTOR('',#7864,2.E-3);
#7866=CARTESIAN_POINT('',(-3.26E-1,0.E0,1.45E0));
#7867=LINE('',#7866,#7865);
#7868=CURVE_STYLE('',#36,POSITIVE_LENGTH_MEASURE(2.E-2),#3);
#7869=PRESENTATION_STYLE_ASSIGNMENT((#7868));
#7870=STYLED_ITEM('',(#7869),#7867);
#7871=CARTESIAN_POINT('',(-3.24E-1,0.E0,1.6015E0));
#7872=DIRECTION('',(0.E0,-1.E0,0.E0));
#7873=DIRECTION('',(0.E0,0.E0,-1.E0));
#7874=AXIS2_PLACEMENT_3D('',#7871,#7872,#7873);
#7876=CURVE_STYLE('',#36,POSITIVE_LENGTH_MEASURE(2.E-2),#3);
#7877=PRESENTATION_STYLE_ASSIGNMENT((#7876));
#7878=STYLED_ITEM('',(#7877),#7875);
#7879=CARTESIAN_POINT('',(-3.25E-1,0.E0,1.7075625E0));
#7880=DIRECTION('',(0.E0,1.E0,0.E0));
#7881=DIRECTION('',(5.920892987139E-1,0.E0,-8.058723610774E-1));
#7882=AXIS2_PLACEMENT_3D('',#7879,#7880,#7881);
#7884=CURVE_STYLE('',#36,POSITIVE_LENGTH_MEASURE(2.E-2),#3);
#7885=PRESENTATION_STYLE_ASSIGNMENT((#7884));
#7886=STYLED_ITEM('',(#7885),#7883);
#7887=DIRECTION('',(0.E0,0.E0,-1.E0));
#7888=VECTOR('',#7887,5.E-1);
#7889=CARTESIAN_POINT('',(-1.725E-1,0.E0,2.E0));
#7890=LINE('',#7889,#7888);
#7891=CURVE_STYLE('',#36,POSITIVE_LENGTH_MEASURE(2.E-2),#3);
#7892=PRESENTATION_STYLE_ASSIGNMENT((#7891));
#7893=STYLED_ITEM('',(#7892),#7890);
#7894=DIRECTION('',(1.E0,0.E0,0.E0));
#7895=VECTOR('',#7894,3.45E-1);
#7896=CARTESIAN_POINT('',(-1.725E-1,0.E0,2.E0));
#7897=LINE('',#7896,#7895);
#7898=CURVE_STYLE('',#36,POSITIVE_LENGTH_MEASURE(2.E-2),#3);
#7899=PRESENTATION_STYLE_ASSIGNMENT((#7898));
#7900=STYLED_ITEM('',(#7899),#7897);
#7901=DIRECTION('',(0.E0,0.E0,-1.E0));
#7902=VECTOR('',#7901,5.E-1);
#7903=CARTESIAN_POINT('',(1.725E-1,0.E0,2.E0));
#7904=LINE('',#7903,#7902);
#7905=CURVE_STYLE('',#36,POSITIVE_LENGTH_MEASURE(2.E-2),#3);
#7906=PRESENTATION_STYLE_ASSIGNMENT((#7905));
#7907=STYLED_ITEM('',(#7906),#7904);
#7908=CARTESIAN_POINT('',(3.25E-1,0.E0,1.7075625E0));
#7909=DIRECTION('',(0.E0,1.E0,0.E0));
#7910=DIRECTION('',(-1.665815122203E-2,0.E0,-9.998612433722E-1));
#7911=AXIS2_PLACEMENT_3D('',#7908,#7909,#7910);
#7913=CURVE_STYLE('',#36,POSITIVE_LENGTH_MEASURE(2.E-2),#3);
#7914=PRESENTATION_STYLE_ASSIGNMENT((#7913));
#7915=STYLED_ITEM('',(#7914),#7912);
#7916=CARTESIAN_POINT('',(3.24E-1,0.E0,1.6015E0));
#7917=DIRECTION('',(0.E0,-1.E0,0.E0));
#7918=DIRECTION('',(-2.171957144635E-2,0.E0,-9.997641022842E-1));
#7919=AXIS2_PLACEMENT_3D('',#7916,#7917,#7918);
#7921=CURVE_STYLE('',#36,POSITIVE_LENGTH_MEASURE(2.E-2),#3);
#7922=PRESENTATION_STYLE_ASSIGNMENT((#7921));
#7923=STYLED_ITEM('',(#7922),#7920);
#7924=DIRECTION('',(1.E0,0.E0,-1.110223024625E-13));
#7925=VECTOR('',#7924,2.E-3);
#7926=CARTESIAN_POINT('',(3.24E-1,0.E0,1.45E0));
#7927=LINE('',#7926,#7925);
#7928=CURVE_STYLE('',#36,POSITIVE_LENGTH_MEASURE(2.E-2),#3);
#7929=PRESENTATION_STYLE_ASSIGNMENT((#7928));
#7930=STYLED_ITEM('',(#7929),#7927);
#7931=CARTESIAN_POINT('',(3.26E-1,0.E0,1.6015E0));
#7932=DIRECTION('',(0.E0,-1.E0,0.E0));
#7933=DIRECTION('',(0.E0,0.E0,-1.E0));
#7934=AXIS2_PLACEMENT_3D('',#7931,#7932,#7933);
#7936=CURVE_STYLE('',#36,POSITIVE_LENGTH_MEASURE(2.E-2),#3);
#7937=PRESENTATION_STYLE_ASSIGNMENT((#7936));
#7938=STYLED_ITEM('',(#7937),#7935);
#7939=CARTESIAN_POINT('',(3.25E-1,0.E0,1.7075625E0));
#7940=DIRECTION('',(0.E0,1.E0,0.E0));
#7941=DIRECTION('',(5.920892987139E-1,0.E0,-8.058723610774E-1));
#7942=AXIS2_PLACEMENT_3D('',#7939,#7940,#7941);
#7944=CURVE_STYLE('',#36,POSITIVE_LENGTH_MEASURE(2.E-2),#3);
#7945=PRESENTATION_STYLE_ASSIGNMENT((#7944));
#7946=STYLED_ITEM('',(#7945),#7943);
#7947=DIRECTION('',(0.E0,0.E0,-1.E0));
#7948=VECTOR('',#7947,5.E-1);
#7949=CARTESIAN_POINT('',(4.775E-1,0.E0,2.E0));
#7950=LINE('',#7949,#7948);
#7951=CURVE_STYLE('',#36,POSITIVE_LENGTH_MEASURE(2.E-2),#3);
#7952=PRESENTATION_STYLE_ASSIGNMENT((#7951));
#7953=STYLED_ITEM('',(#7952),#7950);
#7954=DIRECTION('',(1.E0,0.E0,0.E0));
#7955=VECTOR('',#7954,3.45E-1);
#7956=CARTESIAN_POINT('',(4.775E-1,0.E0,2.E0));
#7957=LINE('',#7956,#7955);
#7958=CURVE_STYLE('',#36,POSITIVE_LENGTH_MEASURE(2.E-2),#3);
#7959=PRESENTATION_STYLE_ASSIGNMENT((#7958));
#7960=STYLED_ITEM('',(#7959),#7957);
#7961=DIRECTION('',(0.E0,0.E0,-1.E0));
#7962=VECTOR('',#7961,5.E-1);
#7963=CARTESIAN_POINT('',(8.225E-1,0.E0,2.E0));
#7964=LINE('',#7963,#7962);
#7965=CURVE_STYLE('',#36,POSITIVE_LENGTH_MEASURE(2.E-2),#3);
#7966=PRESENTATION_STYLE_ASSIGNMENT((#7965));
#7967=STYLED_ITEM('',(#7966),#7964);
#7968=CARTESIAN_POINT('',(9.75E-1,0.E0,1.7075625E0));
#7969=DIRECTION('',(0.E0,1.E0,0.E0));
#7970=DIRECTION('',(-1.665815122185E-2,0.E0,-9.998612433722E-1));
#7971=AXIS2_PLACEMENT_3D('',#7968,#7969,#7970);
#7973=CURVE_STYLE('',#36,POSITIVE_LENGTH_MEASURE(2.E-2),#3);
#7974=PRESENTATION_STYLE_ASSIGNMENT((#7973));
#7975=STYLED_ITEM('',(#7974),#7972);
#7976=CARTESIAN_POINT('',(9.74E-1,0.E0,1.6015E0));
#7977=DIRECTION('',(0.E0,-1.E0,0.E0));
#7978=DIRECTION('',(-2.171957144605E-2,0.E0,-9.997641022842E-1));
#7979=AXIS2_PLACEMENT_3D('',#7976,#7977,#7978);
#7981=CURVE_STYLE('',#36,POSITIVE_LENGTH_MEASURE(2.E-2),#3);
#7982=PRESENTATION_STYLE_ASSIGNMENT((#7981));
#7983=STYLED_ITEM('',(#7982),#7980);
#7984=DIRECTION('',(1.E0,0.E0,-1.110223024625E-13));
#7985=VECTOR('',#7984,2.E-3);
#7986=CARTESIAN_POINT('',(9.74E-1,0.E0,1.45E0));
#7987=LINE('',#7986,#7985);
#7988=CURVE_STYLE('',#36,POSITIVE_LENGTH_MEASURE(2.E-2),#3);
#7989=PRESENTATION_STYLE_ASSIGNMENT((#7988));
#7990=STYLED_ITEM('',(#7989),#7987);
#7991=CARTESIAN_POINT('',(9.76E-1,0.E0,1.6015E0));
#7992=DIRECTION('',(0.E0,-1.E0,0.E0));
#7993=DIRECTION('',(0.E0,0.E0,-1.E0));
#7994=AXIS2_PLACEMENT_3D('',#7991,#7992,#7993);
#7996=CURVE_STYLE('',#36,POSITIVE_LENGTH_MEASURE(2.E-2),#3);
#7997=PRESENTATION_STYLE_ASSIGNMENT((#7996));
#7998=STYLED_ITEM('',(#7997),#7995);
#7999=CARTESIAN_POINT('',(9.75E-1,0.E0,1.7075625E0));
#8000=DIRECTION('',(0.E0,1.E0,0.E0));
#8001=DIRECTION('',(5.920892987139E-1,0.E0,-8.058723610774E-1));
#8002=AXIS2_PLACEMENT_3D('',#7999,#8000,#8001);
#8004=CURVE_STYLE('',#36,POSITIVE_LENGTH_MEASURE(2.E-2),#3);
#8005=PRESENTATION_STYLE_ASSIGNMENT((#8004));
#8006=STYLED_ITEM('',(#8005),#8003);
#8007=DIRECTION('',(0.E0,0.E0,-1.E0));
#8008=VECTOR('',#8007,5.E-1);
#8009=CARTESIAN_POINT('',(1.1275E0,0.E0,2.E0));
#8010=LINE('',#8009,#8008);
#8011=CURVE_STYLE('',#36,POSITIVE_LENGTH_MEASURE(2.E-2),#3);
#8012=PRESENTATION_STYLE_ASSIGNMENT((#8011));
#8013=STYLED_ITEM('',(#8012),#8010);
#8014=DIRECTION('',(1.E0,0.E0,0.E0));
#8015=VECTOR('',#8014,8.725E-1);
#8016=CARTESIAN_POINT('',(1.1275E0,0.E0,2.E0));
#8017=LINE('',#8016,#8015);
#8018=CURVE_STYLE('',#36,POSITIVE_LENGTH_MEASURE(2.E-2),#3);
#8019=PRESENTATION_STYLE_ASSIGNMENT((#8018));
#8020=STYLED_ITEM('',(#8019),#8017);
#8021=DIRECTION('',(0.E0,0.E0,-1.E0));
#8022=VECTOR('',#8021,8.725E-1);
#8023=CARTESIAN_POINT('',(2.E0,0.E0,2.E0));
#8024=LINE('',#8023,#8022);
#8025=CURVE_STYLE('',#36,POSITIVE_LENGTH_MEASURE(2.E-2),#3);
#8026=PRESENTATION_STYLE_ASSIGNMENT((#8025));
#8027=STYLED_ITEM('',(#8026),#8024);
#8028=DIRECTION('',(-1.E0,0.E0,0.E0));
#8029=VECTOR('',#8028,5.E-1);
#8030=CARTESIAN_POINT('',(2.E0,0.E0,1.1275E0));
#8031=LINE('',#8030,#8029);
#8032=CURVE_STYLE('',#36,POSITIVE_LENGTH_MEASURE(2.E-2),#3);
#8033=PRESENTATION_STYLE_ASSIGNMENT((#8032));
#8034=STYLED_ITEM('',(#8033),#8031);
#8035=CARTESIAN_POINT('',(1.7075625E0,0.E0,9.75E-1));
#8036=DIRECTION('',(0.E0,1.E0,0.E0));
#8037=DIRECTION('',(-9.998612433722E-1,0.E0,1.665815122218E-2));
#8038=AXIS2_PLACEMENT_3D('',#8035,#8036,#8037);
#8040=CURVE_STYLE('',#36,POSITIVE_LENGTH_MEASURE(2.E-2),#3);
#8041=PRESENTATION_STYLE_ASSIGNMENT((#8040));
#8042=STYLED_ITEM('',(#8041),#8039);
#8043=CARTESIAN_POINT('',(1.6015E0,0.E0,9.76E-1));
#8044=DIRECTION('',(0.E0,-1.E0,0.E0));
#8045=DIRECTION('',(-9.997641022842E-1,0.E0,2.171957144662E-2));
#8046=AXIS2_PLACEMENT_3D('',#8043,#8044,#8045);
#8048=CURVE_STYLE('',#36,POSITIVE_LENGTH_MEASURE(2.E-2),#3);
#8049=PRESENTATION_STYLE_ASSIGNMENT((#8048));
#8050=STYLED_ITEM('',(#8049),#8047);
#8051=DIRECTION('',(-1.110223024625E-13,0.E0,-1.E0));
#8052=VECTOR('',#8051,2.E-3);
#8053=CARTESIAN_POINT('',(1.45E0,0.E0,9.76E-1));
#8054=LINE('',#8053,#8052);
#8055=CURVE_STYLE('',#36,POSITIVE_LENGTH_MEASURE(2.E-2),#3);
#8056=PRESENTATION_STYLE_ASSIGNMENT((#8055));
#8057=STYLED_ITEM('',(#8056),#8054);
#8058=CARTESIAN_POINT('',(1.6015E0,0.E0,9.74E-1));
#8059=DIRECTION('',(0.E0,-1.E0,0.E0));
#8060=DIRECTION('',(-1.E0,0.E0,0.E0));
#8061=AXIS2_PLACEMENT_3D('',#8058,#8059,#8060);
#8063=CURVE_STYLE('',#36,POSITIVE_LENGTH_MEASURE(2.E-2),#3);
#8064=PRESENTATION_STYLE_ASSIGNMENT((#8063));
#8065=STYLED_ITEM('',(#8064),#8062);
#8066=CARTESIAN_POINT('',(1.7075625E0,0.E0,9.75E-1));
#8067=DIRECTION('',(0.E0,1.E0,0.E0));
#8068=DIRECTION('',(-8.058723610774E-1,0.E0,-5.920892987139E-1));
#8069=AXIS2_PLACEMENT_3D('',#8066,#8067,#8068);
#8071=CURVE_STYLE('',#36,POSITIVE_LENGTH_MEASURE(2.E-2),#3);
#8072=PRESENTATION_STYLE_ASSIGNMENT((#8071));
#8073=STYLED_ITEM('',(#8072),#8070);
#8074=DIRECTION('',(-1.E0,0.E0,0.E0));
#8075=VECTOR('',#8074,5.E-1);
#8076=CARTESIAN_POINT('',(2.E0,0.E0,8.225E-1));
#8077=LINE('',#8076,#8075);
#8078=CURVE_STYLE('',#36,POSITIVE_LENGTH_MEASURE(2.E-2),#3);
#8079=PRESENTATION_STYLE_ASSIGNMENT((#8078));
#8080=STYLED_ITEM('',(#8079),#8077);
#8081=DIRECTION('',(0.E0,0.E0,-1.E0));
#8082=VECTOR('',#8081,3.45E-1);
#8083=CARTESIAN_POINT('',(2.E0,0.E0,8.225E-1));
#8084=LINE('',#8083,#8082);
#8085=CURVE_STYLE('',#36,POSITIVE_LENGTH_MEASURE(2.E-2),#3);
#8086=PRESENTATION_STYLE_ASSIGNMENT((#8085));
#8087=STYLED_ITEM('',(#8086),#8084);
#8088=DIRECTION('',(-1.E0,0.E0,0.E0));
#8089=VECTOR('',#8088,5.E-1);
#8090=CARTESIAN_POINT('',(2.E0,0.E0,4.775E-1));
#8091=LINE('',#8090,#8089);
#8092=CURVE_STYLE('',#36,POSITIVE_LENGTH_MEASURE(2.E-2),#3);
#8093=PRESENTATION_STYLE_ASSIGNMENT((#8092));
#8094=STYLED_ITEM('',(#8093),#8091);
#8095=CARTESIAN_POINT('',(1.7075625E0,0.E0,3.25E-1));
#8096=DIRECTION('',(0.E0,1.E0,0.E0));
#8097=DIRECTION('',(-9.998612433722E-1,0.E0,1.665815122218E-2));
#8098=AXIS2_PLACEMENT_3D('',#8095,#8096,#8097);
#8100=CURVE_STYLE('',#36,POSITIVE_LENGTH_MEASURE(2.E-2),#3);
#8101=PRESENTATION_STYLE_ASSIGNMENT((#8100));
#8102=STYLED_ITEM('',(#8101),#8099);
#8103=CARTESIAN_POINT('',(1.6015E0,0.E0,3.26E-1));
#8104=DIRECTION('',(0.E0,-1.E0,0.E0));
#8105=DIRECTION('',(-9.997641022842E-1,0.E0,2.171957144662E-2));
#8106=AXIS2_PLACEMENT_3D('',#8103,#8104,#8105);
#8108=CURVE_STYLE('',#36,POSITIVE_LENGTH_MEASURE(2.E-2),#3);
#8109=PRESENTATION_STYLE_ASSIGNMENT((#8108));
#8110=STYLED_ITEM('',(#8109),#8107);
#8111=DIRECTION('',(-1.110223024625E-13,0.E0,-1.E0));
#8112=VECTOR('',#8111,2.E-3);
#8113=CARTESIAN_POINT('',(1.45E0,0.E0,3.26E-1));
#8114=LINE('',#8113,#8112);
#8115=CURVE_STYLE('',#36,POSITIVE_LENGTH_MEASURE(2.E-2),#3);
#8116=PRESENTATION_STYLE_ASSIGNMENT((#8115));
#8117=STYLED_ITEM('',(#8116),#8114);
#8118=CARTESIAN_POINT('',(1.6015E0,0.E0,3.24E-1));
#8119=DIRECTION('',(0.E0,-1.E0,0.E0));
#8120=DIRECTION('',(-1.E0,0.E0,0.E0));
#8121=AXIS2_PLACEMENT_3D('',#8118,#8119,#8120);
#8123=CURVE_STYLE('',#36,POSITIVE_LENGTH_MEASURE(2.E-2),#3);
#8124=PRESENTATION_STYLE_ASSIGNMENT((#8123));
#8125=STYLED_ITEM('',(#8124),#8122);
#8126=CARTESIAN_POINT('',(1.7075625E0,0.E0,3.25E-1));
#8127=DIRECTION('',(0.E0,1.E0,0.E0));
#8128=DIRECTION('',(-8.058723610774E-1,0.E0,-5.920892987139E-1));
#8129=AXIS2_PLACEMENT_3D('',#8126,#8127,#8128);
#8131=CURVE_STYLE('',#36,POSITIVE_LENGTH_MEASURE(2.E-2),#3);
#8132=PRESENTATION_STYLE_ASSIGNMENT((#8131));
#8133=STYLED_ITEM('',(#8132),#8130);
#8134=DIRECTION('',(-1.E0,0.E0,0.E0));
#8135=VECTOR('',#8134,5.E-1);
#8136=CARTESIAN_POINT('',(2.E0,0.E0,1.725E-1));
#8137=LINE('',#8136,#8135);
#8138=CURVE_STYLE('',#36,POSITIVE_LENGTH_MEASURE(2.E-2),#3);
#8139=PRESENTATION_STYLE_ASSIGNMENT((#8138));
#8140=STYLED_ITEM('',(#8139),#8137);
#8141=DIRECTION('',(0.E0,0.E0,-1.E0));
#8142=VECTOR('',#8141,3.45E-1);
#8143=CARTESIAN_POINT('',(2.E0,0.E0,1.725E-1));
#8144=LINE('',#8143,#8142);
#8145=CURVE_STYLE('',#36,POSITIVE_LENGTH_MEASURE(2.E-2),#3);
#8146=PRESENTATION_STYLE_ASSIGNMENT((#8145));
#8147=STYLED_ITEM('',(#8146),#8144);
#8148=DIRECTION('',(-1.E0,0.E0,0.E0));
#8149=VECTOR('',#8148,5.E-1);
#8150=CARTESIAN_POINT('',(2.E0,0.E0,-1.725E-1));
#8151=LINE('',#8150,#8149);
#8152=CURVE_STYLE('',#36,POSITIVE_LENGTH_MEASURE(2.E-2),#3);
#8153=PRESENTATION_STYLE_ASSIGNMENT((#8152));
#8154=STYLED_ITEM('',(#8153),#8151);
#8155=CARTESIAN_POINT('',(1.7075625E0,0.E0,-3.25E-1));
#8156=DIRECTION('',(0.E0,1.E0,0.E0));
#8157=DIRECTION('',(-9.998612433722E-1,0.E0,1.665815122202E-2));
#8158=AXIS2_PLACEMENT_3D('',#8155,#8156,#8157);
#8160=CURVE_STYLE('',#36,POSITIVE_LENGTH_MEASURE(2.E-2),#3);
#8161=PRESENTATION_STYLE_ASSIGNMENT((#8160));
#8162=STYLED_ITEM('',(#8161),#8159);
#8163=CARTESIAN_POINT('',(1.6015E0,0.E0,-3.24E-1));
#8164=DIRECTION('',(0.E0,-1.E0,0.E0));
#8165=DIRECTION('',(-9.997641022842E-1,0.E0,2.171957144634E-2));
#8166=AXIS2_PLACEMENT_3D('',#8163,#8164,#8165);
#8168=CURVE_STYLE('',#36,POSITIVE_LENGTH_MEASURE(2.E-2),#3);
#8169=PRESENTATION_STYLE_ASSIGNMENT((#8168));
#8170=STYLED_ITEM('',(#8169),#8167);
#8171=DIRECTION('',(-1.110223024625E-13,0.E0,-1.E0));
#8172=VECTOR('',#8171,2.E-3);
#8173=CARTESIAN_POINT('',(1.45E0,0.E0,-3.24E-1));
#8174=LINE('',#8173,#8172);
#8175=CURVE_STYLE('',#36,POSITIVE_LENGTH_MEASURE(2.E-2),#3);
#8176=PRESENTATION_STYLE_ASSIGNMENT((#8175));
#8177=STYLED_ITEM('',(#8176),#8174);
#8178=CARTESIAN_POINT('',(1.6015E0,0.E0,-3.26E-1));
#8179=DIRECTION('',(0.E0,-1.E0,0.E0));
#8180=DIRECTION('',(-1.E0,0.E0,0.E0));
#8181=AXIS2_PLACEMENT_3D('',#8178,#8179,#8180);
#8183=CURVE_STYLE('',#36,POSITIVE_LENGTH_MEASURE(2.E-2),#3);
#8184=PRESENTATION_STYLE_ASSIGNMENT((#8183));
#8185=STYLED_ITEM('',(#8184),#8182);
#8186=CARTESIAN_POINT('',(1.7075625E0,0.E0,-3.25E-1));
#8187=DIRECTION('',(0.E0,1.E0,0.E0));
#8188=DIRECTION('',(-8.058723610774E-1,0.E0,-5.920892987139E-1));
#8189=AXIS2_PLACEMENT_3D('',#8186,#8187,#8188);
#8191=CURVE_STYLE('',#36,POSITIVE_LENGTH_MEASURE(2.E-2),#3);
#8192=PRESENTATION_STYLE_ASSIGNMENT((#8191));
#8193=STYLED_ITEM('',(#8192),#8190);
#8194=DIRECTION('',(-1.E0,0.E0,0.E0));
#8195=VECTOR('',#8194,5.E-1);
#8196=CARTESIAN_POINT('',(2.E0,0.E0,-4.775E-1));
#8197=LINE('',#8196,#8195);
#8198=CURVE_STYLE('',#36,POSITIVE_LENGTH_MEASURE(2.E-2),#3);
#8199=PRESENTATION_STYLE_ASSIGNMENT((#8198));
#8200=STYLED_ITEM('',(#8199),#8197);
#8201=DIRECTION('',(0.E0,0.E0,-1.E0));
#8202=VECTOR('',#8201,3.45E-1);
#8203=CARTESIAN_POINT('',(2.E0,0.E0,-4.775E-1));
#8204=LINE('',#8203,#8202);
#8205=CURVE_STYLE('',#36,POSITIVE_LENGTH_MEASURE(2.E-2),#3);
#8206=PRESENTATION_STYLE_ASSIGNMENT((#8205));
#8207=STYLED_ITEM('',(#8206),#8204);
#8208=DIRECTION('',(-1.E0,0.E0,0.E0));
#8209=VECTOR('',#8208,5.E-1);
#8210=CARTESIAN_POINT('',(2.E0,0.E0,-8.225E-1));
#8211=LINE('',#8210,#8209);
#8212=CURVE_STYLE('',#36,POSITIVE_LENGTH_MEASURE(2.E-2),#3);
#8213=PRESENTATION_STYLE_ASSIGNMENT((#8212));
#8214=STYLED_ITEM('',(#8213),#8211);
#8215=CARTESIAN_POINT('',(1.7075625E0,0.E0,-9.75E-1));
#8216=DIRECTION('',(0.E0,1.E0,0.E0));
#8217=DIRECTION('',(-9.998612433722E-1,0.E0,1.665815122202E-2));
#8218=AXIS2_PLACEMENT_3D('',#8215,#8216,#8217);
#8220=CURVE_STYLE('',#36,POSITIVE_LENGTH_MEASURE(2.E-2),#3);
#8221=PRESENTATION_STYLE_ASSIGNMENT((#8220));
#8222=STYLED_ITEM('',(#8221),#8219);
#8223=CARTESIAN_POINT('',(1.6015E0,0.E0,-9.74E-1));
#8224=DIRECTION('',(0.E0,-1.E0,0.E0));
#8225=DIRECTION('',(-9.997641022842E-1,0.E0,2.171957144634E-2));
#8226=AXIS2_PLACEMENT_3D('',#8223,#8224,#8225);
#8228=CURVE_STYLE('',#36,POSITIVE_LENGTH_MEASURE(2.E-2),#3);
#8229=PRESENTATION_STYLE_ASSIGNMENT((#8228));
#8230=STYLED_ITEM('',(#8229),#8227);
#8231=DIRECTION('',(-1.110223024625E-13,0.E0,-1.E0));
#8232=VECTOR('',#8231,2.E-3);
#8233=CARTESIAN_POINT('',(1.45E0,0.E0,-9.74E-1));
#8234=LINE('',#8233,#8232);
#8235=CURVE_STYLE('',#36,POSITIVE_LENGTH_MEASURE(2.E-2),#3);
#8236=PRESENTATION_STYLE_ASSIGNMENT((#8235));
#8237=STYLED_ITEM('',(#8236),#8234);
#8238=CARTESIAN_POINT('',(1.6015E0,0.E0,-9.76E-1));
#8239=DIRECTION('',(0.E0,-1.E0,0.E0));
#8240=DIRECTION('',(-1.E0,0.E0,0.E0));
#8241=AXIS2_PLACEMENT_3D('',#8238,#8239,#8240);
#8243=CURVE_STYLE('',#36,POSITIVE_LENGTH_MEASURE(2.E-2),#3);
#8244=PRESENTATION_STYLE_ASSIGNMENT((#8243));
#8245=STYLED_ITEM('',(#8244),#8242);
#8246=CARTESIAN_POINT('',(1.7075625E0,0.E0,-9.75E-1));
#8247=DIRECTION('',(0.E0,1.E0,0.E0));
#8248=DIRECTION('',(-8.058723610774E-1,0.E0,-5.920892987139E-1));
#8249=AXIS2_PLACEMENT_3D('',#8246,#8247,#8248);
#8251=CURVE_STYLE('',#36,POSITIVE_LENGTH_MEASURE(2.E-2),#3);
#8252=PRESENTATION_STYLE_ASSIGNMENT((#8251));
#8253=STYLED_ITEM('',(#8252),#8250);
#8254=DIRECTION('',(-1.E0,0.E0,0.E0));
#8255=VECTOR('',#8254,5.E-1);
#8256=CARTESIAN_POINT('',(2.E0,0.E0,-1.1275E0));
#8257=LINE('',#8256,#8255);
#8258=CURVE_STYLE('',#36,POSITIVE_LENGTH_MEASURE(2.E-2),#3);
#8259=PRESENTATION_STYLE_ASSIGNMENT((#8258));
#8260=STYLED_ITEM('',(#8259),#8257);
#8261=DIRECTION('',(0.E0,0.E0,-1.E0));
#8262=VECTOR('',#8261,8.725E-1);
#8263=CARTESIAN_POINT('',(2.E0,0.E0,-1.1275E0));
#8264=LINE('',#8263,#8262);
#8265=CURVE_STYLE('',#36,POSITIVE_LENGTH_MEASURE(2.E-2),#3);
#8266=PRESENTATION_STYLE_ASSIGNMENT((#8265));
#8267=STYLED_ITEM('',(#8266),#8264);
#8268=DIRECTION('',(-1.E0,0.E0,0.E0));
#8269=VECTOR('',#8268,8.725E-1);
#8270=CARTESIAN_POINT('',(2.E0,0.E0,-2.E0));
#8271=LINE('',#8270,#8269);
#8272=CURVE_STYLE('',#36,POSITIVE_LENGTH_MEASURE(2.E-2),#3);
#8273=PRESENTATION_STYLE_ASSIGNMENT((#8272));
#8274=STYLED_ITEM('',(#8273),#8271);
#8275=DIRECTION('',(0.E0,0.E0,1.E0));
#8276=VECTOR('',#8275,5.E-1);
#8277=CARTESIAN_POINT('',(1.1275E0,0.E0,-2.E0));
#8278=LINE('',#8277,#8276);
#8279=CURVE_STYLE('',#36,POSITIVE_LENGTH_MEASURE(2.E-2),#3);
#8280=PRESENTATION_STYLE_ASSIGNMENT((#8279));
#8281=STYLED_ITEM('',(#8280),#8278);
#8282=CARTESIAN_POINT('',(9.75E-1,0.E0,-1.7075625E0));
#8283=DIRECTION('',(0.E0,1.E0,0.E0));
#8284=DIRECTION('',(1.665815122202E-2,0.E0,9.998612433722E-1));
#8285=AXIS2_PLACEMENT_3D('',#8282,#8283,#8284);
#8287=CURVE_STYLE('',#36,POSITIVE_LENGTH_MEASURE(2.E-2),#3);
#8288=PRESENTATION_STYLE_ASSIGNMENT((#8287));
#8289=STYLED_ITEM('',(#8288),#8286);
#8290=CARTESIAN_POINT('',(9.76E-1,0.E0,-1.6015E0));
#8291=DIRECTION('',(0.E0,1.E0,0.E0));
#8292=DIRECTION('',(0.E0,0.E0,1.E0));
#8293=AXIS2_PLACEMENT_3D('',#8290,#8291,#8292);
#8295=CURVE_STYLE('',#36,POSITIVE_LENGTH_MEASURE(2.E-2),#3);
#8296=PRESENTATION_STYLE_ASSIGNMENT((#8295));
#8297=STYLED_ITEM('',(#8296),#8294);
#8298=DIRECTION('',(1.E0,0.E0,0.E0));
#8299=VECTOR('',#8298,2.E-3);
#8300=CARTESIAN_POINT('',(9.74E-1,0.E0,-1.45E0));
#8301=LINE('',#8300,#8299);
#8302=CURVE_STYLE('',#36,POSITIVE_LENGTH_MEASURE(2.E-2),#3);
#8303=PRESENTATION_STYLE_ASSIGNMENT((#8302));
#8304=STYLED_ITEM('',(#8303),#8301);
#8305=CARTESIAN_POINT('',(9.74E-1,0.E0,-1.6015E0));
#8306=DIRECTION('',(0.E0,1.E0,0.E0));
#8307=DIRECTION('',(-2.171957144635E-2,0.E0,9.997641022842E-1));
#8308=AXIS2_PLACEMENT_3D('',#8305,#8306,#8307);
#8310=CURVE_STYLE('',#36,POSITIVE_LENGTH_MEASURE(2.E-2),#3);
#8311=PRESENTATION_STYLE_ASSIGNMENT((#8310));
#8312=STYLED_ITEM('',(#8311),#8309);
#8313=CARTESIAN_POINT('',(9.75E-1,0.E0,-1.7075625E0));
#8314=DIRECTION('',(0.E0,1.E0,0.E0));
#8315=DIRECTION('',(-5.920892987139E-1,0.E0,8.058723610774E-1));
#8316=AXIS2_PLACEMENT_3D('',#8313,#8314,#8315);
#8318=CURVE_STYLE('',#36,POSITIVE_LENGTH_MEASURE(2.E-2),#3);
#8319=PRESENTATION_STYLE_ASSIGNMENT((#8318));
#8320=STYLED_ITEM('',(#8319),#8317);
#8321=DIRECTION('',(0.E0,0.E0,1.E0));
#8322=VECTOR('',#8321,5.E-1);
#8323=CARTESIAN_POINT('',(8.225E-1,0.E0,-2.E0));
#8324=LINE('',#8323,#8322);
#8325=CURVE_STYLE('',#36,POSITIVE_LENGTH_MEASURE(2.E-2),#3);
#8326=PRESENTATION_STYLE_ASSIGNMENT((#8325));
#8327=STYLED_ITEM('',(#8326),#8324);
#8328=DIRECTION('',(-1.E0,0.E0,0.E0));
#8329=VECTOR('',#8328,3.45E-1);
#8330=CARTESIAN_POINT('',(8.225E-1,0.E0,-2.E0));
#8331=LINE('',#8330,#8329);
#8332=CURVE_STYLE('',#36,POSITIVE_LENGTH_MEASURE(2.E-2),#3);
#8333=PRESENTATION_STYLE_ASSIGNMENT((#8332));
#8334=STYLED_ITEM('',(#8333),#8331);
#8335=DIRECTION('',(0.E0,0.E0,1.E0));
#8336=VECTOR('',#8335,5.E-1);
#8337=CARTESIAN_POINT('',(4.775E-1,0.E0,-2.E0));
#8338=LINE('',#8337,#8336);
#8339=CURVE_STYLE('',#36,POSITIVE_LENGTH_MEASURE(2.E-2),#3);
#8340=PRESENTATION_STYLE_ASSIGNMENT((#8339));
#8341=STYLED_ITEM('',(#8340),#8338);
#8342=CARTESIAN_POINT('',(3.25E-1,0.E0,-1.7075625E0));
#8343=DIRECTION('',(0.E0,1.E0,0.E0));
#8344=DIRECTION('',(1.665815122202E-2,0.E0,9.998612433722E-1));
#8345=AXIS2_PLACEMENT_3D('',#8342,#8343,#8344);
#8347=CURVE_STYLE('',#36,POSITIVE_LENGTH_MEASURE(2.E-2),#3);
#8348=PRESENTATION_STYLE_ASSIGNMENT((#8347));
#8349=STYLED_ITEM('',(#8348),#8346);
#8350=CARTESIAN_POINT('',(3.26E-1,0.E0,-1.6015E0));
#8351=DIRECTION('',(0.E0,1.E0,0.E0));
#8352=DIRECTION('',(0.E0,0.E0,1.E0));
#8353=AXIS2_PLACEMENT_3D('',#8350,#8351,#8352);
#8355=CURVE_STYLE('',#36,POSITIVE_LENGTH_MEASURE(2.E-2),#3);
#8356=PRESENTATION_STYLE_ASSIGNMENT((#8355));
#8357=STYLED_ITEM('',(#8356),#8354);
#8358=DIRECTION('',(1.E0,0.E0,0.E0));
#8359=VECTOR('',#8358,2.E-3);
#8360=CARTESIAN_POINT('',(3.24E-1,0.E0,-1.45E0));
#8361=LINE('',#8360,#8359);
#8362=CURVE_STYLE('',#36,POSITIVE_LENGTH_MEASURE(2.E-2),#3);
#8363=PRESENTATION_STYLE_ASSIGNMENT((#8362));
#8364=STYLED_ITEM('',(#8363),#8361);
#8365=CARTESIAN_POINT('',(3.24E-1,0.E0,-1.6015E0));
#8366=DIRECTION('',(0.E0,1.E0,0.E0));
#8367=DIRECTION('',(-2.171957144635E-2,0.E0,9.997641022842E-1));
#8368=AXIS2_PLACEMENT_3D('',#8365,#8366,#8367);
#8370=CURVE_STYLE('',#36,POSITIVE_LENGTH_MEASURE(2.E-2),#3);
#8371=PRESENTATION_STYLE_ASSIGNMENT((#8370));
#8372=STYLED_ITEM('',(#8371),#8369);
#8373=CARTESIAN_POINT('',(3.25E-1,0.E0,-1.7075625E0));
#8374=DIRECTION('',(0.E0,1.E0,0.E0));
#8375=DIRECTION('',(-5.920892987139E-1,0.E0,8.058723610774E-1));
#8376=AXIS2_PLACEMENT_3D('',#8373,#8374,#8375);
#8378=CURVE_STYLE('',#36,POSITIVE_LENGTH_MEASURE(2.E-2),#3);
#8379=PRESENTATION_STYLE_ASSIGNMENT((#8378));
#8380=STYLED_ITEM('',(#8379),#8377);
#8381=DIRECTION('',(0.E0,0.E0,1.E0));
#8382=VECTOR('',#8381,5.E-1);
#8383=CARTESIAN_POINT('',(1.725E-1,0.E0,-2.E0));
#8384=LINE('',#8383,#8382);
#8385=CURVE_STYLE('',#36,POSITIVE_LENGTH_MEASURE(2.E-2),#3);
#8386=PRESENTATION_STYLE_ASSIGNMENT((#8385));
#8387=STYLED_ITEM('',(#8386),#8384);
#8388=DIRECTION('',(-1.E0,0.E0,0.E0));
#8389=VECTOR('',#8388,3.45E-1);
#8390=CARTESIAN_POINT('',(1.725E-1,0.E0,-2.E0));
#8391=LINE('',#8390,#8389);
#8392=CURVE_STYLE('',#36,POSITIVE_LENGTH_MEASURE(2.E-2),#3);
#8393=PRESENTATION_STYLE_ASSIGNMENT((#8392));
#8394=STYLED_ITEM('',(#8393),#8391);
#8395=DIRECTION('',(0.E0,0.E0,1.E0));
#8396=VECTOR('',#8395,5.E-1);
#8397=CARTESIAN_POINT('',(-1.725E-1,0.E0,-2.E0));
#8398=LINE('',#8397,#8396);
#8399=CURVE_STYLE('',#36,POSITIVE_LENGTH_MEASURE(2.E-2),#3);
#8400=PRESENTATION_STYLE_ASSIGNMENT((#8399));
#8401=STYLED_ITEM('',(#8400),#8398);
#8402=CARTESIAN_POINT('',(-3.25E-1,0.E0,-1.7075625E0));
#8403=DIRECTION('',(0.E0,1.E0,0.E0));
#8404=DIRECTION('',(1.665815122202E-2,0.E0,9.998612433722E-1));
#8405=AXIS2_PLACEMENT_3D('',#8402,#8403,#8404);
#8407=CURVE_STYLE('',#36,POSITIVE_LENGTH_MEASURE(2.E-2),#3);
#8408=PRESENTATION_STYLE_ASSIGNMENT((#8407));
#8409=STYLED_ITEM('',(#8408),#8406);
#8410=CARTESIAN_POINT('',(-3.24E-1,0.E0,-1.6015E0));
#8411=DIRECTION('',(0.E0,1.E0,0.E0));
#8412=DIRECTION('',(0.E0,0.E0,1.E0));
#8413=AXIS2_PLACEMENT_3D('',#8410,#8411,#8412);
#8415=CURVE_STYLE('',#36,POSITIVE_LENGTH_MEASURE(2.E-2),#3);
#8416=PRESENTATION_STYLE_ASSIGNMENT((#8415));
#8417=STYLED_ITEM('',(#8416),#8414);
#8418=DIRECTION('',(1.E0,0.E0,0.E0));
#8419=VECTOR('',#8418,2.E-3);
#8420=CARTESIAN_POINT('',(-3.26E-1,0.E0,-1.45E0));
#8421=LINE('',#8420,#8419);
#8422=CURVE_STYLE('',#36,POSITIVE_LENGTH_MEASURE(2.E-2),#3);
#8423=PRESENTATION_STYLE_ASSIGNMENT((#8422));
#8424=STYLED_ITEM('',(#8423),#8421);
#8425=CARTESIAN_POINT('',(-3.26E-1,0.E0,-1.6015E0));
#8426=DIRECTION('',(0.E0,1.E0,0.E0));
#8427=DIRECTION('',(-2.171957144635E-2,0.E0,9.997641022842E-1));
#8428=AXIS2_PLACEMENT_3D('',#8425,#8426,#8427);
#8430=CURVE_STYLE('',#36,POSITIVE_LENGTH_MEASURE(2.E-2),#3);
#8431=PRESENTATION_STYLE_ASSIGNMENT((#8430));
#8432=STYLED_ITEM('',(#8431),#8429);
#8433=CARTESIAN_POINT('',(-3.25E-1,0.E0,-1.7075625E0));
#8434=DIRECTION('',(0.E0,1.E0,0.E0));
#8435=DIRECTION('',(-5.920892987139E-1,0.E0,8.058723610774E-1));
#8436=AXIS2_PLACEMENT_3D('',#8433,#8434,#8435);
#8438=CURVE_STYLE('',#36,POSITIVE_LENGTH_MEASURE(2.E-2),#3);
#8439=PRESENTATION_STYLE_ASSIGNMENT((#8438));
#8440=STYLED_ITEM('',(#8439),#8437);
#8441=DIRECTION('',(0.E0,0.E0,1.E0));
#8442=VECTOR('',#8441,5.E-1);
#8443=CARTESIAN_POINT('',(-4.775E-1,0.E0,-2.E0));
#8444=LINE('',#8443,#8442);
#8445=CURVE_STYLE('',#36,POSITIVE_LENGTH_MEASURE(2.E-2),#3);
#8446=PRESENTATION_STYLE_ASSIGNMENT((#8445));
#8447=STYLED_ITEM('',(#8446),#8444);
#8448=DIRECTION('',(-1.E0,0.E0,0.E0));
#8449=VECTOR('',#8448,3.45E-1);
#8450=CARTESIAN_POINT('',(-4.775E-1,0.E0,-2.E0));
#8451=LINE('',#8450,#8449);
#8452=CURVE_STYLE('',#36,POSITIVE_LENGTH_MEASURE(2.E-2),#3);
#8453=PRESENTATION_STYLE_ASSIGNMENT((#8452));
#8454=STYLED_ITEM('',(#8453),#8451);
#8455=DIRECTION('',(0.E0,0.E0,1.E0));
#8456=VECTOR('',#8455,5.E-1);
#8457=CARTESIAN_POINT('',(-8.225E-1,0.E0,-2.E0));
#8458=LINE('',#8457,#8456);
#8459=CURVE_STYLE('',#36,POSITIVE_LENGTH_MEASURE(2.E-2),#3);
#8460=PRESENTATION_STYLE_ASSIGNMENT((#8459));
#8461=STYLED_ITEM('',(#8460),#8458);
#8462=CARTESIAN_POINT('',(-9.75E-1,0.E0,-1.7075625E0));
#8463=DIRECTION('',(0.E0,1.E0,0.E0));
#8464=DIRECTION('',(1.665815122185E-2,0.E0,9.998612433722E-1));
#8465=AXIS2_PLACEMENT_3D('',#8462,#8463,#8464);
#8467=CURVE_STYLE('',#36,POSITIVE_LENGTH_MEASURE(2.E-2),#3);
#8468=PRESENTATION_STYLE_ASSIGNMENT((#8467));
#8469=STYLED_ITEM('',(#8468),#8466);
#8470=CARTESIAN_POINT('',(-9.74E-1,0.E0,-1.6015E0));
#8471=DIRECTION('',(0.E0,1.E0,0.E0));
#8472=DIRECTION('',(0.E0,0.E0,1.E0));
#8473=AXIS2_PLACEMENT_3D('',#8470,#8471,#8472);
#8475=CURVE_STYLE('',#36,POSITIVE_LENGTH_MEASURE(2.E-2),#3);
#8476=PRESENTATION_STYLE_ASSIGNMENT((#8475));
#8477=STYLED_ITEM('',(#8476),#8474);
#8478=DIRECTION('',(1.E0,0.E0,0.E0));
#8479=VECTOR('',#8478,2.E-3);
#8480=CARTESIAN_POINT('',(-9.76E-1,0.E0,-1.45E0));
#8481=LINE('',#8480,#8479);
#8482=CURVE_STYLE('',#36,POSITIVE_LENGTH_MEASURE(2.E-2),#3);
#8483=PRESENTATION_STYLE_ASSIGNMENT((#8482));
#8484=STYLED_ITEM('',(#8483),#8481);
#8485=CARTESIAN_POINT('',(-9.76E-1,0.E0,-1.6015E0));
#8486=DIRECTION('',(0.E0,1.E0,0.E0));
#8487=DIRECTION('',(-2.171957144605E-2,0.E0,9.997641022842E-1));
#8488=AXIS2_PLACEMENT_3D('',#8485,#8486,#8487);
#8490=CURVE_STYLE('',#36,POSITIVE_LENGTH_MEASURE(2.E-2),#3);
#8491=PRESENTATION_STYLE_ASSIGNMENT((#8490));
#8492=STYLED_ITEM('',(#8491),#8489);
#8493=CARTESIAN_POINT('',(-9.75E-1,0.E0,-1.7075625E0));
#8494=DIRECTION('',(0.E0,1.E0,0.E0));
#8495=DIRECTION('',(-5.920892987139E-1,0.E0,8.058723610774E-1));
#8496=AXIS2_PLACEMENT_3D('',#8493,#8494,#8495);
#8498=CURVE_STYLE('',#36,POSITIVE_LENGTH_MEASURE(2.E-2),#3);
#8499=PRESENTATION_STYLE_ASSIGNMENT((#8498));
#8500=STYLED_ITEM('',(#8499),#8497);
#8501=DIRECTION('',(0.E0,0.E0,1.E0));
#8502=VECTOR('',#8501,5.E-1);
#8503=CARTESIAN_POINT('',(-1.1275E0,0.E0,-2.E0));
#8504=LINE('',#8503,#8502);
#8505=CURVE_STYLE('',#36,POSITIVE_LENGTH_MEASURE(2.E-2),#3);
#8506=PRESENTATION_STYLE_ASSIGNMENT((#8505));
#8507=STYLED_ITEM('',(#8506),#8504);
#8508=DIRECTION('',(-1.E0,0.E0,0.E0));
#8509=VECTOR('',#8508,8.725E-1);
#8510=CARTESIAN_POINT('',(-1.1275E0,0.E0,-2.E0));
#8511=LINE('',#8510,#8509);
#8512=CURVE_STYLE('',#36,POSITIVE_LENGTH_MEASURE(2.E-2),#3);
#8513=PRESENTATION_STYLE_ASSIGNMENT((#8512));
#8514=STYLED_ITEM('',(#8513),#8511);
#8515=DIRECTION('',(0.E0,0.E0,1.E0));
#8516=VECTOR('',#8515,8.725E-1);
#8517=CARTESIAN_POINT('',(-2.E0,0.E0,-2.E0));
#8518=LINE('',#8517,#8516);
#8519=CURVE_STYLE('',#36,POSITIVE_LENGTH_MEASURE(2.E-2),#3);
#8520=PRESENTATION_STYLE_ASSIGNMENT((#8519));
#8521=STYLED_ITEM('',(#8520),#8518);
#8522=DIRECTION('',(1.E0,0.E0,0.E0));
#8523=VECTOR('',#8522,5.E-1);
#8524=CARTESIAN_POINT('',(-2.E0,0.E0,-1.1275E0));
#8525=LINE('',#8524,#8523);
#8526=CURVE_STYLE('',#36,POSITIVE_LENGTH_MEASURE(2.E-2),#3);
#8527=PRESENTATION_STYLE_ASSIGNMENT((#8526));
#8528=STYLED_ITEM('',(#8527),#8525);
#8529=CARTESIAN_POINT('',(-1.7075625E0,0.E0,-9.75E-1));
#8530=DIRECTION('',(0.E0,1.E0,0.E0));
#8531=DIRECTION('',(9.998612433722E-1,0.E0,-1.665815122202E-2));
#8532=AXIS2_PLACEMENT_3D('',#8529,#8530,#8531);
#8534=CURVE_STYLE('',#36,POSITIVE_LENGTH_MEASURE(2.E-2),#3);
#8535=PRESENTATION_STYLE_ASSIGNMENT((#8534));
#8536=STYLED_ITEM('',(#8535),#8533);
#8537=CARTESIAN_POINT('',(-1.6015E0,0.E0,-9.76E-1));
#8538=DIRECTION('',(0.E0,1.E0,0.E0));
#8539=DIRECTION('',(1.E0,0.E0,0.E0));
#8540=AXIS2_PLACEMENT_3D('',#8537,#8538,#8539);
#8542=CURVE_STYLE('',#36,POSITIVE_LENGTH_MEASURE(2.E-2),#3);
#8543=PRESENTATION_STYLE_ASSIGNMENT((#8542));
#8544=STYLED_ITEM('',(#8543),#8541);
#8545=DIRECTION('',(0.E0,0.E0,-1.E0));
#8546=VECTOR('',#8545,2.E-3);
#8547=CARTESIAN_POINT('',(-1.45E0,0.E0,-9.74E-1));
#8548=LINE('',#8547,#8546);
#8549=CURVE_STYLE('',#36,POSITIVE_LENGTH_MEASURE(2.E-2),#3);
#8550=PRESENTATION_STYLE_ASSIGNMENT((#8549));
#8551=STYLED_ITEM('',(#8550),#8548);
#8552=CARTESIAN_POINT('',(-1.6015E0,0.E0,-9.74E-1));
#8553=DIRECTION('',(0.E0,1.E0,0.E0));
#8554=DIRECTION('',(9.997641022842E-1,0.E0,2.171957144634E-2));
#8555=AXIS2_PLACEMENT_3D('',#8552,#8553,#8554);
#8557=CURVE_STYLE('',#36,POSITIVE_LENGTH_MEASURE(2.E-2),#3);
#8558=PRESENTATION_STYLE_ASSIGNMENT((#8557));
#8559=STYLED_ITEM('',(#8558),#8556);
#8560=CARTESIAN_POINT('',(-1.7075625E0,0.E0,-9.75E-1));
#8561=DIRECTION('',(0.E0,1.E0,0.E0));
#8562=DIRECTION('',(8.058723610774E-1,0.E0,5.920892987139E-1));
#8563=AXIS2_PLACEMENT_3D('',#8560,#8561,#8562);
#8565=CURVE_STYLE('',#36,POSITIVE_LENGTH_MEASURE(2.E-2),#3);
#8566=PRESENTATION_STYLE_ASSIGNMENT((#8565));
#8567=STYLED_ITEM('',(#8566),#8564);
#8568=DIRECTION('',(0.E0,0.E0,1.E0));
#8569=VECTOR('',#8568,1.8E0);
#8570=CARTESIAN_POINT('',(-1.05E0,0.E0,-7.5E-1));
#8571=LINE('',#8570,#8569);
#8572=CURVE_STYLE('',#36,POSITIVE_LENGTH_MEASURE(2.E-2),#3);
#8573=PRESENTATION_STYLE_ASSIGNMENT((#8572));
#8574=STYLED_ITEM('',(#8573),#8571);
#8575=DIRECTION('',(7.071067811865E-1,0.E0,-7.071067811865E-1));
#8576=VECTOR('',#8575,4.242640687119E-1);
#8577=CARTESIAN_POINT('',(-1.05E0,0.E0,-7.5E-1));
#8578=LINE('',#8577,#8576);
#8579=CURVE_STYLE('',#36,POSITIVE_LENGTH_MEASURE(2.E-2),#3);
#8580=PRESENTATION_STYLE_ASSIGNMENT((#8579));
#8581=STYLED_ITEM('',(#8580),#8578);
#8582=DIRECTION('',(-1.E0,0.E0,0.E0));
#8583=VECTOR('',#8582,1.8E0);
#8584=CARTESIAN_POINT('',(1.05E0,0.E0,-1.05E0));
#8585=LINE('',#8584,#8583);
#8586=CURVE_STYLE('',#36,POSITIVE_LENGTH_MEASURE(2.E-2),#3);
#8587=PRESENTATION_STYLE_ASSIGNMENT((#8586));
#8588=STYLED_ITEM('',(#8587),#8585);
#8589=DIRECTION('',(0.E0,0.E0,-1.E0));
#8590=VECTOR('',#8589,2.1E0);
#8591=CARTESIAN_POINT('',(1.05E0,0.E0,1.05E0));
#8592=LINE('',#8591,#8590);
#8593=CURVE_STYLE('',#36,POSITIVE_LENGTH_MEASURE(2.E-2),#3);
#8594=PRESENTATION_STYLE_ASSIGNMENT((#8593));
#8595=STYLED_ITEM('',(#8594),#8592);
#8596=DIRECTION('',(1.E0,0.E0,0.E0));
#8597=VECTOR('',#8596,2.1E0);
#8598=CARTESIAN_POINT('',(-1.05E0,0.E0,1.05E0));
#8599=LINE('',#8598,#8597);
#8600=CURVE_STYLE('',#36,POSITIVE_LENGTH_MEASURE(2.E-2),#3);
#8601=PRESENTATION_STYLE_ASSIGNMENT((#8600));
#8602=STYLED_ITEM('',(#8601),#8599);
#8603=DIRECTION('',(0.E0,1.E0,0.E0));
#8604=VECTOR('',#8603,7.5E-2);
#8605=CARTESIAN_POINT('',(-1.5E0,0.E0,-8.225E-1));
#8606=LINE('',#8605,#8604);
#8607=CURVE_STYLE('',#36,POSITIVE_LENGTH_MEASURE(2.E-2),#3);
#8608=PRESENTATION_STYLE_ASSIGNMENT((#8607));
#8609=STYLED_ITEM('',(#8608),#8606);
#8610=DIRECTION('',(0.E0,1.E0,-3.552713678801E-14));
#8611=VECTOR('',#8610,7.5E-2);
#8612=CARTESIAN_POINT('',(-1.450035738504E0,0.E0,-9.707094849259E-1));
#8613=LINE('',#8612,#8611);
#8614=CURVE_STYLE('',#36,POSITIVE_LENGTH_MEASURE(2.E-2),#3);
#8615=PRESENTATION_STYLE_ASSIGNMENT((#8614));
#8616=STYLED_ITEM('',(#8615),#8613);
#8617=DIRECTION('',(0.E0,1.E0,0.E0));
#8618=VECTOR('',#8617,7.5E-2);
#8619=CARTESIAN_POINT('',(-1.45E0,0.E0,-9.74E-1));
#8620=LINE('',#8619,#8618);
#8621=CURVE_STYLE('',#36,POSITIVE_LENGTH_MEASURE(2.E-2),#3);
#8622=PRESENTATION_STYLE_ASSIGNMENT((#8621));
#8623=STYLED_ITEM('',(#8622),#8620);
#8624=DIRECTION('',(0.E0,1.E0,-5.921189464668E-14));
#8625=VECTOR('',#8624,7.5E-2);
#8626=CARTESIAN_POINT('',(-1.450035738504E0,0.E0,-9.792905150741E-1));
#8627=LINE('',#8626,#8625);
#8628=CURVE_STYLE('',#36,POSITIVE_LENGTH_MEASURE(2.E-2),#3);
#8629=PRESENTATION_STYLE_ASSIGNMENT((#8628));
#8630=STYLED_ITEM('',(#8629),#8627);
#8631=DIRECTION('',(0.E0,1.E0,0.E0));
#8632=VECTOR('',#8631,7.5E-2);
#8633=CARTESIAN_POINT('',(-1.45E0,0.E0,-9.76E-1));
#8634=LINE('',#8633,#8632);
#8635=CURVE_STYLE('',#36,POSITIVE_LENGTH_MEASURE(2.E-2),#3);
#8636=PRESENTATION_STYLE_ASSIGNMENT((#8635));
#8637=STYLED_ITEM('',(#8636),#8634);
#8638=DIRECTION('',(-1.E0,0.E0,0.E0));
#8639=VECTOR('',#8638,5.E-1);
#8640=CARTESIAN_POINT('',(-1.5E0,7.5E-2,-8.225E-1));
#8641=LINE('',#8640,#8639);
#8642=CURVE_STYLE('',#36,POSITIVE_LENGTH_MEASURE(2.E-2),#3);
#8643=PRESENTATION_STYLE_ASSIGNMENT((#8642));
#8644=STYLED_ITEM('',(#8643),#8641);
#8645=CARTESIAN_POINT('',(-1.7075625E0,7.5E-2,-9.75E-1));
#8646=DIRECTION('',(0.E0,1.E0,0.E0));
#8647=DIRECTION('',(8.058723610774E-1,0.E0,5.920892987139E-1));
#8648=AXIS2_PLACEMENT_3D('',#8645,#8646,#8647);
#8650=CURVE_STYLE('',#36,POSITIVE_LENGTH_MEASURE(2.E-2),#3);
#8651=PRESENTATION_STYLE_ASSIGNMENT((#8650));
#8652=STYLED_ITEM('',(#8651),#8649);
#8653=CARTESIAN_POINT('',(-1.6015E0,7.5E-2,-9.74E-1));
#8654=DIRECTION('',(0.E0,1.E0,0.E0));
#8655=DIRECTION('',(9.997641022842E-1,0.E0,2.171957144629E-2));
#8656=AXIS2_PLACEMENT_3D('',#8653,#8654,#8655);
#8658=CURVE_STYLE('',#36,POSITIVE_LENGTH_MEASURE(2.E-2),#3);
#8659=PRESENTATION_STYLE_ASSIGNMENT((#8658));
#8660=STYLED_ITEM('',(#8659),#8657);
#8661=DIRECTION('',(1.110223024625E-13,0.E0,-1.E0));
#8662=VECTOR('',#8661,2.E-3);
#8663=CARTESIAN_POINT('',(-1.45E0,7.5E-2,-9.74E-1));
#8664=LINE('',#8663,#8662);
#8665=CURVE_STYLE('',#36,POSITIVE_LENGTH_MEASURE(2.E-2),#3);
#8666=PRESENTATION_STYLE_ASSIGNMENT((#8665));
#8667=STYLED_ITEM('',(#8666),#8664);
#8668=CARTESIAN_POINT('',(-1.6015E0,7.5E-2,-9.76E-1));
#8669=DIRECTION('',(0.E0,1.E0,0.E0));
#8670=DIRECTION('',(1.E0,0.E0,0.E0));
#8671=AXIS2_PLACEMENT_3D('',#8668,#8669,#8670);
#8673=CURVE_STYLE('',#36,POSITIVE_LENGTH_MEASURE(2.E-2),#3);
#8674=PRESENTATION_STYLE_ASSIGNMENT((#8673));
#8675=STYLED_ITEM('',(#8674),#8672);
#8676=CARTESIAN_POINT('',(-1.7075625E0,7.5E-2,-9.75E-1));
#8677=DIRECTION('',(0.E0,1.E0,0.E0));
#8678=DIRECTION('',(9.998612433722E-1,0.E0,-1.665815122207E-2));
#8679=AXIS2_PLACEMENT_3D('',#8676,#8677,#8678);
#8681=CURVE_STYLE('',#36,POSITIVE_LENGTH_MEASURE(2.E-2),#3);
#8682=PRESENTATION_STYLE_ASSIGNMENT((#8681));
#8683=STYLED_ITEM('',(#8682),#8680);
#8684=DIRECTION('',(1.E0,0.E0,0.E0));
#8685=VECTOR('',#8684,5.E-1);
#8686=CARTESIAN_POINT('',(-2.E0,7.5E-2,-1.1275E0));
#8687=LINE('',#8686,#8685);
#8688=CURVE_STYLE('',#36,POSITIVE_LENGTH_MEASURE(2.E-2),#3);
#8689=PRESENTATION_STYLE_ASSIGNMENT((#8688));
#8690=STYLED_ITEM('',(#8689),#8687);
#8691=DIRECTION('',(0.E0,0.E0,-1.E0));
#8692=VECTOR('',#8691,3.05E-1);
#8693=CARTESIAN_POINT('',(-2.E0,7.5E-2,-8.225E-1));
#8694=LINE('',#8693,#8692);
#8695=CURVE_STYLE('',#36,POSITIVE_LENGTH_MEASURE(2.E-2),#3);
#8696=PRESENTATION_STYLE_ASSIGNMENT((#8695));
#8697=STYLED_ITEM('',(#8696),#8694);
#8698=DIRECTION('',(0.E0,1.E0,0.E0));
#8699=VECTOR('',#8698,7.5E-2);
#8700=CARTESIAN_POINT('',(-2.E0,0.E0,-1.1275E0));
#8701=LINE('',#8700,#8699);
#8702=CURVE_STYLE('',#36,POSITIVE_LENGTH_MEASURE(2.E-2),#3);
#8703=PRESENTATION_STYLE_ASSIGNMENT((#8702));
#8704=STYLED_ITEM('',(#8703),#8701);
#8705=DIRECTION('',(0.E0,1.E0,0.E0));
#8706=VECTOR('',#8705,9.75E-1);
#8707=CARTESIAN_POINT('',(-2.E0,0.E0,-2.E0));
#8708=LINE('',#8707,#8706);
#8709=CURVE_STYLE('',#36,POSITIVE_LENGTH_MEASURE(2.E-2),#3);
#8710=PRESENTATION_STYLE_ASSIGNMENT((#8709));
#8711=STYLED_ITEM('',(#8710),#8708);
#8712=DIRECTION('',(0.E0,1.E0,0.E0));
#8713=VECTOR('',#8712,7.5E-2);
#8714=CARTESIAN_POINT('',(-2.E0,0.E0,1.1275E0));
#8715=LINE('',#8714,#8713);
#8716=CURVE_STYLE('',#36,POSITIVE_LENGTH_MEASURE(2.E-2),#3);
#8717=PRESENTATION_STYLE_ASSIGNMENT((#8716));
#8718=STYLED_ITEM('',(#8717),#8715);
#8719=DIRECTION('',(0.E0,0.E0,-1.E0));
#8720=VECTOR('',#8719,3.05E-1);
#8721=CARTESIAN_POINT('',(-2.E0,7.5E-2,1.1275E0));
#8722=LINE('',#8721,#8720);
#8723=CURVE_STYLE('',#36,POSITIVE_LENGTH_MEASURE(2.E-2),#3);
#8724=PRESENTATION_STYLE_ASSIGNMENT((#8723));
#8725=STYLED_ITEM('',(#8724),#8722);
#8726=DIRECTION('',(0.E0,1.E0,0.E0));
#8727=VECTOR('',#8726,7.5E-2);
#8728=CARTESIAN_POINT('',(-2.E0,0.E0,8.225E-1));
#8729=LINE('',#8728,#8727);
#8730=CURVE_STYLE('',#36,POSITIVE_LENGTH_MEASURE(2.E-2),#3);
#8731=PRESENTATION_STYLE_ASSIGNMENT((#8730));
#8732=STYLED_ITEM('',(#8731),#8729);
#8733=DIRECTION('',(0.E0,1.E0,0.E0));
#8734=VECTOR('',#8733,7.5E-2);
#8735=CARTESIAN_POINT('',(-2.E0,0.E0,4.775E-1));
#8736=LINE('',#8735,#8734);
#8737=CURVE_STYLE('',#36,POSITIVE_LENGTH_MEASURE(2.E-2),#3);
#8738=PRESENTATION_STYLE_ASSIGNMENT((#8737));
#8739=STYLED_ITEM('',(#8738),#8736);
#8740=DIRECTION('',(0.E0,0.E0,-1.E0));
#8741=VECTOR('',#8740,3.05E-1);
#8742=CARTESIAN_POINT('',(-2.E0,7.5E-2,4.775E-1));
#8743=LINE('',#8742,#8741);
#8744=CURVE_STYLE('',#36,POSITIVE_LENGTH_MEASURE(2.E-2),#3);
#8745=PRESENTATION_STYLE_ASSIGNMENT((#8744));
#8746=STYLED_ITEM('',(#8745),#8743);
#8747=DIRECTION('',(0.E0,1.E0,0.E0));
#8748=VECTOR('',#8747,7.5E-2);
#8749=CARTESIAN_POINT('',(-2.E0,0.E0,1.725E-1));
#8750=LINE('',#8749,#8748);
#8751=CURVE_STYLE('',#36,POSITIVE_LENGTH_MEASURE(2.E-2),#3);
#8752=PRESENTATION_STYLE_ASSIGNMENT((#8751));
#8753=STYLED_ITEM('',(#8752),#8750);
#8754=DIRECTION('',(0.E0,1.E0,0.E0));
#8755=VECTOR('',#8754,7.5E-2);
#8756=CARTESIAN_POINT('',(-2.E0,0.E0,-1.725E-1));
#8757=LINE('',#8756,#8755);
#8758=CURVE_STYLE('',#36,POSITIVE_LENGTH_MEASURE(2.E-2),#3);
#8759=PRESENTATION_STYLE_ASSIGNMENT((#8758));
#8760=STYLED_ITEM('',(#8759),#8757);
#8761=DIRECTION('',(0.E0,0.E0,-1.E0));
#8762=VECTOR('',#8761,3.05E-1);
#8763=CARTESIAN_POINT('',(-2.E0,7.5E-2,-1.725E-1));
#8764=LINE('',#8763,#8762);
#8765=CURVE_STYLE('',#36,POSITIVE_LENGTH_MEASURE(2.E-2),#3);
#8766=PRESENTATION_STYLE_ASSIGNMENT((#8765));
#8767=STYLED_ITEM('',(#8766),#8764);
#8768=DIRECTION('',(0.E0,1.E0,0.E0));
#8769=VECTOR('',#8768,7.5E-2);
#8770=CARTESIAN_POINT('',(-2.E0,0.E0,-4.775E-1));
#8771=LINE('',#8770,#8769);
#8772=CURVE_STYLE('',#36,POSITIVE_LENGTH_MEASURE(2.E-2),#3);
#8773=PRESENTATION_STYLE_ASSIGNMENT((#8772));
#8774=STYLED_ITEM('',(#8773),#8771);
#8775=DIRECTION('',(0.E0,1.E0,0.E0));
#8776=VECTOR('',#8775,7.5E-2);
#8777=CARTESIAN_POINT('',(-2.E0,0.E0,-8.225E-1));
#8778=LINE('',#8777,#8776);
#8779=CURVE_STYLE('',#36,POSITIVE_LENGTH_MEASURE(2.E-2),#3);
#8780=PRESENTATION_STYLE_ASSIGNMENT((#8779));
#8781=STYLED_ITEM('',(#8780),#8778);
#8782=DIRECTION('',(0.E0,0.E0,1.E0));
#8783=VECTOR('',#8782,1.5E-1);
#8784=CARTESIAN_POINT('',(-2.E0,7.5E-2,-1.875E0));
#8785=LINE('',#8784,#8783);
#8786=CURVE_STYLE('',#36,POSITIVE_LENGTH_MEASURE(2.E-2),#3);
#8787=PRESENTATION_STYLE_ASSIGNMENT((#8786));
#8788=STYLED_ITEM('',(#8787),#8785);
#8789=DIRECTION('',(0.E0,1.E0,0.E0));
#8790=VECTOR('',#8789,1.E-1);
#8791=CARTESIAN_POINT('',(-2.E0,7.5E-2,-1.725E0));
#8792=LINE('',#8791,#8790);
#8793=CURVE_STYLE('',#36,POSITIVE_LENGTH_MEASURE(2.E-2),#3);
#8794=PRESENTATION_STYLE_ASSIGNMENT((#8793));
#8795=STYLED_ITEM('',(#8794),#8792);
#8796=DIRECTION('',(0.E0,0.E0,1.E0));
#8797=VECTOR('',#8796,1.5E-1);
#8798=CARTESIAN_POINT('',(-2.E0,1.75E-1,-1.875E0));
#8799=LINE('',#8798,#8797);
#8800=CURVE_STYLE('',#36,POSITIVE_LENGTH_MEASURE(2.E-2),#3);
#8801=PRESENTATION_STYLE_ASSIGNMENT((#8800));
#8802=STYLED_ITEM('',(#8801),#8799);
#8803=DIRECTION('',(0.E0,1.E0,0.E0));
#8804=VECTOR('',#8803,1.E-1);
#8805=CARTESIAN_POINT('',(-2.E0,7.5E-2,-1.875E0));
#8806=LINE('',#8805,#8804);
#8807=CURVE_STYLE('',#36,POSITIVE_LENGTH_MEASURE(2.E-2),#3);
#8808=PRESENTATION_STYLE_ASSIGNMENT((#8807));
#8809=STYLED_ITEM('',(#8808),#8806);
#8810=DIRECTION('',(0.E0,0.E0,1.E0));
#8811=VECTOR('',#8810,1.5E-1);
#8812=CARTESIAN_POINT('',(-2.E0,7.5E-2,1.725E0));
#8813=LINE('',#8812,#8811);
#8814=CURVE_STYLE('',#36,POSITIVE_LENGTH_MEASURE(2.E-2),#3);
#8815=PRESENTATION_STYLE_ASSIGNMENT((#8814));
#8816=STYLED_ITEM('',(#8815),#8813);
#8817=DIRECTION('',(0.E0,1.E0,0.E0));
#8818=VECTOR('',#8817,1.E-1);
#8819=CARTESIAN_POINT('',(-2.E0,7.5E-2,1.875E0));
#8820=LINE('',#8819,#8818);
#8821=CURVE_STYLE('',#36,POSITIVE_LENGTH_MEASURE(2.E-2),#3);
#8822=PRESENTATION_STYLE_ASSIGNMENT((#8821));
#8823=STYLED_ITEM('',(#8822),#8820);
#8824=DIRECTION('',(0.E0,0.E0,1.E0));
#8825=VECTOR('',#8824,1.5E-1);
#8826=CARTESIAN_POINT('',(-2.E0,1.75E-1,1.725E0));
#8827=LINE('',#8826,#8825);
#8828=CURVE_STYLE('',#36,POSITIVE_LENGTH_MEASURE(2.E-2),#3);
#8829=PRESENTATION_STYLE_ASSIGNMENT((#8828));
#8830=STYLED_ITEM('',(#8829),#8827);
#8831=DIRECTION('',(0.E0,1.E0,0.E0));
#8832=VECTOR('',#8831,1.E-1);
#8833=CARTESIAN_POINT('',(-2.E0,7.5E-2,1.725E0));
#8834=LINE('',#8833,#8832);
#8835=CURVE_STYLE('',#36,POSITIVE_LENGTH_MEASURE(2.E-2),#3);
#8836=PRESENTATION_STYLE_ASSIGNMENT((#8835));
#8837=STYLED_ITEM('',(#8836),#8834);
#8838=DIRECTION('',(0.E0,1.E0,0.E0));
#8839=VECTOR('',#8838,7.5E-2);
#8840=CARTESIAN_POINT('',(-1.5E0,0.E0,-1.1275E0));
#8841=LINE('',#8840,#8839);
#8842=CURVE_STYLE('',#36,POSITIVE_LENGTH_MEASURE(2.E-2),#3);
#8843=PRESENTATION_STYLE_ASSIGNMENT((#8842));
#8844=STYLED_ITEM('',(#8843),#8841);
#8845=DIRECTION('',(0.E0,1.E0,0.E0));
#8846=VECTOR('',#8845,7.5E-2);
#8847=CARTESIAN_POINT('',(-1.1275E0,0.E0,-2.E0));
#8848=LINE('',#8847,#8846);
#8849=CURVE_STYLE('',#36,POSITIVE_LENGTH_MEASURE(2.E-2),#3);
#8850=PRESENTATION_STYLE_ASSIGNMENT((#8849));
#8851=STYLED_ITEM('',(#8850),#8848);
#8852=DIRECTION('',(1.E0,0.E0,0.E0));
#8853=VECTOR('',#8852,3.05E-1);
#8854=CARTESIAN_POINT('',(-1.1275E0,7.5E-2,-2.E0));
#8855=LINE('',#8854,#8853);
#8856=CURVE_STYLE('',#36,POSITIVE_LENGTH_MEASURE(2.E-2),#3);
#8857=PRESENTATION_STYLE_ASSIGNMENT((#8856));
#8858=STYLED_ITEM('',(#8857),#8855);
#8859=DIRECTION('',(0.E0,1.E0,0.E0));
#8860=VECTOR('',#8859,7.5E-2);
#8861=CARTESIAN_POINT('',(-8.225E-1,0.E0,-2.E0));
#8862=LINE('',#8861,#8860);
#8863=CURVE_STYLE('',#36,POSITIVE_LENGTH_MEASURE(2.E-2),#3);
#8864=PRESENTATION_STYLE_ASSIGNMENT((#8863));
#8865=STYLED_ITEM('',(#8864),#8862);
#8866=DIRECTION('',(0.E0,1.E0,0.E0));
#8867=VECTOR('',#8866,7.5E-2);
#8868=CARTESIAN_POINT('',(-4.775E-1,0.E0,-2.E0));
#8869=LINE('',#8868,#8867);
#8870=CURVE_STYLE('',#36,POSITIVE_LENGTH_MEASURE(2.E-2),#3);
#8871=PRESENTATION_STYLE_ASSIGNMENT((#8870));
#8872=STYLED_ITEM('',(#8871),#8869);
#8873=DIRECTION('',(1.E0,0.E0,0.E0));
#8874=VECTOR('',#8873,3.05E-1);
#8875=CARTESIAN_POINT('',(-4.775E-1,7.5E-2,-2.E0));
#8876=LINE('',#8875,#8874);
#8877=CURVE_STYLE('',#36,POSITIVE_LENGTH_MEASURE(2.E-2),#3);
#8878=PRESENTATION_STYLE_ASSIGNMENT((#8877));
#8879=STYLED_ITEM('',(#8878),#8876);
#8880=DIRECTION('',(0.E0,1.E0,0.E0));
#8881=VECTOR('',#8880,7.5E-2);
#8882=CARTESIAN_POINT('',(-1.725E-1,0.E0,-2.E0));
#8883=LINE('',#8882,#8881);
#8884=CURVE_STYLE('',#36,POSITIVE_LENGTH_MEASURE(2.E-2),#3);
#8885=PRESENTATION_STYLE_ASSIGNMENT((#8884));
#8886=STYLED_ITEM('',(#8885),#8883);
#8887=DIRECTION('',(0.E0,1.E0,0.E0));
#8888=VECTOR('',#8887,7.5E-2);
#8889=CARTESIAN_POINT('',(1.725E-1,0.E0,-2.E0));
#8890=LINE('',#8889,#8888);
#8891=CURVE_STYLE('',#36,POSITIVE_LENGTH_MEASURE(2.E-2),#3);
#8892=PRESENTATION_STYLE_ASSIGNMENT((#8891));
#8893=STYLED_ITEM('',(#8892),#8890);
#8894=DIRECTION('',(1.E0,0.E0,0.E0));
#8895=VECTOR('',#8894,3.05E-1);
#8896=CARTESIAN_POINT('',(1.725E-1,7.5E-2,-2.E0));
#8897=LINE('',#8896,#8895);
#8898=CURVE_STYLE('',#36,POSITIVE_LENGTH_MEASURE(2.E-2),#3);
#8899=PRESENTATION_STYLE_ASSIGNMENT((#8898));
#8900=STYLED_ITEM('',(#8899),#8897);
#8901=DIRECTION('',(0.E0,1.E0,0.E0));
#8902=VECTOR('',#8901,7.5E-2);
#8903=CARTESIAN_POINT('',(4.775E-1,0.E0,-2.E0));
#8904=LINE('',#8903,#8902);
#8905=CURVE_STYLE('',#36,POSITIVE_LENGTH_MEASURE(2.E-2),#3);
#8906=PRESENTATION_STYLE_ASSIGNMENT((#8905));
#8907=STYLED_ITEM('',(#8906),#8904);
#8908=DIRECTION('',(0.E0,1.E0,0.E0));
#8909=VECTOR('',#8908,7.5E-2);
#8910=CARTESIAN_POINT('',(8.225E-1,0.E0,-2.E0));
#8911=LINE('',#8910,#8909);
#8912=CURVE_STYLE('',#36,POSITIVE_LENGTH_MEASURE(2.E-2),#3);
#8913=PRESENTATION_STYLE_ASSIGNMENT((#8912));
#8914=STYLED_ITEM('',(#8913),#8911);
#8915=DIRECTION('',(1.E0,0.E0,0.E0));
#8916=VECTOR('',#8915,3.05E-1);
#8917=CARTESIAN_POINT('',(8.225E-1,7.5E-2,-2.E0));
#8918=LINE('',#8917,#8916);
#8919=CURVE_STYLE('',#36,POSITIVE_LENGTH_MEASURE(2.E-2),#3);
#8920=PRESENTATION_STYLE_ASSIGNMENT((#8919));
#8921=STYLED_ITEM('',(#8920),#8918);
#8922=DIRECTION('',(0.E0,1.E0,0.E0));
#8923=VECTOR('',#8922,7.5E-2);
#8924=CARTESIAN_POINT('',(1.1275E0,0.E0,-2.E0));
#8925=LINE('',#8924,#8923);
#8926=CURVE_STYLE('',#36,POSITIVE_LENGTH_MEASURE(2.E-2),#3);
#8927=PRESENTATION_STYLE_ASSIGNMENT((#8926));
#8928=STYLED_ITEM('',(#8927),#8925);
#8929=DIRECTION('',(0.E0,1.E0,0.E0));
#8930=VECTOR('',#8929,9.75E-1);
#8931=CARTESIAN_POINT('',(2.E0,0.E0,-2.E0));
#8932=LINE('',#8931,#8930);
#8933=CURVE_STYLE('',#36,POSITIVE_LENGTH_MEASURE(2.E-2),#3);
#8934=PRESENTATION_STYLE_ASSIGNMENT((#8933));
#8935=STYLED_ITEM('',(#8934),#8932);
#8936=DIRECTION('',(-1.E0,0.E0,0.E0));
#8937=VECTOR('',#8936,1.5E-1);
#8938=CARTESIAN_POINT('',(1.875E0,7.5E-2,-2.E0));
#8939=LINE('',#8938,#8937);
#8940=CURVE_STYLE('',#36,POSITIVE_LENGTH_MEASURE(2.E-2),#3);
#8941=PRESENTATION_STYLE_ASSIGNMENT((#8940));
#8942=STYLED_ITEM('',(#8941),#8939);
#8943=DIRECTION('',(0.E0,1.E0,0.E0));
#8944=VECTOR('',#8943,1.E-1);
#8945=CARTESIAN_POINT('',(1.725E0,7.5E-2,-2.E0));
#8946=LINE('',#8945,#8944);
#8947=CURVE_STYLE('',#36,POSITIVE_LENGTH_MEASURE(2.E-2),#3);
#8948=PRESENTATION_STYLE_ASSIGNMENT((#8947));
#8949=STYLED_ITEM('',(#8948),#8946);
#8950=DIRECTION('',(-1.E0,0.E0,0.E0));
#8951=VECTOR('',#8950,1.5E-1);
#8952=CARTESIAN_POINT('',(1.875E0,1.75E-1,-2.E0));
#8953=LINE('',#8952,#8951);
#8954=CURVE_STYLE('',#36,POSITIVE_LENGTH_MEASURE(2.E-2),#3);
#8955=PRESENTATION_STYLE_ASSIGNMENT((#8954));
#8956=STYLED_ITEM('',(#8955),#8953);
#8957=DIRECTION('',(0.E0,1.E0,0.E0));
#8958=VECTOR('',#8957,1.E-1);
#8959=CARTESIAN_POINT('',(1.875E0,7.5E-2,-2.E0));
#8960=LINE('',#8959,#8958);
#8961=CURVE_STYLE('',#36,POSITIVE_LENGTH_MEASURE(2.E-2),#3);
#8962=PRESENTATION_STYLE_ASSIGNMENT((#8961));
#8963=STYLED_ITEM('',(#8962),#8960);
#8964=DIRECTION('',(-1.E0,0.E0,0.E0));
#8965=VECTOR('',#8964,1.5E-1);
#8966=CARTESIAN_POINT('',(-1.725E0,7.5E-2,-2.E0));
#8967=LINE('',#8966,#8965);
#8968=CURVE_STYLE('',#36,POSITIVE_LENGTH_MEASURE(2.E-2),#3);
#8969=PRESENTATION_STYLE_ASSIGNMENT((#8968));
#8970=STYLED_ITEM('',(#8969),#8967);
#8971=DIRECTION('',(0.E0,1.E0,0.E0));
#8972=VECTOR('',#8971,1.E-1);
#8973=CARTESIAN_POINT('',(-1.875E0,7.5E-2,-2.E0));
#8974=LINE('',#8973,#8972);
#8975=CURVE_STYLE('',#36,POSITIVE_LENGTH_MEASURE(2.E-2),#3);
#8976=PRESENTATION_STYLE_ASSIGNMENT((#8975));
#8977=STYLED_ITEM('',(#8976),#8974);
#8978=DIRECTION('',(-1.E0,0.E0,0.E0));
#8979=VECTOR('',#8978,1.5E-1);
#8980=CARTESIAN_POINT('',(-1.725E0,1.75E-1,-2.E0));
#8981=LINE('',#8980,#8979);
#8982=CURVE_STYLE('',#36,POSITIVE_LENGTH_MEASURE(2.E-2),#3);
#8983=PRESENTATION_STYLE_ASSIGNMENT((#8982));
#8984=STYLED_ITEM('',(#8983),#8981);
#8985=DIRECTION('',(0.E0,1.E0,0.E0));
#8986=VECTOR('',#8985,1.E-1);
#8987=CARTESIAN_POINT('',(-1.725E0,7.5E-2,-2.E0));
#8988=LINE('',#8987,#8986);
#8989=CURVE_STYLE('',#36,POSITIVE_LENGTH_MEASURE(2.E-2),#3);
#8990=PRESENTATION_STYLE_ASSIGNMENT((#8989));
#8991=STYLED_ITEM('',(#8990),#8988);
#8992=DIRECTION('',(0.E0,1.E0,0.E0));
#8993=VECTOR('',#8992,7.5E-2);
#8994=CARTESIAN_POINT('',(-1.1275E0,0.E0,-1.5E0));
#8995=LINE('',#8994,#8993);
#8996=CURVE_STYLE('',#36,POSITIVE_LENGTH_MEASURE(2.E-2),#3);
#8997=PRESENTATION_STYLE_ASSIGNMENT((#8996));
#8998=STYLED_ITEM('',(#8997),#8995);
#8999=DIRECTION('',(-8.289665250535E-14,1.E0,0.E0));
#9000=VECTOR('',#8999,7.5E-2);
#9001=CARTESIAN_POINT('',(-9.792905150741E-1,0.E0,-1.450035738504E0));
#9002=LINE('',#9001,#9000);
#9003=CURVE_STYLE('',#36,POSITIVE_LENGTH_MEASURE(2.E-2),#3);
#9004=PRESENTATION_STYLE_ASSIGNMENT((#9003));
#9005=STYLED_ITEM('',(#9004),#9002);
#9006=DIRECTION('',(0.E0,1.E0,0.E0));
#9007=VECTOR('',#9006,7.5E-2);
#9008=CARTESIAN_POINT('',(-9.76E-1,0.E0,-1.45E0));
#9009=LINE('',#9008,#9007);
#9010=CURVE_STYLE('',#36,POSITIVE_LENGTH_MEASURE(2.E-2),#3);
#9011=PRESENTATION_STYLE_ASSIGNMENT((#9010));
#9012=STYLED_ITEM('',(#9011),#9009);
#9013=DIRECTION('',(7.105427357601E-14,1.E0,0.E0));
#9014=VECTOR('',#9013,7.5E-2);
#9015=CARTESIAN_POINT('',(-9.707094849259E-1,0.E0,-1.450035738504E0));
#9016=LINE('',#9015,#9014);
#9017=CURVE_STYLE('',#36,POSITIVE_LENGTH_MEASURE(2.E-2),#3);
#9018=PRESENTATION_STYLE_ASSIGNMENT((#9017));
#9019=STYLED_ITEM('',(#9018),#9016);
#9020=DIRECTION('',(0.E0,1.E0,0.E0));
#9021=VECTOR('',#9020,7.5E-2);
#9022=CARTESIAN_POINT('',(-9.74E-1,0.E0,-1.45E0));
#9023=LINE('',#9022,#9021);
#9024=CURVE_STYLE('',#36,POSITIVE_LENGTH_MEASURE(2.E-2),#3);
#9025=PRESENTATION_STYLE_ASSIGNMENT((#9024));
#9026=STYLED_ITEM('',(#9025),#9023);
#9027=DIRECTION('',(0.E0,0.E0,-1.E0));
#9028=VECTOR('',#9027,5.E-1);
#9029=CARTESIAN_POINT('',(-1.1275E0,7.5E-2,-1.5E0));
#9030=LINE('',#9029,#9028);
#9031=CURVE_STYLE('',#36,POSITIVE_LENGTH_MEASURE(2.E-2),#3);
#9032=PRESENTATION_STYLE_ASSIGNMENT((#9031));
#9033=STYLED_ITEM('',(#9032),#9030);
#9034=CARTESIAN_POINT('',(-9.75E-1,7.5E-2,-1.7075625E0));
#9035=DIRECTION('',(0.E0,1.E0,0.E0));
#9036=DIRECTION('',(-5.920892987139E-1,0.E0,8.058723610774E-1));
#9037=AXIS2_PLACEMENT_3D('',#9034,#9035,#9036);
#9039=CURVE_STYLE('',#36,POSITIVE_LENGTH_MEASURE(2.E-2),#3);
#9040=PRESENTATION_STYLE_ASSIGNMENT((#9039));
#9041=STYLED_ITEM('',(#9040),#9038);
#9042=CARTESIAN_POINT('',(-9.76E-1,7.5E-2,-1.6015E0));
#9043=DIRECTION('',(0.E0,1.E0,0.E0));
#9044=DIRECTION('',(-2.171957144617E-2,0.E0,9.997641022842E-1));
#9045=AXIS2_PLACEMENT_3D('',#9042,#9043,#9044);
#9047=CURVE_STYLE('',#36,POSITIVE_LENGTH_MEASURE(2.E-2),#3);
#9048=PRESENTATION_STYLE_ASSIGNMENT((#9047));
#9049=STYLED_ITEM('',(#9048),#9046);
#9050=DIRECTION('',(1.E0,0.E0,1.110223024625E-13));
#9051=VECTOR('',#9050,2.E-3);
#9052=CARTESIAN_POINT('',(-9.76E-1,7.5E-2,-1.45E0));
#9053=LINE('',#9052,#9051);
#9054=CURVE_STYLE('',#36,POSITIVE_LENGTH_MEASURE(2.E-2),#3);
#9055=PRESENTATION_STYLE_ASSIGNMENT((#9054));
#9056=STYLED_ITEM('',(#9055),#9053);
#9057=CARTESIAN_POINT('',(-9.74E-1,7.5E-2,-1.6015E0));
#9058=DIRECTION('',(0.E0,1.E0,0.E0));
#9059=DIRECTION('',(0.E0,0.E0,1.E0));
#9060=AXIS2_PLACEMENT_3D('',#9057,#9058,#9059);
#9062=CURVE_STYLE('',#36,POSITIVE_LENGTH_MEASURE(2.E-2),#3);
#9063=PRESENTATION_STYLE_ASSIGNMENT((#9062));
#9064=STYLED_ITEM('',(#9063),#9061);
#9065=CARTESIAN_POINT('',(-9.75E-1,7.5E-2,-1.7075625E0));
#9066=DIRECTION('',(0.E0,1.E0,0.E0));
#9067=DIRECTION('',(1.665815122191E-2,0.E0,9.998612433722E-1));
#9068=AXIS2_PLACEMENT_3D('',#9065,#9066,#9067);
#9070=CURVE_STYLE('',#36,POSITIVE_LENGTH_MEASURE(2.E-2),#3);
#9071=PRESENTATION_STYLE_ASSIGNMENT((#9070));
#9072=STYLED_ITEM('',(#9071),#9069);
#9073=DIRECTION('',(0.E0,0.E0,1.E0));
#9074=VECTOR('',#9073,5.E-1);
#9075=CARTESIAN_POINT('',(-8.225E-1,7.5E-2,-2.E0));
#9076=LINE('',#9075,#9074);
#9077=CURVE_STYLE('',#36,POSITIVE_LENGTH_MEASURE(2.E-2),#3);
#9078=PRESENTATION_STYLE_ASSIGNMENT((#9077));
#9079=STYLED_ITEM('',(#9078),#9076);
#9080=DIRECTION('',(0.E0,1.E0,0.E0));
#9081=VECTOR('',#9080,7.5E-2);
#9082=CARTESIAN_POINT('',(-8.225E-1,0.E0,-1.5E0));
#9083=LINE('',#9082,#9081);
#9084=CURVE_STYLE('',#36,POSITIVE_LENGTH_MEASURE(2.E-2),#3);
#9085=PRESENTATION_STYLE_ASSIGNMENT((#9084));
#9086=STYLED_ITEM('',(#9085),#9083);
#9087=DIRECTION('',(0.E0,1.E0,0.E0));
#9088=VECTOR('',#9087,7.5E-2);
#9089=CARTESIAN_POINT('',(-4.775E-1,0.E0,-1.5E0));
#9090=LINE('',#9089,#9088);
#9091=CURVE_STYLE('',#36,POSITIVE_LENGTH_MEASURE(2.E-2),#3);
#9092=PRESENTATION_STYLE_ASSIGNMENT((#9091));
#9093=STYLED_ITEM('',(#9092),#9090);
#9094=DIRECTION('',(-5.995204332976E-14,1.E0,0.E0));
#9095=VECTOR('',#9094,7.5E-2);
#9096=CARTESIAN_POINT('',(-3.292905150741E-1,0.E0,-1.450035738504E0));
#9097=LINE('',#9096,#9095);
#9098=CURVE_STYLE('',#36,POSITIVE_LENGTH_MEASURE(2.E-2),#3);
#9099=PRESENTATION_STYLE_ASSIGNMENT((#9098));
#9100=STYLED_ITEM('',(#9099),#9097);
#9101=DIRECTION('',(0.E0,1.E0,0.E0));
#9102=VECTOR('',#9101,7.5E-2);
#9103=CARTESIAN_POINT('',(-3.26E-1,0.E0,-1.45E0));
#9104=LINE('',#9103,#9102);
#9105=CURVE_STYLE('',#36,POSITIVE_LENGTH_MEASURE(2.E-2),#3);
#9106=PRESENTATION_STYLE_ASSIGNMENT((#9105));
#9107=STYLED_ITEM('',(#9106),#9104);
#9108=DIRECTION('',(5.107025913276E-14,1.E0,0.E0));
#9109=VECTOR('',#9108,7.5E-2);
#9110=CARTESIAN_POINT('',(-3.207094849259E-1,0.E0,-1.450035738504E0));
#9111=LINE('',#9110,#9109);
#9112=CURVE_STYLE('',#36,POSITIVE_LENGTH_MEASURE(2.E-2),#3);
#9113=PRESENTATION_STYLE_ASSIGNMENT((#9112));
#9114=STYLED_ITEM('',(#9113),#9111);
#9115=DIRECTION('',(0.E0,1.E0,0.E0));
#9116=VECTOR('',#9115,7.5E-2);
#9117=CARTESIAN_POINT('',(-3.24E-1,0.E0,-1.45E0));
#9118=LINE('',#9117,#9116);
#9119=CURVE_STYLE('',#36,POSITIVE_LENGTH_MEASURE(2.E-2),#3);
#9120=PRESENTATION_STYLE_ASSIGNMENT((#9119));
#9121=STYLED_ITEM('',(#9120),#9118);
#9122=DIRECTION('',(0.E0,0.E0,-1.E0));
#9123=VECTOR('',#9122,5.E-1);
#9124=CARTESIAN_POINT('',(-4.775E-1,7.5E-2,-1.5E0));
#9125=LINE('',#9124,#9123);
#9126=CURVE_STYLE('',#36,POSITIVE_LENGTH_MEASURE(2.E-2),#3);
#9127=PRESENTATION_STYLE_ASSIGNMENT((#9126));
#9128=STYLED_ITEM('',(#9127),#9125);
#9129=CARTESIAN_POINT('',(-3.25E-1,7.5E-2,-1.7075625E0));
#9130=DIRECTION('',(0.E0,1.E0,0.E0));
#9131=DIRECTION('',(-5.920892987139E-1,0.E0,8.058723610774E-1));
#9132=AXIS2_PLACEMENT_3D('',#9129,#9130,#9131);
#9134=CURVE_STYLE('',#36,POSITIVE_LENGTH_MEASURE(2.E-2),#3);
#9135=PRESENTATION_STYLE_ASSIGNMENT((#9134));
#9136=STYLED_ITEM('',(#9135),#9133);
#9137=CARTESIAN_POINT('',(-3.26E-1,7.5E-2,-1.6015E0));
#9138=DIRECTION('',(0.E0,1.E0,0.E0));
#9139=DIRECTION('',(-2.171957144644E-2,0.E0,9.997641022842E-1));
#9140=AXIS2_PLACEMENT_3D('',#9137,#9138,#9139);
#9142=CURVE_STYLE('',#36,POSITIVE_LENGTH_MEASURE(2.E-2),#3);
#9143=PRESENTATION_STYLE_ASSIGNMENT((#9142));
#9144=STYLED_ITEM('',(#9143),#9141);
#9145=DIRECTION('',(1.E0,0.E0,1.110223024625E-13));
#9146=VECTOR('',#9145,2.E-3);
#9147=CARTESIAN_POINT('',(-3.26E-1,7.5E-2,-1.45E0));
#9148=LINE('',#9147,#9146);
#9149=CURVE_STYLE('',#36,POSITIVE_LENGTH_MEASURE(2.E-2),#3);
#9150=PRESENTATION_STYLE_ASSIGNMENT((#9149));
#9151=STYLED_ITEM('',(#9150),#9148);
#9152=CARTESIAN_POINT('',(-3.24E-1,7.5E-2,-1.6015E0));
#9153=DIRECTION('',(0.E0,1.E0,0.E0));
#9154=DIRECTION('',(0.E0,0.E0,1.E0));
#9155=AXIS2_PLACEMENT_3D('',#9152,#9153,#9154);
#9157=CURVE_STYLE('',#36,POSITIVE_LENGTH_MEASURE(2.E-2),#3);
#9158=PRESENTATION_STYLE_ASSIGNMENT((#9157));
#9159=STYLED_ITEM('',(#9158),#9156);
#9160=CARTESIAN_POINT('',(-3.25E-1,7.5E-2,-1.7075625E0));
#9161=DIRECTION('',(0.E0,1.E0,0.E0));
#9162=DIRECTION('',(1.665815122207E-2,0.E0,9.998612433722E-1));
#9163=AXIS2_PLACEMENT_3D('',#9160,#9161,#9162);
#9165=CURVE_STYLE('',#36,POSITIVE_LENGTH_MEASURE(2.E-2),#3);
#9166=PRESENTATION_STYLE_ASSIGNMENT((#9165));
#9167=STYLED_ITEM('',(#9166),#9164);
#9168=DIRECTION('',(0.E0,0.E0,1.E0));
#9169=VECTOR('',#9168,5.E-1);
#9170=CARTESIAN_POINT('',(-1.725E-1,7.5E-2,-2.E0));
#9171=LINE('',#9170,#9169);
#9172=CURVE_STYLE('',#36,POSITIVE_LENGTH_MEASURE(2.E-2),#3);
#9173=PRESENTATION_STYLE_ASSIGNMENT((#9172));
#9174=STYLED_ITEM('',(#9173),#9171);
#9175=DIRECTION('',(0.E0,1.E0,0.E0));
#9176=VECTOR('',#9175,7.5E-2);
#9177=CARTESIAN_POINT('',(-1.725E-1,0.E0,-1.5E0));
#9178=LINE('',#9177,#9176);
#9179=CURVE_STYLE('',#36,POSITIVE_LENGTH_MEASURE(2.E-2),#3);
#9180=PRESENTATION_STYLE_ASSIGNMENT((#9179));
#9181=STYLED_ITEM('',(#9180),#9178);
#9182=DIRECTION('',(0.E0,1.E0,0.E0));
#9183=VECTOR('',#9182,7.5E-2);
#9184=CARTESIAN_POINT('',(1.725E-1,0.E0,-1.5E0));
#9185=LINE('',#9184,#9183);
#9186=CURVE_STYLE('',#36,POSITIVE_LENGTH_MEASURE(2.E-2),#3);
#9187=PRESENTATION_STYLE_ASSIGNMENT((#9186));
#9188=STYLED_ITEM('',(#9187),#9185);
#9189=DIRECTION('',(3.256654205567E-14,1.E0,0.E0));
#9190=VECTOR('',#9189,7.5E-2);
#9191=CARTESIAN_POINT('',(3.207094849259E-1,0.E0,-1.450035738504E0));
#9192=LINE('',#9191,#9190);
#9193=CURVE_STYLE('',#36,POSITIVE_LENGTH_MEASURE(2.E-2),#3);
#9194=PRESENTATION_STYLE_ASSIGNMENT((#9193));
#9195=STYLED_ITEM('',(#9194),#9192);
#9196=DIRECTION('',(0.E0,1.E0,0.E0));
#9197=VECTOR('',#9196,7.5E-2);
#9198=CARTESIAN_POINT('',(3.24E-1,0.E0,-1.45E0));
#9199=LINE('',#9198,#9197);
#9200=CURVE_STYLE('',#36,POSITIVE_LENGTH_MEASURE(2.E-2),#3);
#9201=PRESENTATION_STYLE_ASSIGNMENT((#9200));
#9202=STYLED_ITEM('',(#9201),#9199);
#9203=DIRECTION('',(5.995204332976E-14,1.E0,0.E0));
#9204=VECTOR('',#9203,7.5E-2);
#9205=CARTESIAN_POINT('',(3.292905150741E-1,0.E0,-1.450035738504E0));
#9206=LINE('',#9205,#9204);
#9207=CURVE_STYLE('',#36,POSITIVE_LENGTH_MEASURE(2.E-2),#3);
#9208=PRESENTATION_STYLE_ASSIGNMENT((#9207));
#9209=STYLED_ITEM('',(#9208),#9206);
#9210=DIRECTION('',(0.E0,1.E0,0.E0));
#9211=VECTOR('',#9210,7.5E-2);
#9212=CARTESIAN_POINT('',(3.26E-1,0.E0,-1.45E0));
#9213=LINE('',#9212,#9211);
#9214=CURVE_STYLE('',#36,POSITIVE_LENGTH_MEASURE(2.E-2),#3);
#9215=PRESENTATION_STYLE_ASSIGNMENT((#9214));
#9216=STYLED_ITEM('',(#9215),#9213);
#9217=DIRECTION('',(0.E0,0.E0,-1.E0));
#9218=VECTOR('',#9217,5.E-1);
#9219=CARTESIAN_POINT('',(1.725E-1,7.5E-2,-1.5E0));
#9220=LINE('',#9219,#9218);
#9221=CURVE_STYLE('',#36,POSITIVE_LENGTH_MEASURE(2.E-2),#3);
#9222=PRESENTATION_STYLE_ASSIGNMENT((#9221));
#9223=STYLED_ITEM('',(#9222),#9220);
#9224=CARTESIAN_POINT('',(3.25E-1,7.5E-2,-1.7075625E0));
#9225=DIRECTION('',(0.E0,1.E0,0.E0));
#9226=DIRECTION('',(-5.920892987139E-1,0.E0,8.058723610774E-1));
#9227=AXIS2_PLACEMENT_3D('',#9224,#9225,#9226);
#9229=CURVE_STYLE('',#36,POSITIVE_LENGTH_MEASURE(2.E-2),#3);
#9230=PRESENTATION_STYLE_ASSIGNMENT((#9229));
#9231=STYLED_ITEM('',(#9230),#9228);
#9232=CARTESIAN_POINT('',(3.24E-1,7.5E-2,-1.6015E0));
#9233=DIRECTION('',(0.E0,1.E0,0.E0));
#9234=DIRECTION('',(-2.171957144630E-2,0.E0,9.997641022842E-1));
#9235=AXIS2_PLACEMENT_3D('',#9232,#9233,#9234);
#9237=CURVE_STYLE('',#36,POSITIVE_LENGTH_MEASURE(2.E-2),#3);
#9238=PRESENTATION_STYLE_ASSIGNMENT((#9237));
#9239=STYLED_ITEM('',(#9238),#9236);
#9240=DIRECTION('',(1.E0,0.E0,1.110223024625E-13));
#9241=VECTOR('',#9240,2.E-3);
#9242=CARTESIAN_POINT('',(3.24E-1,7.5E-2,-1.45E0));
#9243=LINE('',#9242,#9241);
#9244=CURVE_STYLE('',#36,POSITIVE_LENGTH_MEASURE(2.E-2),#3);
#9245=PRESENTATION_STYLE_ASSIGNMENT((#9244));
#9246=STYLED_ITEM('',(#9245),#9243);
#9247=CARTESIAN_POINT('',(3.26E-1,7.5E-2,-1.6015E0));
#9248=DIRECTION('',(0.E0,1.E0,0.E0));
#9249=DIRECTION('',(0.E0,0.E0,1.E0));
#9250=AXIS2_PLACEMENT_3D('',#9247,#9248,#9249);
#9252=CURVE_STYLE('',#36,POSITIVE_LENGTH_MEASURE(2.E-2),#3);
#9253=PRESENTATION_STYLE_ASSIGNMENT((#9252));
#9254=STYLED_ITEM('',(#9253),#9251);
#9255=CARTESIAN_POINT('',(3.25E-1,7.5E-2,-1.7075625E0));
#9256=DIRECTION('',(0.E0,1.E0,0.E0));
#9257=DIRECTION('',(1.665815122207E-2,0.E0,9.998612433722E-1));
#9258=AXIS2_PLACEMENT_3D('',#9255,#9256,#9257);
#9260=CURVE_STYLE('',#36,POSITIVE_LENGTH_MEASURE(2.E-2),#3);
#9261=PRESENTATION_STYLE_ASSIGNMENT((#9260));
#9262=STYLED_ITEM('',(#9261),#9259);
#9263=DIRECTION('',(0.E0,0.E0,1.E0));
#9264=VECTOR('',#9263,5.E-1);
#9265=CARTESIAN_POINT('',(4.775E-1,7.5E-2,-2.E0));
#9266=LINE('',#9265,#9264);
#9267=CURVE_STYLE('',#36,POSITIVE_LENGTH_MEASURE(2.E-2),#3);
#9268=PRESENTATION_STYLE_ASSIGNMENT((#9267));
#9269=STYLED_ITEM('',(#9268),#9266);
#9270=DIRECTION('',(0.E0,1.E0,0.E0));
#9271=VECTOR('',#9270,7.5E-2);
#9272=CARTESIAN_POINT('',(4.775E-1,0.E0,-1.5E0));
#9273=LINE('',#9272,#9271);
#9274=CURVE_STYLE('',#36,POSITIVE_LENGTH_MEASURE(2.E-2),#3);
#9275=PRESENTATION_STYLE_ASSIGNMENT((#9274));
#9276=STYLED_ITEM('',(#9275),#9273);
#9277=DIRECTION('',(0.E0,1.E0,0.E0));
#9278=VECTOR('',#9277,7.5E-2);
#9279=CARTESIAN_POINT('',(8.225E-1,0.E0,-1.5E0));
#9280=LINE('',#9279,#9278);
#9281=CURVE_STYLE('',#36,POSITIVE_LENGTH_MEASURE(2.E-2),#3);
#9282=PRESENTATION_STYLE_ASSIGNMENT((#9281));
#9283=STYLED_ITEM('',(#9282),#9280);
#9284=DIRECTION('',(4.440892098501E-14,1.E0,0.E0));
#9285=VECTOR('',#9284,7.5E-2);
#9286=CARTESIAN_POINT('',(9.707094849259E-1,0.E0,-1.450035738504E0));
#9287=LINE('',#9286,#9285);
#9288=CURVE_STYLE('',#36,POSITIVE_LENGTH_MEASURE(2.E-2),#3);
#9289=PRESENTATION_STYLE_ASSIGNMENT((#9288));
#9290=STYLED_ITEM('',(#9289),#9287);
#9291=DIRECTION('',(0.E0,1.E0,0.E0));
#9292=VECTOR('',#9291,7.5E-2);
#9293=CARTESIAN_POINT('',(9.74E-1,0.E0,-1.45E0));
#9294=LINE('',#9293,#9292);
#9295=CURVE_STYLE('',#36,POSITIVE_LENGTH_MEASURE(2.E-2),#3);
#9296=PRESENTATION_STYLE_ASSIGNMENT((#9295));
#9297=STYLED_ITEM('',(#9296),#9294);
#9298=DIRECTION('',(5.625129991434E-14,1.E0,0.E0));
#9299=VECTOR('',#9298,7.5E-2);
#9300=CARTESIAN_POINT('',(9.792905150741E-1,0.E0,-1.450035738504E0));
#9301=LINE('',#9300,#9299);
#9302=CURVE_STYLE('',#36,POSITIVE_LENGTH_MEASURE(2.E-2),#3);
#9303=PRESENTATION_STYLE_ASSIGNMENT((#9302));
#9304=STYLED_ITEM('',(#9303),#9301);
#9305=DIRECTION('',(0.E0,1.E0,0.E0));
#9306=VECTOR('',#9305,7.5E-2);
#9307=CARTESIAN_POINT('',(9.76E-1,0.E0,-1.45E0));
#9308=LINE('',#9307,#9306);
#9309=CURVE_STYLE('',#36,POSITIVE_LENGTH_MEASURE(2.E-2),#3);
#9310=PRESENTATION_STYLE_ASSIGNMENT((#9309));
#9311=STYLED_ITEM('',(#9310),#9308);
#9312=DIRECTION('',(0.E0,0.E0,-1.E0));
#9313=VECTOR('',#9312,5.E-1);
#9314=CARTESIAN_POINT('',(8.225E-1,7.5E-2,-1.5E0));
#9315=LINE('',#9314,#9313);
#9316=CURVE_STYLE('',#36,POSITIVE_LENGTH_MEASURE(2.E-2),#3);
#9317=PRESENTATION_STYLE_ASSIGNMENT((#9316));
#9318=STYLED_ITEM('',(#9317),#9315);
#9319=CARTESIAN_POINT('',(9.75E-1,7.5E-2,-1.7075625E0));
#9320=DIRECTION('',(0.E0,1.E0,0.E0));
#9321=DIRECTION('',(-5.920892987139E-1,0.E0,8.058723610774E-1));
#9322=AXIS2_PLACEMENT_3D('',#9319,#9320,#9321);
#9324=CURVE_STYLE('',#36,POSITIVE_LENGTH_MEASURE(2.E-2),#3);
#9325=PRESENTATION_STYLE_ASSIGNMENT((#9324));
#9326=STYLED_ITEM('',(#9325),#9323);
#9327=CARTESIAN_POINT('',(9.74E-1,7.5E-2,-1.6015E0));
#9328=DIRECTION('',(0.E0,1.E0,0.E0));
#9329=DIRECTION('',(-2.171957144629E-2,0.E0,9.997641022842E-1));
#9330=AXIS2_PLACEMENT_3D('',#9327,#9328,#9329);
#9332=CURVE_STYLE('',#36,POSITIVE_LENGTH_MEASURE(2.E-2),#3);
#9333=PRESENTATION_STYLE_ASSIGNMENT((#9332));
#9334=STYLED_ITEM('',(#9333),#9331);
#9335=DIRECTION('',(1.E0,0.E0,1.110223024625E-13));
#9336=VECTOR('',#9335,2.E-3);
#9337=CARTESIAN_POINT('',(9.74E-1,7.5E-2,-1.45E0));
#9338=LINE('',#9337,#9336);
#9339=CURVE_STYLE('',#36,POSITIVE_LENGTH_MEASURE(2.E-2),#3);
#9340=PRESENTATION_STYLE_ASSIGNMENT((#9339));
#9341=STYLED_ITEM('',(#9340),#9338);
#9342=CARTESIAN_POINT('',(9.76E-1,7.5E-2,-1.6015E0));
#9343=DIRECTION('',(0.E0,1.E0,0.E0));
#9344=DIRECTION('',(0.E0,0.E0,1.E0));
#9345=AXIS2_PLACEMENT_3D('',#9342,#9343,#9344);
#9347=CURVE_STYLE('',#36,POSITIVE_LENGTH_MEASURE(2.E-2),#3);
#9348=PRESENTATION_STYLE_ASSIGNMENT((#9347));
#9349=STYLED_ITEM('',(#9348),#9346);
#9350=CARTESIAN_POINT('',(9.75E-1,7.5E-2,-1.7075625E0));
#9351=DIRECTION('',(0.E0,1.E0,0.E0));
#9352=DIRECTION('',(1.665815122207E-2,0.E0,9.998612433722E-1));
#9353=AXIS2_PLACEMENT_3D('',#9350,#9351,#9352);
#9355=CURVE_STYLE('',#36,POSITIVE_LENGTH_MEASURE(2.E-2),#3);
#9356=PRESENTATION_STYLE_ASSIGNMENT((#9355));
#9357=STYLED_ITEM('',(#9356),#9354);
#9358=DIRECTION('',(0.E0,0.E0,1.E0));
#9359=VECTOR('',#9358,5.E-1);
#9360=CARTESIAN_POINT('',(1.1275E0,7.5E-2,-2.E0));
#9361=LINE('',#9360,#9359);
#9362=CURVE_STYLE('',#36,POSITIVE_LENGTH_MEASURE(2.E-2),#3);
#9363=PRESENTATION_STYLE_ASSIGNMENT((#9362));
#9364=STYLED_ITEM('',(#9363),#9361);
#9365=DIRECTION('',(0.E0,1.E0,0.E0));
#9366=VECTOR('',#9365,7.5E-2);
#9367=CARTESIAN_POINT('',(1.1275E0,0.E0,-1.5E0));
#9368=LINE('',#9367,#9366);
#9369=CURVE_STYLE('',#36,POSITIVE_LENGTH_MEASURE(2.E-2),#3);
#9370=PRESENTATION_STYLE_ASSIGNMENT((#9369));
#9371=STYLED_ITEM('',(#9370),#9368);
#9372=DIRECTION('',(0.E0,0.E0,-1.E0));
#9373=VECTOR('',#9372,3.05E-1);
#9374=CARTESIAN_POINT('',(2.E0,7.5E-2,-8.225E-1));
#9375=LINE('',#9374,#9373);
#9376=CURVE_STYLE('',#36,POSITIVE_LENGTH_MEASURE(2.E-2),#3);
#9377=PRESENTATION_STYLE_ASSIGNMENT((#9376));
#9378=STYLED_ITEM('',(#9377),#9375);
#9379=DIRECTION('',(0.E0,1.E0,0.E0));
#9380=VECTOR('',#9379,7.5E-2);
#9381=CARTESIAN_POINT('',(2.E0,0.E0,-8.225E-1));
#9382=LINE('',#9381,#9380);
#9383=CURVE_STYLE('',#36,POSITIVE_LENGTH_MEASURE(2.E-2),#3);
#9384=PRESENTATION_STYLE_ASSIGNMENT((#9383));
#9385=STYLED_ITEM('',(#9384),#9382);
#9386=DIRECTION('',(0.E0,1.E0,0.E0));
#9387=VECTOR('',#9386,7.5E-2);
#9388=CARTESIAN_POINT('',(2.E0,0.E0,-4.775E-1));
#9389=LINE('',#9388,#9387);
#9390=CURVE_STYLE('',#36,POSITIVE_LENGTH_MEASURE(2.E-2),#3);
#9391=PRESENTATION_STYLE_ASSIGNMENT((#9390));
#9392=STYLED_ITEM('',(#9391),#9389);
#9393=DIRECTION('',(0.E0,0.E0,-1.E0));
#9394=VECTOR('',#9393,3.05E-1);
#9395=CARTESIAN_POINT('',(2.E0,7.5E-2,-1.725E-1));
#9396=LINE('',#9395,#9394);
#9397=CURVE_STYLE('',#36,POSITIVE_LENGTH_MEASURE(2.E-2),#3);
#9398=PRESENTATION_STYLE_ASSIGNMENT((#9397));
#9399=STYLED_ITEM('',(#9398),#9396);
#9400=DIRECTION('',(0.E0,1.E0,0.E0));
#9401=VECTOR('',#9400,7.5E-2);
#9402=CARTESIAN_POINT('',(2.E0,0.E0,-1.725E-1));
#9403=LINE('',#9402,#9401);
#9404=CURVE_STYLE('',#36,POSITIVE_LENGTH_MEASURE(2.E-2),#3);
#9405=PRESENTATION_STYLE_ASSIGNMENT((#9404));
#9406=STYLED_ITEM('',(#9405),#9403);
#9407=DIRECTION('',(0.E0,1.E0,0.E0));
#9408=VECTOR('',#9407,7.5E-2);
#9409=CARTESIAN_POINT('',(2.E0,0.E0,1.725E-1));
#9410=LINE('',#9409,#9408);
#9411=CURVE_STYLE('',#36,POSITIVE_LENGTH_MEASURE(2.E-2),#3);
#9412=PRESENTATION_STYLE_ASSIGNMENT((#9411));
#9413=STYLED_ITEM('',(#9412),#9410);
#9414=DIRECTION('',(0.E0,0.E0,-1.E0));
#9415=VECTOR('',#9414,3.05E-1);
#9416=CARTESIAN_POINT('',(2.E0,7.5E-2,4.775E-1));
#9417=LINE('',#9416,#9415);
#9418=CURVE_STYLE('',#36,POSITIVE_LENGTH_MEASURE(2.E-2),#3);
#9419=PRESENTATION_STYLE_ASSIGNMENT((#9418));
#9420=STYLED_ITEM('',(#9419),#9417);
#9421=DIRECTION('',(0.E0,1.E0,0.E0));
#9422=VECTOR('',#9421,7.5E-2);
#9423=CARTESIAN_POINT('',(2.E0,0.E0,4.775E-1));
#9424=LINE('',#9423,#9422);
#9425=CURVE_STYLE('',#36,POSITIVE_LENGTH_MEASURE(2.E-2),#3);
#9426=PRESENTATION_STYLE_ASSIGNMENT((#9425));
#9427=STYLED_ITEM('',(#9426),#9424);
#9428=DIRECTION('',(0.E0,1.E0,0.E0));
#9429=VECTOR('',#9428,7.5E-2);
#9430=CARTESIAN_POINT('',(2.E0,0.E0,8.225E-1));
#9431=LINE('',#9430,#9429);
#9432=CURVE_STYLE('',#36,POSITIVE_LENGTH_MEASURE(2.E-2),#3);
#9433=PRESENTATION_STYLE_ASSIGNMENT((#9432));
#9434=STYLED_ITEM('',(#9433),#9431);
#9435=DIRECTION('',(0.E0,0.E0,-1.E0));
#9436=VECTOR('',#9435,3.05E-1);
#9437=CARTESIAN_POINT('',(2.E0,7.5E-2,1.1275E0));
#9438=LINE('',#9437,#9436);
#9439=CURVE_STYLE('',#36,POSITIVE_LENGTH_MEASURE(2.E-2),#3);
#9440=PRESENTATION_STYLE_ASSIGNMENT((#9439));
#9441=STYLED_ITEM('',(#9440),#9438);
#9442=DIRECTION('',(0.E0,1.E0,0.E0));
#9443=VECTOR('',#9442,7.5E-2);
#9444=CARTESIAN_POINT('',(2.E0,0.E0,1.1275E0));
#9445=LINE('',#9444,#9443);
#9446=CURVE_STYLE('',#36,POSITIVE_LENGTH_MEASURE(2.E-2),#3);
#9447=PRESENTATION_STYLE_ASSIGNMENT((#9446));
#9448=STYLED_ITEM('',(#9447),#9445);
#9449=DIRECTION('',(0.E0,1.E0,0.E0));
#9450=VECTOR('',#9449,9.75E-1);
#9451=CARTESIAN_POINT('',(2.E0,0.E0,2.E0));
#9452=LINE('',#9451,#9450);
#9453=CURVE_STYLE('',#36,POSITIVE_LENGTH_MEASURE(2.E-2),#3);
#9454=PRESENTATION_STYLE_ASSIGNMENT((#9453));
#9455=STYLED_ITEM('',(#9454),#9452);
#9456=DIRECTION('',(0.E0,1.E0,0.E0));
#9457=VECTOR('',#9456,7.5E-2);
#9458=CARTESIAN_POINT('',(2.E0,0.E0,-1.1275E0));
#9459=LINE('',#9458,#9457);
#9460=CURVE_STYLE('',#36,POSITIVE_LENGTH_MEASURE(2.E-2),#3);
#9461=PRESENTATION_STYLE_ASSIGNMENT((#9460));
#9462=STYLED_ITEM('',(#9461),#9459);
#9463=DIRECTION('',(0.E0,0.E0,-1.E0));
#9464=VECTOR('',#9463,1.5E-1);
#9465=CARTESIAN_POINT('',(2.E0,7.5E-2,1.875E0));
#9466=LINE('',#9465,#9464);
#9467=CURVE_STYLE('',#36,POSITIVE_LENGTH_MEASURE(2.E-2),#3);
#9468=PRESENTATION_STYLE_ASSIGNMENT((#9467));
#9469=STYLED_ITEM('',(#9468),#9466);
#9470=DIRECTION('',(0.E0,1.E0,0.E0));
#9471=VECTOR('',#9470,1.E-1);
#9472=CARTESIAN_POINT('',(2.E0,7.5E-2,1.725E0));
#9473=LINE('',#9472,#9471);
#9474=CURVE_STYLE('',#36,POSITIVE_LENGTH_MEASURE(2.E-2),#3);
#9475=PRESENTATION_STYLE_ASSIGNMENT((#9474));
#9476=STYLED_ITEM('',(#9475),#9473);
#9477=DIRECTION('',(0.E0,0.E0,-1.E0));
#9478=VECTOR('',#9477,1.5E-1);
#9479=CARTESIAN_POINT('',(2.E0,1.75E-1,1.875E0));
#9480=LINE('',#9479,#9478);
#9481=CURVE_STYLE('',#36,POSITIVE_LENGTH_MEASURE(2.E-2),#3);
#9482=PRESENTATION_STYLE_ASSIGNMENT((#9481));
#9483=STYLED_ITEM('',(#9482),#9480);
#9484=DIRECTION('',(0.E0,1.E0,0.E0));
#9485=VECTOR('',#9484,1.E-1);
#9486=CARTESIAN_POINT('',(2.E0,7.5E-2,1.875E0));
#9487=LINE('',#9486,#9485);
#9488=CURVE_STYLE('',#36,POSITIVE_LENGTH_MEASURE(2.E-2),#3);
#9489=PRESENTATION_STYLE_ASSIGNMENT((#9488));
#9490=STYLED_ITEM('',(#9489),#9487);
#9491=DIRECTION('',(0.E0,0.E0,-1.E0));
#9492=VECTOR('',#9491,1.5E-1);
#9493=CARTESIAN_POINT('',(2.E0,7.5E-2,-1.725E0));
#9494=LINE('',#9493,#9492);
#9495=CURVE_STYLE('',#36,POSITIVE_LENGTH_MEASURE(2.E-2),#3);
#9496=PRESENTATION_STYLE_ASSIGNMENT((#9495));
#9497=STYLED_ITEM('',(#9496),#9494);
#9498=DIRECTION('',(0.E0,1.E0,0.E0));
#9499=VECTOR('',#9498,1.E-1);
#9500=CARTESIAN_POINT('',(2.E0,7.5E-2,-1.875E0));
#9501=LINE('',#9500,#9499);
#9502=CURVE_STYLE('',#36,POSITIVE_LENGTH_MEASURE(2.E-2),#3);
#9503=PRESENTATION_STYLE_ASSIGNMENT((#9502));
#9504=STYLED_ITEM('',(#9503),#9501);
#9505=DIRECTION('',(0.E0,0.E0,-1.E0));
#9506=VECTOR('',#9505,1.5E-1);
#9507=CARTESIAN_POINT('',(2.E0,1.75E-1,-1.725E0));
#9508=LINE('',#9507,#9506);
#9509=CURVE_STYLE('',#36,POSITIVE_LENGTH_MEASURE(2.E-2),#3);
#9510=PRESENTATION_STYLE_ASSIGNMENT((#9509));
#9511=STYLED_ITEM('',(#9510),#9508);
#9512=DIRECTION('',(0.E0,1.E0,0.E0));
#9513=VECTOR('',#9512,1.E-1);
#9514=CARTESIAN_POINT('',(2.E0,7.5E-2,-1.725E0));
#9515=LINE('',#9514,#9513);
#9516=CURVE_STYLE('',#36,POSITIVE_LENGTH_MEASURE(2.E-2),#3);
#9517=PRESENTATION_STYLE_ASSIGNMENT((#9516));
#9518=STYLED_ITEM('',(#9517),#9515);
#9519=DIRECTION('',(1.E0,0.E0,0.E0));
#9520=VECTOR('',#9519,5.E-1);
#9521=CARTESIAN_POINT('',(1.5E0,7.5E-2,-1.1275E0));
#9522=LINE('',#9521,#9520);
#9523=CURVE_STYLE('',#36,POSITIVE_LENGTH_MEASURE(2.E-2),#3);
#9524=PRESENTATION_STYLE_ASSIGNMENT((#9523));
#9525=STYLED_ITEM('',(#9524),#9522);
#9526=CARTESIAN_POINT('',(1.7075625E0,7.5E-2,-9.75E-1));
#9527=DIRECTION('',(0.E0,1.E0,0.E0));
#9528=DIRECTION('',(-8.058723610774E-1,0.E0,-5.920892987139E-1));
#9529=AXIS2_PLACEMENT_3D('',#9526,#9527,#9528);
#9531=CURVE_STYLE('',#36,POSITIVE_LENGTH_MEASURE(2.E-2),#3);
#9532=PRESENTATION_STYLE_ASSIGNMENT((#9531));
#9533=STYLED_ITEM('',(#9532),#9530);
#9534=CARTESIAN_POINT('',(1.6015E0,7.5E-2,-9.76E-1));
#9535=DIRECTION('',(0.E0,-1.E0,0.E0));
#9536=DIRECTION('',(-1.E0,0.E0,0.E0));
#9537=AXIS2_PLACEMENT_3D('',#9534,#9535,#9536);
#9539=CURVE_STYLE('',#36,POSITIVE_LENGTH_MEASURE(2.E-2),#3);
#9540=PRESENTATION_STYLE_ASSIGNMENT((#9539));
#9541=STYLED_ITEM('',(#9540),#9538);
#9542=DIRECTION('',(0.E0,0.E0,-1.E0));
#9543=VECTOR('',#9542,2.E-3);
#9544=CARTESIAN_POINT('',(1.45E0,7.5E-2,-9.74E-1));
#9545=LINE('',#9544,#9543);
#9546=CURVE_STYLE('',#36,POSITIVE_LENGTH_MEASURE(2.E-2),#3);
#9547=PRESENTATION_STYLE_ASSIGNMENT((#9546));
#9548=STYLED_ITEM('',(#9547),#9545);
#9549=CARTESIAN_POINT('',(1.6015E0,7.5E-2,-9.74E-1));
#9550=DIRECTION('',(0.E0,-1.E0,0.E0));
#9551=DIRECTION('',(-9.997641022842E-1,0.E0,2.171957144630E-2));
#9552=AXIS2_PLACEMENT_3D('',#9549,#9550,#9551);
#9554=CURVE_STYLE('',#36,POSITIVE_LENGTH_MEASURE(2.E-2),#3);
#9555=PRESENTATION_STYLE_ASSIGNMENT((#9554));
#9556=STYLED_ITEM('',(#9555),#9553);
#9557=CARTESIAN_POINT('',(1.7075625E0,7.5E-2,-9.75E-1));
#9558=DIRECTION('',(0.E0,1.E0,0.E0));
#9559=DIRECTION('',(-9.998612433722E-1,0.E0,1.665815122199E-2));
#9560=AXIS2_PLACEMENT_3D('',#9557,#9558,#9559);
#9562=CURVE_STYLE('',#36,POSITIVE_LENGTH_MEASURE(2.E-2),#3);
#9563=PRESENTATION_STYLE_ASSIGNMENT((#9562));
#9564=STYLED_ITEM('',(#9563),#9561);
#9565=DIRECTION('',(-1.E0,0.E0,0.E0));
#9566=VECTOR('',#9565,5.E-1);
#9567=CARTESIAN_POINT('',(2.E0,7.5E-2,-8.225E-1));
#9568=LINE('',#9567,#9566);
#9569=CURVE_STYLE('',#36,POSITIVE_LENGTH_MEASURE(2.E-2),#3);
#9570=PRESENTATION_STYLE_ASSIGNMENT((#9569));
#9571=STYLED_ITEM('',(#9570),#9568);
#9572=DIRECTION('',(0.E0,1.E0,0.E0));
#9573=VECTOR('',#9572,7.5E-2);
#9574=CARTESIAN_POINT('',(1.5E0,0.E0,-1.1275E0));
#9575=LINE('',#9574,#9573);
#9576=CURVE_STYLE('',#36,POSITIVE_LENGTH_MEASURE(2.E-2),#3);
#9577=PRESENTATION_STYLE_ASSIGNMENT((#9576));
#9578=STYLED_ITEM('',(#9577),#9575);
#9579=DIRECTION('',(0.E0,1.E0,0.E0));
#9580=VECTOR('',#9579,7.5E-2);
#9581=CARTESIAN_POINT('',(1.45E0,0.E0,-9.76E-1));
#9582=LINE('',#9581,#9580);
#9583=CURVE_STYLE('',#36,POSITIVE_LENGTH_MEASURE(2.E-2),#3);
#9584=PRESENTATION_STYLE_ASSIGNMENT((#9583));
#9585=STYLED_ITEM('',(#9584),#9582);
#9586=DIRECTION('',(0.E0,-1.E0,-3.256654205567E-14));
#9587=VECTOR('',#9586,7.5E-2);
#9588=CARTESIAN_POINT('',(1.450035738504E0,7.5E-2,-9.792905150741E-1));
#9589=LINE('',#9588,#9587);
#9590=CURVE_STYLE('',#36,POSITIVE_LENGTH_MEASURE(2.E-2),#3);
#9591=PRESENTATION_STYLE_ASSIGNMENT((#9590));
#9592=STYLED_ITEM('',(#9591),#9589);
#9593=DIRECTION('',(0.E0,1.E0,0.E0));
#9594=VECTOR('',#9593,7.5E-2);
#9595=CARTESIAN_POINT('',(1.45E0,0.E0,-9.74E-1));
#9596=LINE('',#9595,#9594);
#9597=CURVE_STYLE('',#36,POSITIVE_LENGTH_MEASURE(2.E-2),#3);
#9598=PRESENTATION_STYLE_ASSIGNMENT((#9597));
#9599=STYLED_ITEM('',(#9598),#9596);
#9600=DIRECTION('',(0.E0,-1.E0,2.812564995717E-14));
#9601=VECTOR('',#9600,7.5E-2);
#9602=CARTESIAN_POINT('',(1.450035738504E0,7.5E-2,-9.707094849259E-1));
#9603=LINE('',#9602,#9601);
#9604=CURVE_STYLE('',#36,POSITIVE_LENGTH_MEASURE(2.E-2),#3);
#9605=PRESENTATION_STYLE_ASSIGNMENT((#9604));
#9606=STYLED_ITEM('',(#9605),#9603);
#9607=DIRECTION('',(0.E0,1.E0,0.E0));
#9608=VECTOR('',#9607,7.5E-2);
#9609=CARTESIAN_POINT('',(1.5E0,0.E0,-8.225E-1));
#9610=LINE('',#9609,#9608);
#9611=CURVE_STYLE('',#36,POSITIVE_LENGTH_MEASURE(2.E-2),#3);
#9612=PRESENTATION_STYLE_ASSIGNMENT((#9611));
#9613=STYLED_ITEM('',(#9612),#9610);
#9614=DIRECTION('',(0.E0,1.E0,0.E0));
#9615=VECTOR('',#9614,7.5E-2);
#9616=CARTESIAN_POINT('',(1.5E0,0.E0,-4.775E-1));
#9617=LINE('',#9616,#9615);
#9618=CURVE_STYLE('',#36,POSITIVE_LENGTH_MEASURE(2.E-2),#3);
#9619=PRESENTATION_STYLE_ASSIGNMENT((#9618));
#9620=STYLED_ITEM('',(#9619),#9617);
#9621=DIRECTION('',(0.E0,1.E0,0.E0));
#9622=VECTOR('',#9621,7.5E-2);
#9623=CARTESIAN_POINT('',(1.45E0,0.E0,-3.26E-1));
#9624=LINE('',#9623,#9622);
#9625=CURVE_STYLE('',#36,POSITIVE_LENGTH_MEASURE(2.E-2),#3);
#9626=PRESENTATION_STYLE_ASSIGNMENT((#9625));
#9627=STYLED_ITEM('',(#9626),#9624);
#9628=DIRECTION('',(0.E0,-1.E0,-3.478698810492E-14));
#9629=VECTOR('',#9628,7.5E-2);
#9630=CARTESIAN_POINT('',(1.450035738504E0,7.5E-2,-3.292905150741E-1));
#9631=LINE('',#9630,#9629);
#9632=CURVE_STYLE('',#36,POSITIVE_LENGTH_MEASURE(2.E-2),#3);
#9633=PRESENTATION_STYLE_ASSIGNMENT((#9632));
#9634=STYLED_ITEM('',(#9633),#9631);
#9635=DIRECTION('',(0.E0,1.E0,0.E0));
#9636=VECTOR('',#9635,7.5E-2);
#9637=CARTESIAN_POINT('',(1.45E0,0.E0,-3.24E-1));
#9638=LINE('',#9637,#9636);
#9639=CURVE_STYLE('',#36,POSITIVE_LENGTH_MEASURE(2.E-2),#3);
#9640=PRESENTATION_STYLE_ASSIGNMENT((#9639));
#9641=STYLED_ITEM('',(#9640),#9638);
#9642=DIRECTION('',(0.E0,-1.E0,-6.439293542826E-14));
#9643=VECTOR('',#9642,7.5E-2);
#9644=CARTESIAN_POINT('',(1.450035738504E0,7.5E-2,-3.207094849259E-1));
#9645=LINE('',#9644,#9643);
#9646=CURVE_STYLE('',#36,POSITIVE_LENGTH_MEASURE(2.E-2),#3);
#9647=PRESENTATION_STYLE_ASSIGNMENT((#9646));
#9648=STYLED_ITEM('',(#9647),#9645);
#9649=DIRECTION('',(1.E0,0.E0,0.E0));
#9650=VECTOR('',#9649,5.E-1);
#9651=CARTESIAN_POINT('',(1.5E0,7.5E-2,-4.775E-1));
#9652=LINE('',#9651,#9650);
#9653=CURVE_STYLE('',#36,POSITIVE_LENGTH_MEASURE(2.E-2),#3);
#9654=PRESENTATION_STYLE_ASSIGNMENT((#9653));
#9655=STYLED_ITEM('',(#9654),#9652);
#9656=CARTESIAN_POINT('',(1.7075625E0,7.5E-2,-3.25E-1));
#9657=DIRECTION('',(0.E0,1.E0,0.E0));
#9658=DIRECTION('',(-8.058723610774E-1,0.E0,-5.920892987139E-1));
#9659=AXIS2_PLACEMENT_3D('',#9656,#9657,#9658);
#9661=CURVE_STYLE('',#36,POSITIVE_LENGTH_MEASURE(2.E-2),#3);
#9662=PRESENTATION_STYLE_ASSIGNMENT((#9661));
#9663=STYLED_ITEM('',(#9662),#9660);
#9664=CARTESIAN_POINT('',(1.6015E0,7.5E-2,-3.26E-1));
#9665=DIRECTION('',(0.E0,-1.E0,0.E0));
#9666=DIRECTION('',(-1.E0,0.E0,0.E0));
#9667=AXIS2_PLACEMENT_3D('',#9664,#9665,#9666);
#9669=CURVE_STYLE('',#36,POSITIVE_LENGTH_MEASURE(2.E-2),#3);
#9670=PRESENTATION_STYLE_ASSIGNMENT((#9669));
#9671=STYLED_ITEM('',(#9670),#9668);
#9672=DIRECTION('',(0.E0,0.E0,-1.E0));
#9673=VECTOR('',#9672,2.E-3);
#9674=CARTESIAN_POINT('',(1.45E0,7.5E-2,-3.24E-1));
#9675=LINE('',#9674,#9673);
#9676=CURVE_STYLE('',#36,POSITIVE_LENGTH_MEASURE(2.E-2),#3);
#9677=PRESENTATION_STYLE_ASSIGNMENT((#9676));
#9678=STYLED_ITEM('',(#9677),#9675);
#9679=CARTESIAN_POINT('',(1.6015E0,7.5E-2,-3.24E-1));
#9680=DIRECTION('',(0.E0,-1.E0,0.E0));
#9681=DIRECTION('',(-9.997641022842E-1,0.E0,2.171957144643E-2));
#9682=AXIS2_PLACEMENT_3D('',#9679,#9680,#9681);
#9684=CURVE_STYLE('',#36,POSITIVE_LENGTH_MEASURE(2.E-2),#3);
#9685=PRESENTATION_STYLE_ASSIGNMENT((#9684));
#9686=STYLED_ITEM('',(#9685),#9683);
#9687=CARTESIAN_POINT('',(1.7075625E0,7.5E-2,-3.25E-1));
#9688=DIRECTION('',(0.E0,1.E0,0.E0));
#9689=DIRECTION('',(-9.998612433722E-1,0.E0,1.665815122207E-2));
#9690=AXIS2_PLACEMENT_3D('',#9687,#9688,#9689);
#9692=CURVE_STYLE('',#36,POSITIVE_LENGTH_MEASURE(2.E-2),#3);
#9693=PRESENTATION_STYLE_ASSIGNMENT((#9692));
#9694=STYLED_ITEM('',(#9693),#9691);
#9695=DIRECTION('',(-1.E0,0.E0,0.E0));
#9696=VECTOR('',#9695,5.E-1);
#9697=CARTESIAN_POINT('',(2.E0,7.5E-2,-1.725E-1));
#9698=LINE('',#9697,#9696);
#9699=CURVE_STYLE('',#36,POSITIVE_LENGTH_MEASURE(2.E-2),#3);
#9700=PRESENTATION_STYLE_ASSIGNMENT((#9699));
#9701=STYLED_ITEM('',(#9700),#9698);
#9702=DIRECTION('',(0.E0,1.E0,0.E0));
#9703=VECTOR('',#9702,7.5E-2);
#9704=CARTESIAN_POINT('',(1.5E0,0.E0,-1.725E-1));
#9705=LINE('',#9704,#9703);
#9706=CURVE_STYLE('',#36,POSITIVE_LENGTH_MEASURE(2.E-2),#3);
#9707=PRESENTATION_STYLE_ASSIGNMENT((#9706));
#9708=STYLED_ITEM('',(#9707),#9705);
#9709=DIRECTION('',(0.E0,1.E0,0.E0));
#9710=VECTOR('',#9709,7.5E-2);
#9711=CARTESIAN_POINT('',(1.5E0,0.E0,1.725E-1));
#9712=LINE('',#9711,#9710);
#9713=CURVE_STYLE('',#36,POSITIVE_LENGTH_MEASURE(2.E-2),#3);
#9714=PRESENTATION_STYLE_ASSIGNMENT((#9713));
#9715=STYLED_ITEM('',(#9714),#9712);
#9716=DIRECTION('',(0.E0,1.E0,0.E0));
#9717=VECTOR('',#9716,7.5E-2);
#9718=CARTESIAN_POINT('',(1.45E0,0.E0,3.24E-1));
#9719=LINE('',#9718,#9717);
#9720=CURVE_STYLE('',#36,POSITIVE_LENGTH_MEASURE(2.E-2),#3);
#9721=PRESENTATION_STYLE_ASSIGNMENT((#9720));
#9722=STYLED_ITEM('',(#9721),#9719);
#9723=DIRECTION('',(0.E0,-1.E0,-4.662936703426E-14));
#9724=VECTOR('',#9723,7.5E-2);
#9725=CARTESIAN_POINT('',(1.450035738504E0,7.5E-2,3.207094849258E-1));
#9726=LINE('',#9725,#9724);
#9727=CURVE_STYLE('',#36,POSITIVE_LENGTH_MEASURE(2.E-2),#3);
#9728=PRESENTATION_STYLE_ASSIGNMENT((#9727));
#9729=STYLED_ITEM('',(#9728),#9726);
#9730=DIRECTION('',(0.E0,1.E0,0.E0));
#9731=VECTOR('',#9730,7.5E-2);
#9732=CARTESIAN_POINT('',(1.45E0,0.E0,3.26E-1));
#9733=LINE('',#9732,#9731);
#9734=CURVE_STYLE('',#36,POSITIVE_LENGTH_MEASURE(2.E-2),#3);
#9735=PRESENTATION_STYLE_ASSIGNMENT((#9734));
#9736=STYLED_ITEM('',(#9735),#9733);
#9737=DIRECTION('',(0.E0,-1.E0,3.626728547109E-14));
#9738=VECTOR('',#9737,7.5E-2);
#9739=CARTESIAN_POINT('',(1.450035738504E0,7.5E-2,3.292905150742E-1));
#9740=LINE('',#9739,#9738);
#9741=CURVE_STYLE('',#36,POSITIVE_LENGTH_MEASURE(2.E-2),#3);
#9742=PRESENTATION_STYLE_ASSIGNMENT((#9741));
#9743=STYLED_ITEM('',(#9742),#9740);
#9744=DIRECTION('',(1.E0,0.E0,0.E0));
#9745=VECTOR('',#9744,5.E-1);
#9746=CARTESIAN_POINT('',(1.5E0,7.5E-2,1.725E-1));
#9747=LINE('',#9746,#9745);
#9748=CURVE_STYLE('',#36,POSITIVE_LENGTH_MEASURE(2.E-2),#3);
#9749=PRESENTATION_STYLE_ASSIGNMENT((#9748));
#9750=STYLED_ITEM('',(#9749),#9747);
#9751=CARTESIAN_POINT('',(1.7075625E0,7.5E-2,3.25E-1));
#9752=DIRECTION('',(0.E0,1.E0,0.E0));
#9753=DIRECTION('',(-8.058723610774E-1,0.E0,-5.920892987139E-1));
#9754=AXIS2_PLACEMENT_3D('',#9751,#9752,#9753);
#9756=CURVE_STYLE('',#36,POSITIVE_LENGTH_MEASURE(2.E-2),#3);
#9757=PRESENTATION_STYLE_ASSIGNMENT((#9756));
#9758=STYLED_ITEM('',(#9757),#9755);
#9759=CARTESIAN_POINT('',(1.6015E0,7.5E-2,3.24E-1));
#9760=DIRECTION('',(0.E0,-1.E0,0.E0));
#9761=DIRECTION('',(-1.E0,0.E0,0.E0));
#9762=AXIS2_PLACEMENT_3D('',#9759,#9760,#9761);
#9764=CURVE_STYLE('',#36,POSITIVE_LENGTH_MEASURE(2.E-2),#3);
#9765=PRESENTATION_STYLE_ASSIGNMENT((#9764));
#9766=STYLED_ITEM('',(#9765),#9763);
#9767=DIRECTION('',(0.E0,0.E0,-1.E0));
#9768=VECTOR('',#9767,2.E-3);
#9769=CARTESIAN_POINT('',(1.45E0,7.5E-2,3.26E-1));
#9770=LINE('',#9769,#9768);
#9771=CURVE_STYLE('',#36,POSITIVE_LENGTH_MEASURE(2.E-2),#3);
#9772=PRESENTATION_STYLE_ASSIGNMENT((#9771));
#9773=STYLED_ITEM('',(#9772),#9770);
#9774=CARTESIAN_POINT('',(1.6015E0,7.5E-2,3.26E-1));
#9775=DIRECTION('',(0.E0,-1.E0,0.E0));
#9776=DIRECTION('',(-9.997641022842E-1,0.E0,2.171957144656E-2));
#9777=AXIS2_PLACEMENT_3D('',#9774,#9775,#9776);
#9779=CURVE_STYLE('',#36,POSITIVE_LENGTH_MEASURE(2.E-2),#3);
#9780=PRESENTATION_STYLE_ASSIGNMENT((#9779));
#9781=STYLED_ITEM('',(#9780),#9778);
#9782=CARTESIAN_POINT('',(1.7075625E0,7.5E-2,3.25E-1));
#9783=DIRECTION('',(0.E0,1.E0,0.E0));
#9784=DIRECTION('',(-9.998612433722E-1,0.E0,1.665815122214E-2));
#9785=AXIS2_PLACEMENT_3D('',#9782,#9783,#9784);
#9787=CURVE_STYLE('',#36,POSITIVE_LENGTH_MEASURE(2.E-2),#3);
#9788=PRESENTATION_STYLE_ASSIGNMENT((#9787));
#9789=STYLED_ITEM('',(#9788),#9786);
#9790=DIRECTION('',(-1.E0,0.E0,0.E0));
#9791=VECTOR('',#9790,5.E-1);
#9792=CARTESIAN_POINT('',(2.E0,7.5E-2,4.775E-1));
#9793=LINE('',#9792,#9791);
#9794=CURVE_STYLE('',#36,POSITIVE_LENGTH_MEASURE(2.E-2),#3);
#9795=PRESENTATION_STYLE_ASSIGNMENT((#9794));
#9796=STYLED_ITEM('',(#9795),#9793);
#9797=DIRECTION('',(0.E0,1.E0,0.E0));
#9798=VECTOR('',#9797,7.5E-2);
#9799=CARTESIAN_POINT('',(1.5E0,0.E0,4.775E-1));
#9800=LINE('',#9799,#9798);
#9801=CURVE_STYLE('',#36,POSITIVE_LENGTH_MEASURE(2.E-2),#3);
#9802=PRESENTATION_STYLE_ASSIGNMENT((#9801));
#9803=STYLED_ITEM('',(#9802),#9800);
#9804=DIRECTION('',(0.E0,1.E0,0.E0));
#9805=VECTOR('',#9804,7.5E-2);
#9806=CARTESIAN_POINT('',(1.5E0,0.E0,8.225E-1));
#9807=LINE('',#9806,#9805);
#9808=CURVE_STYLE('',#36,POSITIVE_LENGTH_MEASURE(2.E-2),#3);
#9809=PRESENTATION_STYLE_ASSIGNMENT((#9808));
#9810=STYLED_ITEM('',(#9809),#9807);
#9811=DIRECTION('',(0.E0,1.E0,0.E0));
#9812=VECTOR('',#9811,7.5E-2);
#9813=CARTESIAN_POINT('',(1.45E0,0.E0,9.74E-1));
#9814=LINE('',#9813,#9812);
#9815=CURVE_STYLE('',#36,POSITIVE_LENGTH_MEASURE(2.E-2),#3);
#9816=PRESENTATION_STYLE_ASSIGNMENT((#9815));
#9817=STYLED_ITEM('',(#9816),#9814);
#9818=DIRECTION('',(0.E0,-1.E0,-4.588921835117E-14));
#9819=VECTOR('',#9818,7.5E-2);
#9820=CARTESIAN_POINT('',(1.450035738504E0,7.5E-2,9.707094849258E-1));
#9821=LINE('',#9820,#9819);
#9822=CURVE_STYLE('',#36,POSITIVE_LENGTH_MEASURE(2.E-2),#3);
#9823=PRESENTATION_STYLE_ASSIGNMENT((#9822));
#9824=STYLED_ITEM('',(#9823),#9821);
#9825=DIRECTION('',(0.E0,1.E0,0.E0));
#9826=VECTOR('',#9825,7.5E-2);
#9827=CARTESIAN_POINT('',(1.45E0,0.E0,9.76E-1));
#9828=LINE('',#9827,#9826);
#9829=CURVE_STYLE('',#36,POSITIVE_LENGTH_MEASURE(2.E-2),#3);
#9830=PRESENTATION_STYLE_ASSIGNMENT((#9829));
#9831=STYLED_ITEM('',(#9830),#9828);
#9832=DIRECTION('',(0.E0,-1.E0,4.588921835117E-14));
#9833=VECTOR('',#9832,7.5E-2);
#9834=CARTESIAN_POINT('',(1.450035738504E0,7.5E-2,9.792905150742E-1));
#9835=LINE('',#9834,#9833);
#9836=CURVE_STYLE('',#36,POSITIVE_LENGTH_MEASURE(2.E-2),#3);
#9837=PRESENTATION_STYLE_ASSIGNMENT((#9836));
#9838=STYLED_ITEM('',(#9837),#9835);
#9839=DIRECTION('',(1.E0,0.E0,0.E0));
#9840=VECTOR('',#9839,5.E-1);
#9841=CARTESIAN_POINT('',(1.5E0,7.5E-2,8.225E-1));
#9842=LINE('',#9841,#9840);
#9843=CURVE_STYLE('',#36,POSITIVE_LENGTH_MEASURE(2.E-2),#3);
#9844=PRESENTATION_STYLE_ASSIGNMENT((#9843));
#9845=STYLED_ITEM('',(#9844),#9842);
#9846=CARTESIAN_POINT('',(1.7075625E0,7.5E-2,9.75E-1));
#9847=DIRECTION('',(0.E0,1.E0,0.E0));
#9848=DIRECTION('',(-8.058723610774E-1,0.E0,-5.920892987139E-1));
#9849=AXIS2_PLACEMENT_3D('',#9846,#9847,#9848);
#9851=CURVE_STYLE('',#36,POSITIVE_LENGTH_MEASURE(2.E-2),#3);
#9852=PRESENTATION_STYLE_ASSIGNMENT((#9851));
#9853=STYLED_ITEM('',(#9852),#9850);
#9854=CARTESIAN_POINT('',(1.6015E0,7.5E-2,9.74E-1));
#9855=DIRECTION('',(0.E0,-1.E0,0.E0));
#9856=DIRECTION('',(-1.E0,0.E0,0.E0));
#9857=AXIS2_PLACEMENT_3D('',#9854,#9855,#9856);
#9859=CURVE_STYLE('',#36,POSITIVE_LENGTH_MEASURE(2.E-2),#3);
#9860=PRESENTATION_STYLE_ASSIGNMENT((#9859));
#9861=STYLED_ITEM('',(#9860),#9858);
#9862=DIRECTION('',(0.E0,0.E0,-1.E0));
#9863=VECTOR('',#9862,2.E-3);
#9864=CARTESIAN_POINT('',(1.45E0,7.5E-2,9.76E-1));
#9865=LINE('',#9864,#9863);
#9866=CURVE_STYLE('',#36,POSITIVE_LENGTH_MEASURE(2.E-2),#3);
#9867=PRESENTATION_STYLE_ASSIGNMENT((#9866));
#9868=STYLED_ITEM('',(#9867),#9865);
#9869=CARTESIAN_POINT('',(1.6015E0,7.5E-2,9.76E-1));
#9870=DIRECTION('',(0.E0,-1.E0,0.E0));
#9871=DIRECTION('',(-9.997641022842E-1,0.E0,2.171957144656E-2));
#9872=AXIS2_PLACEMENT_3D('',#9869,#9870,#9871);
#9874=CURVE_STYLE('',#36,POSITIVE_LENGTH_MEASURE(2.E-2),#3);
#9875=PRESENTATION_STYLE_ASSIGNMENT((#9874));
#9876=STYLED_ITEM('',(#9875),#9873);
#9877=CARTESIAN_POINT('',(1.7075625E0,7.5E-2,9.75E-1));
#9878=DIRECTION('',(0.E0,1.E0,0.E0));
#9879=DIRECTION('',(-9.998612433722E-1,0.E0,1.665815122214E-2));
#9880=AXIS2_PLACEMENT_3D('',#9877,#9878,#9879);
#9882=CURVE_STYLE('',#36,POSITIVE_LENGTH_MEASURE(2.E-2),#3);
#9883=PRESENTATION_STYLE_ASSIGNMENT((#9882));
#9884=STYLED_ITEM('',(#9883),#9881);
#9885=DIRECTION('',(-1.E0,0.E0,0.E0));
#9886=VECTOR('',#9885,5.E-1);
#9887=CARTESIAN_POINT('',(2.E0,7.5E-2,1.1275E0));
#9888=LINE('',#9887,#9886);
#9889=CURVE_STYLE('',#36,POSITIVE_LENGTH_MEASURE(2.E-2),#3);
#9890=PRESENTATION_STYLE_ASSIGNMENT((#9889));
#9891=STYLED_ITEM('',(#9890),#9888);
#9892=DIRECTION('',(0.E0,1.E0,0.E0));
#9893=VECTOR('',#9892,7.5E-2);
#9894=CARTESIAN_POINT('',(1.5E0,0.E0,1.1275E0));
#9895=LINE('',#9894,#9893);
#9896=CURVE_STYLE('',#36,POSITIVE_LENGTH_MEASURE(2.E-2),#3);
#9897=PRESENTATION_STYLE_ASSIGNMENT((#9896));
#9898=STYLED_ITEM('',(#9897),#9895);
#9899=DIRECTION('',(0.E0,1.E0,0.E0));
#9900=VECTOR('',#9899,7.5E-2);
#9901=CARTESIAN_POINT('',(-1.1275E0,0.E0,2.E0));
#9902=LINE('',#9901,#9900);
#9903=CURVE_STYLE('',#36,POSITIVE_LENGTH_MEASURE(2.E-2),#3);
#9904=PRESENTATION_STYLE_ASSIGNMENT((#9903));
#9905=STYLED_ITEM('',(#9904),#9902);
#9906=DIRECTION('',(0.E0,1.E0,0.E0));
#9907=VECTOR('',#9906,9.75E-1);
#9908=CARTESIAN_POINT('',(-2.E0,0.E0,2.E0));
#9909=LINE('',#9908,#9907);
#9910=CURVE_STYLE('',#36,POSITIVE_LENGTH_MEASURE(2.E-2),#3);
#9911=PRESENTATION_STYLE_ASSIGNMENT((#9910));
#9912=STYLED_ITEM('',(#9911),#9909);
#9913=DIRECTION('',(0.E0,1.E0,0.E0));
#9914=VECTOR('',#9913,7.5E-2);
#9915=CARTESIAN_POINT('',(1.1275E0,0.E0,2.E0));
#9916=LINE('',#9915,#9914);
#9917=CURVE_STYLE('',#36,POSITIVE_LENGTH_MEASURE(2.E-2),#3);
#9918=PRESENTATION_STYLE_ASSIGNMENT((#9917));
#9919=STYLED_ITEM('',(#9918),#9916);
#9920=DIRECTION('',(1.E0,0.E0,0.E0));
#9921=VECTOR('',#9920,3.05E-1);
#9922=CARTESIAN_POINT('',(8.225E-1,7.5E-2,2.E0));
#9923=LINE('',#9922,#9921);
#9924=CURVE_STYLE('',#36,POSITIVE_LENGTH_MEASURE(2.E-2),#3);
#9925=PRESENTATION_STYLE_ASSIGNMENT((#9924));
#9926=STYLED_ITEM('',(#9925),#9923);
#9927=DIRECTION('',(0.E0,1.E0,0.E0));
#9928=VECTOR('',#9927,7.5E-2);
#9929=CARTESIAN_POINT('',(8.225E-1,0.E0,2.E0));
#9930=LINE('',#9929,#9928);
#9931=CURVE_STYLE('',#36,POSITIVE_LENGTH_MEASURE(2.E-2),#3);
#9932=PRESENTATION_STYLE_ASSIGNMENT((#9931));
#9933=STYLED_ITEM('',(#9932),#9930);
#9934=DIRECTION('',(0.E0,1.E0,0.E0));
#9935=VECTOR('',#9934,7.5E-2);
#9936=CARTESIAN_POINT('',(4.775E-1,0.E0,2.E0));
#9937=LINE('',#9936,#9935);
#9938=CURVE_STYLE('',#36,POSITIVE_LENGTH_MEASURE(2.E-2),#3);
#9939=PRESENTATION_STYLE_ASSIGNMENT((#9938));
#9940=STYLED_ITEM('',(#9939),#9937);
#9941=DIRECTION('',(1.E0,0.E0,0.E0));
#9942=VECTOR('',#9941,3.05E-1);
#9943=CARTESIAN_POINT('',(1.725E-1,7.5E-2,2.E0));
#9944=LINE('',#9943,#9942);
#9945=CURVE_STYLE('',#36,POSITIVE_LENGTH_MEASURE(2.E-2),#3);
#9946=PRESENTATION_STYLE_ASSIGNMENT((#9945));
#9947=STYLED_ITEM('',(#9946),#9944);
#9948=DIRECTION('',(0.E0,1.E0,0.E0));
#9949=VECTOR('',#9948,7.5E-2);
#9950=CARTESIAN_POINT('',(1.725E-1,0.E0,2.E0));
#9951=LINE('',#9950,#9949);
#9952=CURVE_STYLE('',#36,POSITIVE_LENGTH_MEASURE(2.E-2),#3);
#9953=PRESENTATION_STYLE_ASSIGNMENT((#9952));
#9954=STYLED_ITEM('',(#9953),#9951);
#9955=DIRECTION('',(0.E0,1.E0,0.E0));
#9956=VECTOR('',#9955,7.5E-2);
#9957=CARTESIAN_POINT('',(-1.725E-1,0.E0,2.E0));
#9958=LINE('',#9957,#9956);
#9959=CURVE_STYLE('',#36,POSITIVE_LENGTH_MEASURE(2.E-2),#3);
#9960=PRESENTATION_STYLE_ASSIGNMENT((#9959));
#9961=STYLED_ITEM('',(#9960),#9958);
#9962=DIRECTION('',(1.E0,0.E0,0.E0));
#9963=VECTOR('',#9962,3.05E-1);
#9964=CARTESIAN_POINT('',(-4.775E-1,7.5E-2,2.E0));
#9965=LINE('',#9964,#9963);
#9966=CURVE_STYLE('',#36,POSITIVE_LENGTH_MEASURE(2.E-2),#3);
#9967=PRESENTATION_STYLE_ASSIGNMENT((#9966));
#9968=STYLED_ITEM('',(#9967),#9965);
#9969=DIRECTION('',(0.E0,1.E0,0.E0));
#9970=VECTOR('',#9969,7.5E-2);
#9971=CARTESIAN_POINT('',(-4.775E-1,0.E0,2.E0));
#9972=LINE('',#9971,#9970);
#9973=CURVE_STYLE('',#36,POSITIVE_LENGTH_MEASURE(2.E-2),#3);
#9974=PRESENTATION_STYLE_ASSIGNMENT((#9973));
#9975=STYLED_ITEM('',(#9974),#9972);
#9976=DIRECTION('',(0.E0,1.E0,0.E0));
#9977=VECTOR('',#9976,7.5E-2);
#9978=CARTESIAN_POINT('',(-8.225E-1,0.E0,2.E0));
#9979=LINE('',#9978,#9977);
#9980=CURVE_STYLE('',#36,POSITIVE_LENGTH_MEASURE(2.E-2),#3);
#9981=PRESENTATION_STYLE_ASSIGNMENT((#9980));
#9982=STYLED_ITEM('',(#9981),#9979);
#9983=DIRECTION('',(1.E0,0.E0,0.E0));
#9984=VECTOR('',#9983,3.05E-1);
#9985=CARTESIAN_POINT('',(-1.1275E0,7.5E-2,2.E0));
#9986=LINE('',#9985,#9984);
#9987=CURVE_STYLE('',#36,POSITIVE_LENGTH_MEASURE(2.E-2),#3);
#9988=PRESENTATION_STYLE_ASSIGNMENT((#9987));
#9989=STYLED_ITEM('',(#9988),#9986);
#9990=DIRECTION('',(1.E0,0.E0,0.E0));
#9991=VECTOR('',#9990,1.5E-1);
#9992=CARTESIAN_POINT('',(-1.875E0,7.5E-2,2.E0));
#9993=LINE('',#9992,#9991);
#9994=CURVE_STYLE('',#36,POSITIVE_LENGTH_MEASURE(2.E-2),#3);
#9995=PRESENTATION_STYLE_ASSIGNMENT((#9994));
#9996=STYLED_ITEM('',(#9995),#9993);
#9997=DIRECTION('',(0.E0,1.E0,0.E0));
#9998=VECTOR('',#9997,1.E-1);
#9999=CARTESIAN_POINT('',(-1.725E0,7.5E-2,2.E0));
#10000=LINE('',#9999,#9998);
#10001=CURVE_STYLE('',#36,POSITIVE_LENGTH_MEASURE(2.E-2),#3);
#10002=PRESENTATION_STYLE_ASSIGNMENT((#10001));
#10003=STYLED_ITEM('',(#10002),#10000);
#10004=DIRECTION('',(1.E0,0.E0,0.E0));
#10005=VECTOR('',#10004,1.5E-1);
#10006=CARTESIAN_POINT('',(-1.875E0,1.75E-1,2.E0));
#10007=LINE('',#10006,#10005);
#10008=CURVE_STYLE('',#36,POSITIVE_LENGTH_MEASURE(2.E-2),#3);
#10009=PRESENTATION_STYLE_ASSIGNMENT((#10008));
#10010=STYLED_ITEM('',(#10009),#10007);
#10011=DIRECTION('',(0.E0,1.E0,0.E0));
#10012=VECTOR('',#10011,1.E-1);
#10013=CARTESIAN_POINT('',(-1.875E0,7.5E-2,2.E0));
#10014=LINE('',#10013,#10012);
#10015=CURVE_STYLE('',#36,POSITIVE_LENGTH_MEASURE(2.E-2),#3);
#10016=PRESENTATION_STYLE_ASSIGNMENT((#10015));
#10017=STYLED_ITEM('',(#10016),#10014);
#10018=DIRECTION('',(1.E0,0.E0,0.E0));
#10019=VECTOR('',#10018,1.5E-1);
#10020=CARTESIAN_POINT('',(1.725E0,7.5E-2,2.E0));
#10021=LINE('',#10020,#10019);
#10022=CURVE_STYLE('',#36,POSITIVE_LENGTH_MEASURE(2.E-2),#3);
#10023=PRESENTATION_STYLE_ASSIGNMENT((#10022));
#10024=STYLED_ITEM('',(#10023),#10021);
#10025=DIRECTION('',(0.E0,1.E0,0.E0));
#10026=VECTOR('',#10025,1.E-1);
#10027=CARTESIAN_POINT('',(1.875E0,7.5E-2,2.E0));
#10028=LINE('',#10027,#10026);
#10029=CURVE_STYLE('',#36,POSITIVE_LENGTH_MEASURE(2.E-2),#3);
#10030=PRESENTATION_STYLE_ASSIGNMENT((#10029));
#10031=STYLED_ITEM('',(#10030),#10028);
#10032=DIRECTION('',(1.E0,0.E0,0.E0));
#10033=VECTOR('',#10032,1.5E-1);
#10034=CARTESIAN_POINT('',(1.725E0,1.75E-1,2.E0));
#10035=LINE('',#10034,#10033);
#10036=CURVE_STYLE('',#36,POSITIVE_LENGTH_MEASURE(2.E-2),#3);
#10037=PRESENTATION_STYLE_ASSIGNMENT((#10036));
#10038=STYLED_ITEM('',(#10037),#10035);
#10039=DIRECTION('',(0.E0,1.E0,0.E0));
#10040=VECTOR('',#10039,1.E-1);
#10041=CARTESIAN_POINT('',(1.725E0,7.5E-2,2.E0));
#10042=LINE('',#10041,#10040);
#10043=CURVE_STYLE('',#36,POSITIVE_LENGTH_MEASURE(2.E-2),#3);
#10044=PRESENTATION_STYLE_ASSIGNMENT((#10043));
#10045=STYLED_ITEM('',(#10044),#10042);
#10046=DIRECTION('',(0.E0,1.E0,0.E0));
#10047=VECTOR('',#10046,7.5E-2);
#10048=CARTESIAN_POINT('',(-1.1275E0,0.E0,1.5E0));
#10049=LINE('',#10048,#10047);
#10050=CURVE_STYLE('',#36,POSITIVE_LENGTH_MEASURE(2.E-2),#3);
#10051=PRESENTATION_STYLE_ASSIGNMENT((#10050));
#10052=STYLED_ITEM('',(#10051),#10049);
#10053=DIRECTION('',(0.E0,0.E0,1.E0));
#10054=VECTOR('',#10053,5.E-1);
#10055=CARTESIAN_POINT('',(-8.225E-1,7.5E-2,1.5E0));
#10056=LINE('',#10055,#10054);
#10057=CURVE_STYLE('',#36,POSITIVE_LENGTH_MEASURE(2.E-2),#3);
#10058=PRESENTATION_STYLE_ASSIGNMENT((#10057));
#10059=STYLED_ITEM('',(#10058),#10056);
#10060=CARTESIAN_POINT('',(-9.75E-1,7.5E-2,1.7075625E0));
#10061=DIRECTION('',(0.E0,1.E0,0.E0));
#10062=DIRECTION('',(5.920892987139E-1,0.E0,-8.058723610774E-1));
#10063=AXIS2_PLACEMENT_3D('',#10060,#10061,#10062);
#10065=CURVE_STYLE('',#36,POSITIVE_LENGTH_MEASURE(2.E-2),#3);
#10066=PRESENTATION_STYLE_ASSIGNMENT((#10065));
#10067=STYLED_ITEM('',(#10066),#10064);
#10068=CARTESIAN_POINT('',(-9.74E-1,7.5E-2,1.6015E0));
#10069=DIRECTION('',(0.E0,-1.E0,0.E0));
#10070=DIRECTION('',(0.E0,0.E0,-1.E0));
#10071=AXIS2_PLACEMENT_3D('',#10068,#10069,#10070);
#10073=CURVE_STYLE('',#36,POSITIVE_LENGTH_MEASURE(2.E-2),#3);
#10074=PRESENTATION_STYLE_ASSIGNMENT((#10073));
#10075=STYLED_ITEM('',(#10074),#10072);
#10076=DIRECTION('',(1.E0,0.E0,0.E0));
#10077=VECTOR('',#10076,2.E-3);
#10078=CARTESIAN_POINT('',(-9.76E-1,7.5E-2,1.45E0));
#10079=LINE('',#10078,#10077);
#10080=CURVE_STYLE('',#36,POSITIVE_LENGTH_MEASURE(2.E-2),#3);
#10081=PRESENTATION_STYLE_ASSIGNMENT((#10080));
#10082=STYLED_ITEM('',(#10081),#10079);
#10083=CARTESIAN_POINT('',(-9.76E-1,7.5E-2,1.6015E0));
#10084=DIRECTION('',(0.E0,-1.E0,0.E0));
#10085=DIRECTION('',(-2.171957144658E-2,0.E0,-9.997641022842E-1));
#10086=AXIS2_PLACEMENT_3D('',#10083,#10084,#10085);
#10088=CURVE_STYLE('',#36,POSITIVE_LENGTH_MEASURE(2.E-2),#3);
#10089=PRESENTATION_STYLE_ASSIGNMENT((#10088));
#10090=STYLED_ITEM('',(#10089),#10087);
#10091=CARTESIAN_POINT('',(-9.75E-1,7.5E-2,1.7075625E0));
#10092=DIRECTION('',(0.E0,1.E0,0.E0));
#10093=DIRECTION('',(-1.665815122216E-2,0.E0,-9.998612433722E-1));
#10094=AXIS2_PLACEMENT_3D('',#10091,#10092,#10093);
#10096=CURVE_STYLE('',#36,POSITIVE_LENGTH_MEASURE(2.E-2),#3);
#10097=PRESENTATION_STYLE_ASSIGNMENT((#10096));
#10098=STYLED_ITEM('',(#10097),#10095);
#10099=DIRECTION('',(0.E0,0.E0,-1.E0));
#10100=VECTOR('',#10099,5.E-1);
#10101=CARTESIAN_POINT('',(-1.1275E0,7.5E-2,2.E0));
#10102=LINE('',#10101,#10100);
#10103=CURVE_STYLE('',#36,POSITIVE_LENGTH_MEASURE(2.E-2),#3);
#10104=PRESENTATION_STYLE_ASSIGNMENT((#10103));
#10105=STYLED_ITEM('',(#10104),#10102);
#10106=DIRECTION('',(0.E0,1.E0,0.E0));
#10107=VECTOR('',#10106,7.5E-2);
#10108=CARTESIAN_POINT('',(-8.225E-1,0.E0,1.5E0));
#10109=LINE('',#10108,#10107);
#10110=CURVE_STYLE('',#36,POSITIVE_LENGTH_MEASURE(2.E-2),#3);
#10111=PRESENTATION_STYLE_ASSIGNMENT((#10110));
#10112=STYLED_ITEM('',(#10111),#10109);
#10113=DIRECTION('',(0.E0,1.E0,0.E0));
#10114=VECTOR('',#10113,7.5E-2);
#10115=CARTESIAN_POINT('',(-9.74E-1,0.E0,1.45E0));
#10116=LINE('',#10115,#10114);
#10117=CURVE_STYLE('',#36,POSITIVE_LENGTH_MEASURE(2.E-2),#3);
#10118=PRESENTATION_STYLE_ASSIGNMENT((#10117));
#10119=STYLED_ITEM('',(#10118),#10116);
#10120=DIRECTION('',(4.144832625267E-14,-1.E0,0.E0));
#10121=VECTOR('',#10120,7.5E-2);
#10122=CARTESIAN_POINT('',(-9.707094849258E-1,7.5E-2,1.450035738504E0));
#10123=LINE('',#10122,#10121);
#10124=CURVE_STYLE('',#36,POSITIVE_LENGTH_MEASURE(2.E-2),#3);
#10125=PRESENTATION_STYLE_ASSIGNMENT((#10124));
#10126=STYLED_ITEM('',(#10125),#10123);
#10127=DIRECTION('',(0.E0,1.E0,0.E0));
#10128=VECTOR('',#10127,7.5E-2);
#10129=CARTESIAN_POINT('',(-9.76E-1,0.E0,1.45E0));
#10130=LINE('',#10129,#10128);
#10131=CURVE_STYLE('',#36,POSITIVE_LENGTH_MEASURE(2.E-2),#3);
#10132=PRESENTATION_STYLE_ASSIGNMENT((#10131));
#10133=STYLED_ITEM('',(#10132),#10130);
#10134=DIRECTION('',(-3.552713678801E-14,-1.E0,0.E0));
#10135=VECTOR('',#10134,7.5E-2);
#10136=CARTESIAN_POINT('',(-9.792905150742E-1,7.5E-2,1.450035738504E0));
#10137=LINE('',#10136,#10135);
#10138=CURVE_STYLE('',#36,POSITIVE_LENGTH_MEASURE(2.E-2),#3);
#10139=PRESENTATION_STYLE_ASSIGNMENT((#10138));
#10140=STYLED_ITEM('',(#10139),#10137);
#10141=DIRECTION('',(0.E0,0.E0,1.E0));
#10142=VECTOR('',#10141,4.E0);
#10143=CARTESIAN_POINT('',(-2.E0,9.75E-1,-2.E0));
#10144=LINE('',#10143,#10142);
#10145=CURVE_STYLE('',#36,POSITIVE_LENGTH_MEASURE(2.E-2),#3);
#10146=PRESENTATION_STYLE_ASSIGNMENT((#10145));
#10147=STYLED_ITEM('',(#10146),#10144);
#10148=DIRECTION('',(-1.E0,0.E0,0.E0));
#10149=VECTOR('',#10148,4.E0);
#10150=CARTESIAN_POINT('',(2.E0,9.75E-1,-2.E0));
#10151=LINE('',#10150,#10149);
#10152=CURVE_STYLE('',#36,POSITIVE_LENGTH_MEASURE(2.E-2),#3);
#10153=PRESENTATION_STYLE_ASSIGNMENT((#10152));
#10154=STYLED_ITEM('',(#10153),#10151);
#10155=DIRECTION('',(0.E0,0.E0,-1.E0));
#10156=VECTOR('',#10155,4.E0);
#10157=CARTESIAN_POINT('',(2.E0,9.75E-1,2.E0));
#10158=LINE('',#10157,#10156);
#10159=CURVE_STYLE('',#36,POSITIVE_LENGTH_MEASURE(2.E-2),#3);
#10160=PRESENTATION_STYLE_ASSIGNMENT((#10159));
#10161=STYLED_ITEM('',(#10160),#10158);
#10162=DIRECTION('',(1.E0,0.E0,0.E0));
#10163=VECTOR('',#10162,4.E0);
#10164=CARTESIAN_POINT('',(-2.E0,9.75E-1,2.E0));
#10165=LINE('',#10164,#10163);
#10166=CURVE_STYLE('',#36,POSITIVE_LENGTH_MEASURE(2.E-2),#3);
#10167=PRESENTATION_STYLE_ASSIGNMENT((#10166));
#10168=STYLED_ITEM('',(#10167),#10165);
#10169=DIRECTION('',(0.E0,1.E0,0.E0));
#10170=VECTOR('',#10169,7.5E-2);
#10171=CARTESIAN_POINT('',(1.1275E0,0.E0,1.5E0));
#10172=LINE('',#10171,#10170);
#10173=CURVE_STYLE('',#36,POSITIVE_LENGTH_MEASURE(2.E-2),#3);
#10174=PRESENTATION_STYLE_ASSIGNMENT((#10173));
#10175=STYLED_ITEM('',(#10174),#10172);
#10176=DIRECTION('',(0.E0,1.E0,0.E0));
#10177=VECTOR('',#10176,7.5E-2);
#10178=CARTESIAN_POINT('',(9.76E-1,0.E0,1.45E0));
#10179=LINE('',#10178,#10177);
#10180=CURVE_STYLE('',#36,POSITIVE_LENGTH_MEASURE(2.E-2),#3);
#10181=PRESENTATION_STYLE_ASSIGNMENT((#10180));
#10182=STYLED_ITEM('',(#10181),#10179);
#10183=DIRECTION('',(-8.881784197001E-14,-1.E0,0.E0));
#10184=VECTOR('',#10183,7.5E-2);
#10185=CARTESIAN_POINT('',(9.792905150741E-1,7.5E-2,1.450035738504E0));
#10186=LINE('',#10185,#10184);
#10187=CURVE_STYLE('',#36,POSITIVE_LENGTH_MEASURE(2.E-2),#3);
#10188=PRESENTATION_STYLE_ASSIGNMENT((#10187));
#10189=STYLED_ITEM('',(#10188),#10186);
#10190=DIRECTION('',(0.E0,1.E0,0.E0));
#10191=VECTOR('',#10190,7.5E-2);
#10192=CARTESIAN_POINT('',(9.74E-1,0.E0,1.45E0));
#10193=LINE('',#10192,#10191);
#10194=CURVE_STYLE('',#36,POSITIVE_LENGTH_MEASURE(2.E-2),#3);
#10195=PRESENTATION_STYLE_ASSIGNMENT((#10194));
#10196=STYLED_ITEM('',(#10195),#10193);
#10197=DIRECTION('',(8.585724723768E-14,-1.E0,0.E0));
#10198=VECTOR('',#10197,7.5E-2);
#10199=CARTESIAN_POINT('',(9.707094849259E-1,7.5E-2,1.450035738504E0));
#10200=LINE('',#10199,#10198);
#10201=CURVE_STYLE('',#36,POSITIVE_LENGTH_MEASURE(2.E-2),#3);
#10202=PRESENTATION_STYLE_ASSIGNMENT((#10201));
#10203=STYLED_ITEM('',(#10202),#10200);
#10204=DIRECTION('',(0.E0,0.E0,1.E0));
#10205=VECTOR('',#10204,5.E-1);
#10206=CARTESIAN_POINT('',(1.1275E0,7.5E-2,1.5E0));
#10207=LINE('',#10206,#10205);
#10208=CURVE_STYLE('',#36,POSITIVE_LENGTH_MEASURE(2.E-2),#3);
#10209=PRESENTATION_STYLE_ASSIGNMENT((#10208));
#10210=STYLED_ITEM('',(#10209),#10207);
#10211=CARTESIAN_POINT('',(9.75E-1,7.5E-2,1.7075625E0));
#10212=DIRECTION('',(0.E0,1.E0,0.E0));
#10213=DIRECTION('',(5.920892987139E-1,0.E0,-8.058723610774E-1));
#10214=AXIS2_PLACEMENT_3D('',#10211,#10212,#10213);
#10216=CURVE_STYLE('',#36,POSITIVE_LENGTH_MEASURE(2.E-2),#3);
#10217=PRESENTATION_STYLE_ASSIGNMENT((#10216));
#10218=STYLED_ITEM('',(#10217),#10215);
#10219=CARTESIAN_POINT('',(9.76E-1,7.5E-2,1.6015E0));
#10220=DIRECTION('',(0.E0,-1.E0,0.E0));
#10221=DIRECTION('',(0.E0,0.E0,-1.E0));
#10222=AXIS2_PLACEMENT_3D('',#10219,#10220,#10221);
#10224=CURVE_STYLE('',#36,POSITIVE_LENGTH_MEASURE(2.E-2),#3);
#10225=PRESENTATION_STYLE_ASSIGNMENT((#10224));
#10226=STYLED_ITEM('',(#10225),#10223);
#10227=DIRECTION('',(1.E0,0.E0,0.E0));
#10228=VECTOR('',#10227,2.E-3);
#10229=CARTESIAN_POINT('',(9.74E-1,7.5E-2,1.45E0));
#10230=LINE('',#10229,#10228);
#10231=CURVE_STYLE('',#36,POSITIVE_LENGTH_MEASURE(2.E-2),#3);
#10232=PRESENTATION_STYLE_ASSIGNMENT((#10231));
#10233=STYLED_ITEM('',(#10232),#10230);
#10234=CARTESIAN_POINT('',(9.74E-1,7.5E-2,1.6015E0));
#10235=DIRECTION('',(0.E0,-1.E0,0.E0));
#10236=DIRECTION('',(-2.171957144617E-2,0.E0,-9.997641022842E-1));
#10237=AXIS2_PLACEMENT_3D('',#10234,#10235,#10236);
#10239=CURVE_STYLE('',#36,POSITIVE_LENGTH_MEASURE(2.E-2),#3);
#10240=PRESENTATION_STYLE_ASSIGNMENT((#10239));
#10241=STYLED_ITEM('',(#10240),#10238);
#10242=CARTESIAN_POINT('',(9.75E-1,7.5E-2,1.7075625E0));
#10243=DIRECTION('',(0.E0,1.E0,0.E0));
#10244=DIRECTION('',(-1.665815122192E-2,0.E0,-9.998612433722E-1));
#10245=AXIS2_PLACEMENT_3D('',#10242,#10243,#10244);
#10247=CURVE_STYLE('',#36,POSITIVE_LENGTH_MEASURE(2.E-2),#3);
#10248=PRESENTATION_STYLE_ASSIGNMENT((#10247));
#10249=STYLED_ITEM('',(#10248),#10246);
#10250=DIRECTION('',(0.E0,0.E0,-1.E0));
#10251=VECTOR('',#10250,5.E-1);
#10252=CARTESIAN_POINT('',(8.225E-1,7.5E-2,2.E0));
#10253=LINE('',#10252,#10251);
#10254=CURVE_STYLE('',#36,POSITIVE_LENGTH_MEASURE(2.E-2),#3);
#10255=PRESENTATION_STYLE_ASSIGNMENT((#10254));
#10256=STYLED_ITEM('',(#10255),#10253);
#10257=DIRECTION('',(0.E0,1.E0,0.E0));
#10258=VECTOR('',#10257,7.5E-2);
#10259=CARTESIAN_POINT('',(8.225E-1,0.E0,1.5E0));
#10260=LINE('',#10259,#10258);
#10261=CURVE_STYLE('',#36,POSITIVE_LENGTH_MEASURE(2.E-2),#3);
#10262=PRESENTATION_STYLE_ASSIGNMENT((#10261));
#10263=STYLED_ITEM('',(#10262),#10260);
#10264=DIRECTION('',(0.E0,1.E0,0.E0));
#10265=VECTOR('',#10264,7.5E-2);
#10266=CARTESIAN_POINT('',(4.775E-1,0.E0,1.5E0));
#10267=LINE('',#10266,#10265);
#10268=CURVE_STYLE('',#36,POSITIVE_LENGTH_MEASURE(2.E-2),#3);
#10269=PRESENTATION_STYLE_ASSIGNMENT((#10268));
#10270=STYLED_ITEM('',(#10269),#10267);
#10271=DIRECTION('',(0.E0,1.E0,0.E0));
#10272=VECTOR('',#10271,7.5E-2);
#10273=CARTESIAN_POINT('',(3.26E-1,0.E0,1.45E0));
#10274=LINE('',#10273,#10272);
#10275=CURVE_STYLE('',#36,POSITIVE_LENGTH_MEASURE(2.E-2),#3);
#10276=PRESENTATION_STYLE_ASSIGNMENT((#10275));
#10277=STYLED_ITEM('',(#10276),#10274);
#10278=DIRECTION('',(3.626728547109E-14,-1.E0,0.E0));
#10279=VECTOR('',#10278,7.5E-2);
#10280=CARTESIAN_POINT('',(3.292905150741E-1,7.5E-2,1.450035738504E0));
#10281=LINE('',#10280,#10279);
#10282=CURVE_STYLE('',#36,POSITIVE_LENGTH_MEASURE(2.E-2),#3);
#10283=PRESENTATION_STYLE_ASSIGNMENT((#10282));
#10284=STYLED_ITEM('',(#10283),#10281);
#10285=DIRECTION('',(0.E0,1.E0,0.E0));
#10286=VECTOR('',#10285,7.5E-2);
#10287=CARTESIAN_POINT('',(3.24E-1,0.E0,1.45E0));
#10288=LINE('',#10287,#10286);
#10289=CURVE_STYLE('',#36,POSITIVE_LENGTH_MEASURE(2.E-2),#3);
#10290=PRESENTATION_STYLE_ASSIGNMENT((#10289));
#10291=STYLED_ITEM('',(#10290),#10288);
#10292=DIRECTION('',(-4.144832625267E-14,-1.E0,0.E0));
#10293=VECTOR('',#10292,7.5E-2);
#10294=CARTESIAN_POINT('',(3.207094849259E-1,7.5E-2,1.450035738504E0));
#10295=LINE('',#10294,#10293);
#10296=CURVE_STYLE('',#36,POSITIVE_LENGTH_MEASURE(2.E-2),#3);
#10297=PRESENTATION_STYLE_ASSIGNMENT((#10296));
#10298=STYLED_ITEM('',(#10297),#10295);
#10299=DIRECTION('',(0.E0,0.E0,1.E0));
#10300=VECTOR('',#10299,5.E-1);
#10301=CARTESIAN_POINT('',(4.775E-1,7.5E-2,1.5E0));
#10302=LINE('',#10301,#10300);
#10303=CURVE_STYLE('',#36,POSITIVE_LENGTH_MEASURE(2.E-2),#3);
#10304=PRESENTATION_STYLE_ASSIGNMENT((#10303));
#10305=STYLED_ITEM('',(#10304),#10302);
#10306=CARTESIAN_POINT('',(3.25E-1,7.5E-2,1.7075625E0));
#10307=DIRECTION('',(0.E0,1.E0,0.E0));
#10308=DIRECTION('',(5.920892987139E-1,0.E0,-8.058723610774E-1));
#10309=AXIS2_PLACEMENT_3D('',#10306,#10307,#10308);
#10311=CURVE_STYLE('',#36,POSITIVE_LENGTH_MEASURE(2.E-2),#3);
#10312=PRESENTATION_STYLE_ASSIGNMENT((#10311));
#10313=STYLED_ITEM('',(#10312),#10310);
#10314=CARTESIAN_POINT('',(3.26E-1,7.5E-2,1.6015E0));
#10315=DIRECTION('',(0.E0,-1.E0,0.E0));
#10316=DIRECTION('',(0.E0,0.E0,-1.E0));
#10317=AXIS2_PLACEMENT_3D('',#10314,#10315,#10316);
#10319=CURVE_STYLE('',#36,POSITIVE_LENGTH_MEASURE(2.E-2),#3);
#10320=PRESENTATION_STYLE_ASSIGNMENT((#10319));
#10321=STYLED_ITEM('',(#10320),#10318);
#10322=DIRECTION('',(1.E0,0.E0,0.E0));
#10323=VECTOR('',#10322,2.E-3);
#10324=CARTESIAN_POINT('',(3.24E-1,7.5E-2,1.45E0));
#10325=LINE('',#10324,#10323);
#10326=CURVE_STYLE('',#36,POSITIVE_LENGTH_MEASURE(2.E-2),#3);
#10327=PRESENTATION_STYLE_ASSIGNMENT((#10326));
#10328=STYLED_ITEM('',(#10327),#10325);
#10329=CARTESIAN_POINT('',(3.24E-1,7.5E-2,1.6015E0));
#10330=DIRECTION('',(0.E0,-1.E0,0.E0));
#10331=DIRECTION('',(-2.171957144630E-2,0.E0,-9.997641022842E-1));
#10332=AXIS2_PLACEMENT_3D('',#10329,#10330,#10331);
#10334=CURVE_STYLE('',#36,POSITIVE_LENGTH_MEASURE(2.E-2),#3);
#10335=PRESENTATION_STYLE_ASSIGNMENT((#10334));
#10336=STYLED_ITEM('',(#10335),#10333);
#10337=CARTESIAN_POINT('',(3.25E-1,7.5E-2,1.7075625E0));
#10338=DIRECTION('',(0.E0,1.E0,0.E0));
#10339=DIRECTION('',(-1.665815122199E-2,0.E0,-9.998612433722E-1));
#10340=AXIS2_PLACEMENT_3D('',#10337,#10338,#10339);
#10342=CURVE_STYLE('',#36,POSITIVE_LENGTH_MEASURE(2.E-2),#3);
#10343=PRESENTATION_STYLE_ASSIGNMENT((#10342));
#10344=STYLED_ITEM('',(#10343),#10341);
#10345=DIRECTION('',(0.E0,0.E0,-1.E0));
#10346=VECTOR('',#10345,5.E-1);
#10347=CARTESIAN_POINT('',(1.725E-1,7.5E-2,2.E0));
#10348=LINE('',#10347,#10346);
#10349=CURVE_STYLE('',#36,POSITIVE_LENGTH_MEASURE(2.E-2),#3);
#10350=PRESENTATION_STYLE_ASSIGNMENT((#10349));
#10351=STYLED_ITEM('',(#10350),#10348);
#10352=DIRECTION('',(0.E0,1.E0,0.E0));
#10353=VECTOR('',#10352,7.5E-2);
#10354=CARTESIAN_POINT('',(1.725E-1,0.E0,1.5E0));
#10355=LINE('',#10354,#10353);
#10356=CURVE_STYLE('',#36,POSITIVE_LENGTH_MEASURE(2.E-2),#3);
#10357=PRESENTATION_STYLE_ASSIGNMENT((#10356));
#10358=STYLED_ITEM('',(#10357),#10355);
#10359=DIRECTION('',(0.E0,1.E0,0.E0));
#10360=VECTOR('',#10359,7.5E-2);
#10361=CARTESIAN_POINT('',(-1.725E-1,0.E0,1.5E0));
#10362=LINE('',#10361,#10360);
#10363=CURVE_STYLE('',#36,POSITIVE_LENGTH_MEASURE(2.E-2),#3);
#10364=PRESENTATION_STYLE_ASSIGNMENT((#10363));
#10365=STYLED_ITEM('',(#10364),#10362);
#10366=DIRECTION('',(0.E0,1.E0,0.E0));
#10367=VECTOR('',#10366,7.5E-2);
#10368=CARTESIAN_POINT('',(-3.24E-1,0.E0,1.45E0));
#10369=LINE('',#10368,#10367);
#10370=CURVE_STYLE('',#36,POSITIVE_LENGTH_MEASURE(2.E-2),#3);
#10371=PRESENTATION_STYLE_ASSIGNMENT((#10370));
#10372=STYLED_ITEM('',(#10371),#10369);
#10373=DIRECTION('',(2.886579864025E-14,-1.E0,0.E0));
#10374=VECTOR('',#10373,7.5E-2);
#10375=CARTESIAN_POINT('',(-3.207094849259E-1,7.5E-2,1.450035738504E0));
#10376=LINE('',#10375,#10374);
#10377=CURVE_STYLE('',#36,POSITIVE_LENGTH_MEASURE(2.E-2),#3);
#10378=PRESENTATION_STYLE_ASSIGNMENT((#10377));
#10379=STYLED_ITEM('',(#10378),#10376);
#10380=DIRECTION('',(0.E0,1.E0,0.E0));
#10381=VECTOR('',#10380,7.5E-2);
#10382=CARTESIAN_POINT('',(-3.26E-1,0.E0,1.45E0));
#10383=LINE('',#10382,#10381);
#10384=CURVE_STYLE('',#36,POSITIVE_LENGTH_MEASURE(2.E-2),#3);
#10385=PRESENTATION_STYLE_ASSIGNMENT((#10384));
#10386=STYLED_ITEM('',(#10385),#10383);
#10387=DIRECTION('',(-4.070817756959E-14,-1.E0,0.E0));
#10388=VECTOR('',#10387,7.5E-2);
#10389=CARTESIAN_POINT('',(-3.292905150741E-1,7.5E-2,1.450035738504E0));
#10390=LINE('',#10389,#10388);
#10391=CURVE_STYLE('',#36,POSITIVE_LENGTH_MEASURE(2.E-2),#3);
#10392=PRESENTATION_STYLE_ASSIGNMENT((#10391));
#10393=STYLED_ITEM('',(#10392),#10390);
#10394=DIRECTION('',(0.E0,0.E0,1.E0));
#10395=VECTOR('',#10394,5.E-1);
#10396=CARTESIAN_POINT('',(-1.725E-1,7.5E-2,1.5E0));
#10397=LINE('',#10396,#10395);
#10398=CURVE_STYLE('',#36,POSITIVE_LENGTH_MEASURE(2.E-2),#3);
#10399=PRESENTATION_STYLE_ASSIGNMENT((#10398));
#10400=STYLED_ITEM('',(#10399),#10397);
#10401=CARTESIAN_POINT('',(-3.25E-1,7.5E-2,1.7075625E0));
#10402=DIRECTION('',(0.E0,1.E0,0.E0));
#10403=DIRECTION('',(5.920892987139E-1,0.E0,-8.058723610774E-1));
#10404=AXIS2_PLACEMENT_3D('',#10401,#10402,#10403);
#10406=CURVE_STYLE('',#36,POSITIVE_LENGTH_MEASURE(2.E-2),#3);
#10407=PRESENTATION_STYLE_ASSIGNMENT((#10406));
#10408=STYLED_ITEM('',(#10407),#10405);
#10409=CARTESIAN_POINT('',(-3.24E-1,7.5E-2,1.6015E0));
#10410=DIRECTION('',(0.E0,-1.E0,0.E0));
#10411=DIRECTION('',(0.E0,0.E0,-1.E0));
#10412=AXIS2_PLACEMENT_3D('',#10409,#10410,#10411);
#10414=CURVE_STYLE('',#36,POSITIVE_LENGTH_MEASURE(2.E-2),#3);
#10415=PRESENTATION_STYLE_ASSIGNMENT((#10414));
#10416=STYLED_ITEM('',(#10415),#10413);
#10417=DIRECTION('',(1.E0,0.E0,0.E0));
#10418=VECTOR('',#10417,2.E-3);
#10419=CARTESIAN_POINT('',(-3.26E-1,7.5E-2,1.45E0));
#10420=LINE('',#10419,#10418);
#10421=CURVE_STYLE('',#36,POSITIVE_LENGTH_MEASURE(2.E-2),#3);
#10422=PRESENTATION_STYLE_ASSIGNMENT((#10421));
#10423=STYLED_ITEM('',(#10422),#10420);
#10424=CARTESIAN_POINT('',(-3.26E-1,7.5E-2,1.6015E0));
#10425=DIRECTION('',(0.E0,-1.E0,0.E0));
#10426=DIRECTION('',(-2.171957144630E-2,0.E0,-9.997641022842E-1));
#10427=AXIS2_PLACEMENT_3D('',#10424,#10425,#10426);
#10429=CURVE_STYLE('',#36,POSITIVE_LENGTH_MEASURE(2.E-2),#3);
#10430=PRESENTATION_STYLE_ASSIGNMENT((#10429));
#10431=STYLED_ITEM('',(#10430),#10428);
#10432=CARTESIAN_POINT('',(-3.25E-1,7.5E-2,1.7075625E0));
#10433=DIRECTION('',(0.E0,1.E0,0.E0));
#10434=DIRECTION('',(-1.665815122199E-2,0.E0,-9.998612433722E-1));
#10435=AXIS2_PLACEMENT_3D('',#10432,#10433,#10434);
#10437=CURVE_STYLE('',#36,POSITIVE_LENGTH_MEASURE(2.E-2),#3);
#10438=PRESENTATION_STYLE_ASSIGNMENT((#10437));
#10439=STYLED_ITEM('',(#10438),#10436);
#10440=DIRECTION('',(0.E0,0.E0,-1.E0));
#10441=VECTOR('',#10440,5.E-1);
#10442=CARTESIAN_POINT('',(-4.775E-1,7.5E-2,2.E0));
#10443=LINE('',#10442,#10441);
#10444=CURVE_STYLE('',#36,POSITIVE_LENGTH_MEASURE(2.E-2),#3);
#10445=PRESENTATION_STYLE_ASSIGNMENT((#10444));
#10446=STYLED_ITEM('',(#10445),#10443);
#10447=DIRECTION('',(0.E0,1.E0,0.E0));
#10448=VECTOR('',#10447,7.5E-2);
#10449=CARTESIAN_POINT('',(-4.775E-1,0.E0,1.5E0));
#10450=LINE('',#10449,#10448);
#10451=CURVE_STYLE('',#36,POSITIVE_LENGTH_MEASURE(2.E-2),#3);
#10452=PRESENTATION_STYLE_ASSIGNMENT((#10451));
#10453=STYLED_ITEM('',(#10452),#10450);
#10454=DIRECTION('',(-1.E0,0.E0,0.E0));
#10455=VECTOR('',#10454,1.25E-1);
#10456=CARTESIAN_POINT('',(-1.875E0,7.5E-2,-1.875E0));
#10457=LINE('',#10456,#10455);
#10458=CURVE_STYLE('',#36,POSITIVE_LENGTH_MEASURE(2.E-2),#3);
#10459=PRESENTATION_STYLE_ASSIGNMENT((#10458));
#10460=STYLED_ITEM('',(#10459),#10457);
#10461=DIRECTION('',(0.E0,0.E0,1.E0));
#10462=VECTOR('',#10461,1.25E-1);
#10463=CARTESIAN_POINT('',(-1.875E0,7.5E-2,-2.E0));
#10464=LINE('',#10463,#10462);
#10465=CURVE_STYLE('',#36,POSITIVE_LENGTH_MEASURE(2.E-2),#3);
#10466=PRESENTATION_STYLE_ASSIGNMENT((#10465));
#10467=STYLED_ITEM('',(#10466),#10464);
#10468=DIRECTION('',(0.E0,0.E0,-1.E0));
#10469=VECTOR('',#10468,2.75E-1);
#10470=CARTESIAN_POINT('',(-1.725E0,7.5E-2,-1.725E0));
#10471=LINE('',#10470,#10469);
#10472=CURVE_STYLE('',#36,POSITIVE_LENGTH_MEASURE(2.E-2),#3);
#10473=PRESENTATION_STYLE_ASSIGNMENT((#10472));
#10474=STYLED_ITEM('',(#10473),#10471);
#10475=DIRECTION('',(1.E0,0.E0,0.E0));
#10476=VECTOR('',#10475,2.75E-1);
#10477=CARTESIAN_POINT('',(-2.E0,7.5E-2,-1.725E0));
#10478=LINE('',#10477,#10476);
#10479=CURVE_STYLE('',#36,POSITIVE_LENGTH_MEASURE(2.E-2),#3);
#10480=PRESENTATION_STYLE_ASSIGNMENT((#10479));
#10481=STYLED_ITEM('',(#10480),#10478);
#10482=DIRECTION('',(-1.E0,0.E0,0.E0));
#10483=VECTOR('',#10482,2.75E-1);
#10484=CARTESIAN_POINT('',(-1.725E0,7.5E-2,1.725E0));
#10485=LINE('',#10484,#10483);
#10486=CURVE_STYLE('',#36,POSITIVE_LENGTH_MEASURE(2.E-2),#3);
#10487=PRESENTATION_STYLE_ASSIGNMENT((#10486));
#10488=STYLED_ITEM('',(#10487),#10485);
#10489=DIRECTION('',(0.E0,0.E0,-1.E0));
#10490=VECTOR('',#10489,2.75E-1);
#10491=CARTESIAN_POINT('',(-1.725E0,7.5E-2,2.E0));
#10492=LINE('',#10491,#10490);
#10493=CURVE_STYLE('',#36,POSITIVE_LENGTH_MEASURE(2.E-2),#3);
#10494=PRESENTATION_STYLE_ASSIGNMENT((#10493));
#10495=STYLED_ITEM('',(#10494),#10492);
#10496=DIRECTION('',(0.E0,0.E0,1.E0));
#10497=VECTOR('',#10496,1.25E-1);
#10498=CARTESIAN_POINT('',(-1.875E0,7.5E-2,1.875E0));
#10499=LINE('',#10498,#10497);
#10500=CURVE_STYLE('',#36,POSITIVE_LENGTH_MEASURE(2.E-2),#3);
#10501=PRESENTATION_STYLE_ASSIGNMENT((#10500));
#10502=STYLED_ITEM('',(#10501),#10499);
#10503=DIRECTION('',(1.E0,0.E0,0.E0));
#10504=VECTOR('',#10503,1.25E-1);
#10505=CARTESIAN_POINT('',(-2.E0,7.5E-2,1.875E0));
#10506=LINE('',#10505,#10504);
#10507=CURVE_STYLE('',#36,POSITIVE_LENGTH_MEASURE(2.E-2),#3);
#10508=PRESENTATION_STYLE_ASSIGNMENT((#10507));
#10509=STYLED_ITEM('',(#10508),#10506);
#10510=DIRECTION('',(0.E0,0.E0,1.E0));
#10511=VECTOR('',#10510,2.75E-1);
#10512=CARTESIAN_POINT('',(1.725E0,7.5E-2,1.725E0));
#10513=LINE('',#10512,#10511);
#10514=CURVE_STYLE('',#36,POSITIVE_LENGTH_MEASURE(2.E-2),#3);
#10515=PRESENTATION_STYLE_ASSIGNMENT((#10514));
#10516=STYLED_ITEM('',(#10515),#10513);
#10517=DIRECTION('',(-1.E0,0.E0,0.E0));
#10518=VECTOR('',#10517,2.75E-1);
#10519=CARTESIAN_POINT('',(2.E0,7.5E-2,1.725E0));
#10520=LINE('',#10519,#10518);
#10521=CURVE_STYLE('',#36,POSITIVE_LENGTH_MEASURE(2.E-2),#3);
#10522=PRESENTATION_STYLE_ASSIGNMENT((#10521));
#10523=STYLED_ITEM('',(#10522),#10520);
#10524=DIRECTION('',(1.E0,0.E0,0.E0));
#10525=VECTOR('',#10524,1.25E-1);
#10526=CARTESIAN_POINT('',(1.875E0,7.5E-2,1.875E0));
#10527=LINE('',#10526,#10525);
#10528=CURVE_STYLE('',#36,POSITIVE_LENGTH_MEASURE(2.E-2),#3);
#10529=PRESENTATION_STYLE_ASSIGNMENT((#10528));
#10530=STYLED_ITEM('',(#10529),#10527);
#10531=DIRECTION('',(0.E0,0.E0,-1.E0));
#10532=VECTOR('',#10531,1.25E-1);
#10533=CARTESIAN_POINT('',(1.875E0,7.5E-2,2.E0));
#10534=LINE('',#10533,#10532);
#10535=CURVE_STYLE('',#36,POSITIVE_LENGTH_MEASURE(2.E-2),#3);
#10536=PRESENTATION_STYLE_ASSIGNMENT((#10535));
#10537=STYLED_ITEM('',(#10536),#10534);
#10538=DIRECTION('',(1.E0,0.E0,0.E0));
#10539=VECTOR('',#10538,2.75E-1);
#10540=CARTESIAN_POINT('',(1.725E0,7.5E-2,-1.725E0));
#10541=LINE('',#10540,#10539);
#10542=CURVE_STYLE('',#36,POSITIVE_LENGTH_MEASURE(2.E-2),#3);
#10543=PRESENTATION_STYLE_ASSIGNMENT((#10542));
#10544=STYLED_ITEM('',(#10543),#10541);
#10545=DIRECTION('',(0.E0,0.E0,1.E0));
#10546=VECTOR('',#10545,2.75E-1);
#10547=CARTESIAN_POINT('',(1.725E0,7.5E-2,-2.E0));
#10548=LINE('',#10547,#10546);
#10549=CURVE_STYLE('',#36,POSITIVE_LENGTH_MEASURE(2.E-2),#3);
#10550=PRESENTATION_STYLE_ASSIGNMENT((#10549));
#10551=STYLED_ITEM('',(#10550),#10548);
#10552=DIRECTION('',(0.E0,0.E0,-1.E0));
#10553=VECTOR('',#10552,1.25E-1);
#10554=CARTESIAN_POINT('',(1.875E0,7.5E-2,-1.875E0));
#10555=LINE('',#10554,#10553);
#10556=CURVE_STYLE('',#36,POSITIVE_LENGTH_MEASURE(2.E-2),#3);
#10557=PRESENTATION_STYLE_ASSIGNMENT((#10556));
#10558=STYLED_ITEM('',(#10557),#10555);
#10559=DIRECTION('',(-1.E0,0.E0,0.E0));
#10560=VECTOR('',#10559,1.25E-1);
#10561=CARTESIAN_POINT('',(2.E0,7.5E-2,-1.875E0));
#10562=LINE('',#10561,#10560);
#10563=CURVE_STYLE('',#36,POSITIVE_LENGTH_MEASURE(2.E-2),#3);
#10564=PRESENTATION_STYLE_ASSIGNMENT((#10563));
#10565=STYLED_ITEM('',(#10564),#10562);
#10566=DIRECTION('',(0.E0,1.E0,0.E0));
#10567=VECTOR('',#10566,1.E-1);
#10568=CARTESIAN_POINT('',(-1.875E0,7.5E-2,-1.875E0));
#10569=LINE('',#10568,#10567);
#10570=CURVE_STYLE('',#36,POSITIVE_LENGTH_MEASURE(2.E-2),#3);
#10571=PRESENTATION_STYLE_ASSIGNMENT((#10570));
#10572=STYLED_ITEM('',(#10571),#10569);
#10573=DIRECTION('',(1.E0,0.E0,0.E0));
#10574=VECTOR('',#10573,2.75E-1);
#10575=CARTESIAN_POINT('',(-2.E0,1.75E-1,-1.725E0));
#10576=LINE('',#10575,#10574);
#10577=CURVE_STYLE('',#36,POSITIVE_LENGTH_MEASURE(2.E-2),#3);
#10578=PRESENTATION_STYLE_ASSIGNMENT((#10577));
#10579=STYLED_ITEM('',(#10578),#10576);
#10580=DIRECTION('',(0.E0,0.E0,-1.E0));
#10581=VECTOR('',#10580,2.75E-1);
#10582=CARTESIAN_POINT('',(-1.725E0,1.75E-1,-1.725E0));
#10583=LINE('',#10582,#10581);
#10584=CURVE_STYLE('',#36,POSITIVE_LENGTH_MEASURE(2.E-2),#3);
#10585=PRESENTATION_STYLE_ASSIGNMENT((#10584));
#10586=STYLED_ITEM('',(#10585),#10583);
#10587=DIRECTION('',(0.E0,0.E0,1.E0));
#10588=VECTOR('',#10587,1.25E-1);
#10589=CARTESIAN_POINT('',(-1.875E0,1.75E-1,-2.E0));
#10590=LINE('',#10589,#10588);
#10591=CURVE_STYLE('',#36,POSITIVE_LENGTH_MEASURE(2.E-2),#3);
#10592=PRESENTATION_STYLE_ASSIGNMENT((#10591));
#10593=STYLED_ITEM('',(#10592),#10590);
#10594=DIRECTION('',(-1.E0,0.E0,0.E0));
#10595=VECTOR('',#10594,1.25E-1);
#10596=CARTESIAN_POINT('',(-1.875E0,1.75E-1,-1.875E0));
#10597=LINE('',#10596,#10595);
#10598=CURVE_STYLE('',#36,POSITIVE_LENGTH_MEASURE(2.E-2),#3);
#10599=PRESENTATION_STYLE_ASSIGNMENT((#10598));
#10600=STYLED_ITEM('',(#10599),#10597);
#10601=DIRECTION('',(1.E0,0.E0,0.E0));
#10602=VECTOR('',#10601,1.25E-1);
#10603=CARTESIAN_POINT('',(-2.E0,1.75E-1,1.875E0));
#10604=LINE('',#10603,#10602);
#10605=CURVE_STYLE('',#36,POSITIVE_LENGTH_MEASURE(2.E-2),#3);
#10606=PRESENTATION_STYLE_ASSIGNMENT((#10605));
#10607=STYLED_ITEM('',(#10606),#10604);
#10608=DIRECTION('',(0.E0,0.E0,1.E0));
#10609=VECTOR('',#10608,1.25E-1);
#10610=CARTESIAN_POINT('',(-1.875E0,1.75E-1,1.875E0));
#10611=LINE('',#10610,#10609);
#10612=CURVE_STYLE('',#36,POSITIVE_LENGTH_MEASURE(2.E-2),#3);
#10613=PRESENTATION_STYLE_ASSIGNMENT((#10612));
#10614=STYLED_ITEM('',(#10613),#10611);
#10615=DIRECTION('',(0.E0,0.E0,-1.E0));
#10616=VECTOR('',#10615,2.75E-1);
#10617=CARTESIAN_POINT('',(-1.725E0,1.75E-1,2.E0));
#10618=LINE('',#10617,#10616);
#10619=CURVE_STYLE('',#36,POSITIVE_LENGTH_MEASURE(2.E-2),#3);
#10620=PRESENTATION_STYLE_ASSIGNMENT((#10619));
#10621=STYLED_ITEM('',(#10620),#10618);
#10622=DIRECTION('',(-1.E0,0.E0,0.E0));
#10623=VECTOR('',#10622,2.75E-1);
#10624=CARTESIAN_POINT('',(-1.725E0,1.75E-1,1.725E0));
#10625=LINE('',#10624,#10623);
#10626=CURVE_STYLE('',#36,POSITIVE_LENGTH_MEASURE(2.E-2),#3);
#10627=PRESENTATION_STYLE_ASSIGNMENT((#10626));
#10628=STYLED_ITEM('',(#10627),#10625);
#10629=DIRECTION('',(0.E0,0.E0,-1.E0));
#10630=VECTOR('',#10629,1.25E-1);
#10631=CARTESIAN_POINT('',(1.875E0,1.75E-1,2.E0));
#10632=LINE('',#10631,#10630);
#10633=CURVE_STYLE('',#36,POSITIVE_LENGTH_MEASURE(2.E-2),#3);
#10634=PRESENTATION_STYLE_ASSIGNMENT((#10633));
#10635=STYLED_ITEM('',(#10634),#10632);
#10636=DIRECTION('',(1.E0,0.E0,0.E0));
#10637=VECTOR('',#10636,1.25E-1);
#10638=CARTESIAN_POINT('',(1.875E0,1.75E-1,1.875E0));
#10639=LINE('',#10638,#10637);
#10640=CURVE_STYLE('',#36,POSITIVE_LENGTH_MEASURE(2.E-2),#3);
#10641=PRESENTATION_STYLE_ASSIGNMENT((#10640));
#10642=STYLED_ITEM('',(#10641),#10639);
#10643=DIRECTION('',(-1.E0,0.E0,0.E0));
#10644=VECTOR('',#10643,2.75E-1);
#10645=CARTESIAN_POINT('',(2.E0,1.75E-1,1.725E0));
#10646=LINE('',#10645,#10644);
#10647=CURVE_STYLE('',#36,POSITIVE_LENGTH_MEASURE(2.E-2),#3);
#10648=PRESENTATION_STYLE_ASSIGNMENT((#10647));
#10649=STYLED_ITEM('',(#10648),#10646);
#10650=DIRECTION('',(0.E0,0.E0,1.E0));
#10651=VECTOR('',#10650,2.75E-1);
#10652=CARTESIAN_POINT('',(1.725E0,1.75E-1,1.725E0));
#10653=LINE('',#10652,#10651);
#10654=CURVE_STYLE('',#36,POSITIVE_LENGTH_MEASURE(2.E-2),#3);
#10655=PRESENTATION_STYLE_ASSIGNMENT((#10654));
#10656=STYLED_ITEM('',(#10655),#10653);
#10657=DIRECTION('',(-1.E0,0.E0,0.E0));
#10658=VECTOR('',#10657,1.25E-1);
#10659=CARTESIAN_POINT('',(2.E0,1.75E-1,-1.875E0));
#10660=LINE('',#10659,#10658);
#10661=CURVE_STYLE('',#36,POSITIVE_LENGTH_MEASURE(2.E-2),#3);
#10662=PRESENTATION_STYLE_ASSIGNMENT((#10661));
#10663=STYLED_ITEM('',(#10662),#10660);
#10664=DIRECTION('',(0.E0,0.E0,-1.E0));
#10665=VECTOR('',#10664,1.25E-1);
#10666=CARTESIAN_POINT('',(1.875E0,1.75E-1,-1.875E0));
#10667=LINE('',#10666,#10665);
#10668=CURVE_STYLE('',#36,POSITIVE_LENGTH_MEASURE(2.E-2),#3);
#10669=PRESENTATION_STYLE_ASSIGNMENT((#10668));
#10670=STYLED_ITEM('',(#10669),#10667);
#10671=DIRECTION('',(0.E0,0.E0,1.E0));
#10672=VECTOR('',#10671,2.75E-1);
#10673=CARTESIAN_POINT('',(1.725E0,1.75E-1,-2.E0));
#10674=LINE('',#10673,#10672);
#10675=CURVE_STYLE('',#36,POSITIVE_LENGTH_MEASURE(2.E-2),#3);
#10676=PRESENTATION_STYLE_ASSIGNMENT((#10675));
#10677=STYLED_ITEM('',(#10676),#10674);
#10678=DIRECTION('',(1.E0,0.E0,0.E0));
#10679=VECTOR('',#10678,2.75E-1);
#10680=CARTESIAN_POINT('',(1.725E0,1.75E-1,-1.725E0));
#10681=LINE('',#10680,#10679);
#10682=CURVE_STYLE('',#36,POSITIVE_LENGTH_MEASURE(2.E-2),#3);
#10683=PRESENTATION_STYLE_ASSIGNMENT((#10682));
#10684=STYLED_ITEM('',(#10683),#10681);
#10685=DIRECTION('',(0.E0,1.E0,0.E0));
#10686=VECTOR('',#10685,1.E-1);
#10687=CARTESIAN_POINT('',(-1.725E0,7.5E-2,-1.725E0));
#10688=LINE('',#10687,#10686);
#10689=CURVE_STYLE('',#36,POSITIVE_LENGTH_MEASURE(2.E-2),#3);
#10690=PRESENTATION_STYLE_ASSIGNMENT((#10689));
#10691=STYLED_ITEM('',(#10690),#10688);
#10692=DIRECTION('',(0.E0,1.E0,0.E0));
#10693=VECTOR('',#10692,1.E-1);
#10694=CARTESIAN_POINT('',(-1.875E0,7.5E-2,1.875E0));
#10695=LINE('',#10694,#10693);
#10696=CURVE_STYLE('',#36,POSITIVE_LENGTH_MEASURE(2.E-2),#3);
#10697=PRESENTATION_STYLE_ASSIGNMENT((#10696));
#10698=STYLED_ITEM('',(#10697),#10695);
#10699=DIRECTION('',(0.E0,1.E0,0.E0));
#10700=VECTOR('',#10699,1.E-1);
#10701=CARTESIAN_POINT('',(-1.725E0,7.5E-2,1.725E0));
#10702=LINE('',#10701,#10700);
#10703=CURVE_STYLE('',#36,POSITIVE_LENGTH_MEASURE(2.E-2),#3);
#10704=PRESENTATION_STYLE_ASSIGNMENT((#10703));
#10705=STYLED_ITEM('',(#10704),#10702);
#10706=DIRECTION('',(0.E0,1.E0,0.E0));
#10707=VECTOR('',#10706,1.E-1);
#10708=CARTESIAN_POINT('',(1.875E0,7.5E-2,1.875E0));
#10709=LINE('',#10708,#10707);
#10710=CURVE_STYLE('',#36,POSITIVE_LENGTH_MEASURE(2.E-2),#3);
#10711=PRESENTATION_STYLE_ASSIGNMENT((#10710));
#10712=STYLED_ITEM('',(#10711),#10709);
#10713=DIRECTION('',(0.E0,1.E0,0.E0));
#10714=VECTOR('',#10713,1.E-1);
#10715=CARTESIAN_POINT('',(1.725E0,7.5E-2,1.725E0));
#10716=LINE('',#10715,#10714);
#10717=CURVE_STYLE('',#36,POSITIVE_LENGTH_MEASURE(2.E-2),#3);
#10718=PRESENTATION_STYLE_ASSIGNMENT((#10717));
#10719=STYLED_ITEM('',(#10718),#10716);
#10720=DIRECTION('',(0.E0,1.E0,0.E0));
#10721=VECTOR('',#10720,1.E-1);
#10722=CARTESIAN_POINT('',(1.875E0,7.5E-2,-1.875E0));
#10723=LINE('',#10722,#10721);
#10724=CURVE_STYLE('',#36,POSITIVE_LENGTH_MEASURE(2.E-2),#3);
#10725=PRESENTATION_STYLE_ASSIGNMENT((#10724));
#10726=STYLED_ITEM('',(#10725),#10723);
#10727=DIRECTION('',(0.E0,1.E0,0.E0));
#10728=VECTOR('',#10727,1.E-1);
#10729=CARTESIAN_POINT('',(1.725E0,7.5E-2,-1.725E0));
#10730=LINE('',#10729,#10728);
#10731=CURVE_STYLE('',#36,POSITIVE_LENGTH_MEASURE(2.E-2),#3);
#10732=PRESENTATION_STYLE_ASSIGNMENT((#10731));
#10733=STYLED_ITEM('',(#10732),#10730);
#10734=DIRECTION('',(0.E0,1.E0,0.E0));
#10735=VECTOR('',#10734,7.5E-2);
#10736=CARTESIAN_POINT('',(-1.5E0,0.E0,1.1275E0));
#10737=LINE('',#10736,#10735);
#10738=CURVE_STYLE('',#36,POSITIVE_LENGTH_MEASURE(2.E-2),#3);
#10739=PRESENTATION_STYLE_ASSIGNMENT((#10738));
#10740=STYLED_ITEM('',(#10739),#10737);
#10741=DIRECTION('',(0.E0,1.E0,6.069219201284E-14));
#10742=VECTOR('',#10741,7.5E-2);
#10743=CARTESIAN_POINT('',(-1.450035738504E0,0.E0,9.792905150741E-1));
#10744=LINE('',#10743,#10742);
#10745=CURVE_STYLE('',#36,POSITIVE_LENGTH_MEASURE(2.E-2),#3);
#10746=PRESENTATION_STYLE_ASSIGNMENT((#10745));
#10747=STYLED_ITEM('',(#10746),#10744);
#10748=DIRECTION('',(0.E0,1.E0,0.E0));
#10749=VECTOR('',#10748,7.5E-2);
#10750=CARTESIAN_POINT('',(-1.45E0,0.E0,9.76E-1));
#10751=LINE('',#10750,#10749);
#10752=CURVE_STYLE('',#36,POSITIVE_LENGTH_MEASURE(2.E-2),#3);
#10753=PRESENTATION_STYLE_ASSIGNMENT((#10752));
#10754=STYLED_ITEM('',(#10753),#10751);
#10755=DIRECTION('',(0.E0,1.E0,-6.069219201284E-14));
#10756=VECTOR('',#10755,7.5E-2);
#10757=CARTESIAN_POINT('',(-1.450035738504E0,0.E0,9.707094849259E-1));
#10758=LINE('',#10757,#10756);
#10759=CURVE_STYLE('',#36,POSITIVE_LENGTH_MEASURE(2.E-2),#3);
#10760=PRESENTATION_STYLE_ASSIGNMENT((#10759));
#10761=STYLED_ITEM('',(#10760),#10758);
#10762=DIRECTION('',(0.E0,1.E0,0.E0));
#10763=VECTOR('',#10762,7.5E-2);
#10764=CARTESIAN_POINT('',(-1.45E0,0.E0,9.74E-1));
#10765=LINE('',#10764,#10763);
#10766=CURVE_STYLE('',#36,POSITIVE_LENGTH_MEASURE(2.E-2),#3);
#10767=PRESENTATION_STYLE_ASSIGNMENT((#10766));
#10768=STYLED_ITEM('',(#10767),#10765);
#10769=DIRECTION('',(-1.E0,0.E0,0.E0));
#10770=VECTOR('',#10769,5.E-1);
#10771=CARTESIAN_POINT('',(-1.5E0,7.5E-2,1.1275E0));
#10772=LINE('',#10771,#10770);
#10773=CURVE_STYLE('',#36,POSITIVE_LENGTH_MEASURE(2.E-2),#3);
#10774=PRESENTATION_STYLE_ASSIGNMENT((#10773));
#10775=STYLED_ITEM('',(#10774),#10772);
#10776=CARTESIAN_POINT('',(-1.7075625E0,7.5E-2,9.75E-1));
#10777=DIRECTION('',(0.E0,1.E0,0.E0));
#10778=DIRECTION('',(8.058723610774E-1,0.E0,5.920892987139E-1));
#10779=AXIS2_PLACEMENT_3D('',#10776,#10777,#10778);
#10781=CURVE_STYLE('',#36,POSITIVE_LENGTH_MEASURE(2.E-2),#3);
#10782=PRESENTATION_STYLE_ASSIGNMENT((#10781));
#10783=STYLED_ITEM('',(#10782),#10780);
#10784=CARTESIAN_POINT('',(-1.6015E0,7.5E-2,9.76E-1));
#10785=DIRECTION('',(0.E0,1.E0,0.E0));
#10786=DIRECTION('',(9.997641022842E-1,0.E0,2.171957144643E-2));
#10787=AXIS2_PLACEMENT_3D('',#10784,#10785,#10786);
#10789=CURVE_STYLE('',#36,POSITIVE_LENGTH_MEASURE(2.E-2),#3);
#10790=PRESENTATION_STYLE_ASSIGNMENT((#10789));
#10791=STYLED_ITEM('',(#10790),#10788);
#10792=DIRECTION('',(1.110223024625E-13,0.E0,-1.E0));
#10793=VECTOR('',#10792,2.E-3);
#10794=CARTESIAN_POINT('',(-1.45E0,7.5E-2,9.76E-1));
#10795=LINE('',#10794,#10793);
#10796=CURVE_STYLE('',#36,POSITIVE_LENGTH_MEASURE(2.E-2),#3);
#10797=PRESENTATION_STYLE_ASSIGNMENT((#10796));
#10798=STYLED_ITEM('',(#10797),#10795);
#10799=CARTESIAN_POINT('',(-1.6015E0,7.5E-2,9.74E-1));
#10800=DIRECTION('',(0.E0,1.E0,0.E0));
#10801=DIRECTION('',(1.E0,0.E0,0.E0));
#10802=AXIS2_PLACEMENT_3D('',#10799,#10800,#10801);
#10804=CURVE_STYLE('',#36,POSITIVE_LENGTH_MEASURE(2.E-2),#3);
#10805=PRESENTATION_STYLE_ASSIGNMENT((#10804));
#10806=STYLED_ITEM('',(#10805),#10803);
#10807=CARTESIAN_POINT('',(-1.7075625E0,7.5E-2,9.75E-1));
#10808=DIRECTION('',(0.E0,1.E0,0.E0));
#10809=DIRECTION('',(9.998612433722E-1,0.E0,-1.665815122207E-2));
#10810=AXIS2_PLACEMENT_3D('',#10807,#10808,#10809);
#10812=CURVE_STYLE('',#36,POSITIVE_LENGTH_MEASURE(2.E-2),#3);
#10813=PRESENTATION_STYLE_ASSIGNMENT((#10812));
#10814=STYLED_ITEM('',(#10813),#10811);
#10815=DIRECTION('',(1.E0,0.E0,0.E0));
#10816=VECTOR('',#10815,5.E-1);
#10817=CARTESIAN_POINT('',(-2.E0,7.5E-2,8.225E-1));
#10818=LINE('',#10817,#10816);
#10819=CURVE_STYLE('',#36,POSITIVE_LENGTH_MEASURE(2.E-2),#3);
#10820=PRESENTATION_STYLE_ASSIGNMENT((#10819));
#10821=STYLED_ITEM('',(#10820),#10818);
#10822=DIRECTION('',(0.E0,1.E0,0.E0));
#10823=VECTOR('',#10822,7.5E-2);
#10824=CARTESIAN_POINT('',(-1.5E0,0.E0,8.225E-1));
#10825=LINE('',#10824,#10823);
#10826=CURVE_STYLE('',#36,POSITIVE_LENGTH_MEASURE(2.E-2),#3);
#10827=PRESENTATION_STYLE_ASSIGNMENT((#10826));
#10828=STYLED_ITEM('',(#10827),#10825);
#10829=DIRECTION('',(0.E0,1.E0,0.E0));
#10830=VECTOR('',#10829,7.5E-2);
#10831=CARTESIAN_POINT('',(-1.5E0,0.E0,4.775E-1));
#10832=LINE('',#10831,#10830);
#10833=CURVE_STYLE('',#36,POSITIVE_LENGTH_MEASURE(2.E-2),#3);
#10834=PRESENTATION_STYLE_ASSIGNMENT((#10833));
#10835=STYLED_ITEM('',(#10834),#10832);
#10836=DIRECTION('',(0.E0,1.E0,6.291263806209E-14));
#10837=VECTOR('',#10836,7.5E-2);
#10838=CARTESIAN_POINT('',(-1.450035738504E0,0.E0,3.292905150741E-1));
#10839=LINE('',#10838,#10837);
#10840=CURVE_STYLE('',#36,POSITIVE_LENGTH_MEASURE(2.E-2),#3);
#10841=PRESENTATION_STYLE_ASSIGNMENT((#10840));
#10842=STYLED_ITEM('',(#10841),#10839);
#10843=DIRECTION('',(0.E0,1.E0,0.E0));
#10844=VECTOR('',#10843,7.5E-2);
#10845=CARTESIAN_POINT('',(-1.45E0,0.E0,3.26E-1));
#10846=LINE('',#10845,#10844);
#10847=CURVE_STYLE('',#36,POSITIVE_LENGTH_MEASURE(2.E-2),#3);
#10848=PRESENTATION_STYLE_ASSIGNMENT((#10847));
#10849=STYLED_ITEM('',(#10848),#10846);
#10850=DIRECTION('',(0.E0,1.E0,-5.847174596359E-14));
#10851=VECTOR('',#10850,7.5E-2);
#10852=CARTESIAN_POINT('',(-1.450035738504E0,0.E0,3.207094849259E-1));
#10853=LINE('',#10852,#10851);
#10854=CURVE_STYLE('',#36,POSITIVE_LENGTH_MEASURE(2.E-2),#3);
#10855=PRESENTATION_STYLE_ASSIGNMENT((#10854));
#10856=STYLED_ITEM('',(#10855),#10853);
#10857=DIRECTION('',(0.E0,1.E0,0.E0));
#10858=VECTOR('',#10857,7.5E-2);
#10859=CARTESIAN_POINT('',(-1.45E0,0.E0,3.24E-1));
#10860=LINE('',#10859,#10858);
#10861=CURVE_STYLE('',#36,POSITIVE_LENGTH_MEASURE(2.E-2),#3);
#10862=PRESENTATION_STYLE_ASSIGNMENT((#10861));
#10863=STYLED_ITEM('',(#10862),#10860);
#10864=DIRECTION('',(-1.E0,0.E0,0.E0));
#10865=VECTOR('',#10864,5.E-1);
#10866=CARTESIAN_POINT('',(-1.5E0,7.5E-2,4.775E-1));
#10867=LINE('',#10866,#10865);
#10868=CURVE_STYLE('',#36,POSITIVE_LENGTH_MEASURE(2.E-2),#3);
#10869=PRESENTATION_STYLE_ASSIGNMENT((#10868));
#10870=STYLED_ITEM('',(#10869),#10867);
#10871=CARTESIAN_POINT('',(-1.7075625E0,7.5E-2,3.25E-1));
#10872=DIRECTION('',(0.E0,1.E0,0.E0));
#10873=DIRECTION('',(8.058723610774E-1,0.E0,5.920892987139E-1));
#10874=AXIS2_PLACEMENT_3D('',#10871,#10872,#10873);
#10876=CURVE_STYLE('',#36,POSITIVE_LENGTH_MEASURE(2.E-2),#3);
#10877=PRESENTATION_STYLE_ASSIGNMENT((#10876));
#10878=STYLED_ITEM('',(#10877),#10875);
#10879=CARTESIAN_POINT('',(-1.6015E0,7.5E-2,3.26E-1));
#10880=DIRECTION('',(0.E0,1.E0,0.E0));
#10881=DIRECTION('',(9.997641022842E-1,0.E0,2.171957144643E-2));
#10882=AXIS2_PLACEMENT_3D('',#10879,#10880,#10881);
#10884=CURVE_STYLE('',#36,POSITIVE_LENGTH_MEASURE(2.E-2),#3);
#10885=PRESENTATION_STYLE_ASSIGNMENT((#10884));
#10886=STYLED_ITEM('',(#10885),#10883);
#10887=DIRECTION('',(1.110223024625E-13,0.E0,-1.E0));
#10888=VECTOR('',#10887,2.E-3);
#10889=CARTESIAN_POINT('',(-1.45E0,7.5E-2,3.26E-1));
#10890=LINE('',#10889,#10888);
#10891=CURVE_STYLE('',#36,POSITIVE_LENGTH_MEASURE(2.E-2),#3);
#10892=PRESENTATION_STYLE_ASSIGNMENT((#10891));
#10893=STYLED_ITEM('',(#10892),#10890);
#10894=CARTESIAN_POINT('',(-1.6015E0,7.5E-2,3.24E-1));
#10895=DIRECTION('',(0.E0,1.E0,0.E0));
#10896=DIRECTION('',(1.E0,0.E0,0.E0));
#10897=AXIS2_PLACEMENT_3D('',#10894,#10895,#10896);
#10899=CURVE_STYLE('',#36,POSITIVE_LENGTH_MEASURE(2.E-2),#3);
#10900=PRESENTATION_STYLE_ASSIGNMENT((#10899));
#10901=STYLED_ITEM('',(#10900),#10898);
#10902=CARTESIAN_POINT('',(-1.7075625E0,7.5E-2,3.25E-1));
#10903=DIRECTION('',(0.E0,1.E0,0.E0));
#10904=DIRECTION('',(9.998612433722E-1,0.E0,-1.665815122207E-2));
#10905=AXIS2_PLACEMENT_3D('',#10902,#10903,#10904);
#10907=CURVE_STYLE('',#36,POSITIVE_LENGTH_MEASURE(2.E-2),#3);
#10908=PRESENTATION_STYLE_ASSIGNMENT((#10907));
#10909=STYLED_ITEM('',(#10908),#10906);
#10910=DIRECTION('',(1.E0,0.E0,0.E0));
#10911=VECTOR('',#10910,5.E-1);
#10912=CARTESIAN_POINT('',(-2.E0,7.5E-2,1.725E-1));
#10913=LINE('',#10912,#10911);
#10914=CURVE_STYLE('',#36,POSITIVE_LENGTH_MEASURE(2.E-2),#3);
#10915=PRESENTATION_STYLE_ASSIGNMENT((#10914));
#10916=STYLED_ITEM('',(#10915),#10913);
#10917=DIRECTION('',(0.E0,1.E0,0.E0));
#10918=VECTOR('',#10917,7.5E-2);
#10919=CARTESIAN_POINT('',(-1.5E0,0.E0,1.725E-1));
#10920=LINE('',#10919,#10918);
#10921=CURVE_STYLE('',#36,POSITIVE_LENGTH_MEASURE(2.E-2),#3);
#10922=PRESENTATION_STYLE_ASSIGNMENT((#10921));
#10923=STYLED_ITEM('',(#10922),#10920);
#10924=DIRECTION('',(0.E0,1.E0,0.E0));
#10925=VECTOR('',#10924,7.5E-2);
#10926=CARTESIAN_POINT('',(-1.5E0,0.E0,-1.725E-1));
#10927=LINE('',#10926,#10925);
#10928=CURVE_STYLE('',#36,POSITIVE_LENGTH_MEASURE(2.E-2),#3);
#10929=PRESENTATION_STYLE_ASSIGNMENT((#10928));
#10930=STYLED_ITEM('',(#10929),#10927);
#10931=DIRECTION('',(0.E0,1.E0,6.217248937901E-14));
#10932=VECTOR('',#10931,7.5E-2);
#10933=CARTESIAN_POINT('',(-1.450035738504E0,0.E0,-3.207094849259E-1));
#10934=LINE('',#10933,#10932);
#10935=CURVE_STYLE('',#36,POSITIVE_LENGTH_MEASURE(2.E-2),#3);
#10936=PRESENTATION_STYLE_ASSIGNMENT((#10935));
#10937=STYLED_ITEM('',(#10936),#10934);
#10938=DIRECTION('',(0.E0,1.E0,0.E0));
#10939=VECTOR('',#10938,7.5E-2);
#10940=CARTESIAN_POINT('',(-1.45E0,0.E0,-3.24E-1));
#10941=LINE('',#10940,#10939);
#10942=CURVE_STYLE('',#36,POSITIVE_LENGTH_MEASURE(2.E-2),#3);
#10943=PRESENTATION_STYLE_ASSIGNMENT((#10942));
#10944=STYLED_ITEM('',(#10943),#10941);
#10945=DIRECTION('',(0.E0,1.E0,-6.069219201284E-14));
#10946=VECTOR('',#10945,7.5E-2);
#10947=CARTESIAN_POINT('',(-1.450035738504E0,0.E0,-3.292905150741E-1));
#10948=LINE('',#10947,#10946);
#10949=CURVE_STYLE('',#36,POSITIVE_LENGTH_MEASURE(2.E-2),#3);
#10950=PRESENTATION_STYLE_ASSIGNMENT((#10949));
#10951=STYLED_ITEM('',(#10950),#10948);
#10952=DIRECTION('',(0.E0,1.E0,0.E0));
#10953=VECTOR('',#10952,7.5E-2);
#10954=CARTESIAN_POINT('',(-1.45E0,0.E0,-3.26E-1));
#10955=LINE('',#10954,#10953);
#10956=CURVE_STYLE('',#36,POSITIVE_LENGTH_MEASURE(2.E-2),#3);
#10957=PRESENTATION_STYLE_ASSIGNMENT((#10956));
#10958=STYLED_ITEM('',(#10957),#10955);
#10959=DIRECTION('',(-1.E0,0.E0,0.E0));
#10960=VECTOR('',#10959,5.E-1);
#10961=CARTESIAN_POINT('',(-1.5E0,7.5E-2,-1.725E-1));
#10962=LINE('',#10961,#10960);
#10963=CURVE_STYLE('',#36,POSITIVE_LENGTH_MEASURE(2.E-2),#3);
#10964=PRESENTATION_STYLE_ASSIGNMENT((#10963));
#10965=STYLED_ITEM('',(#10964),#10962);
#10966=CARTESIAN_POINT('',(-1.7075625E0,7.5E-2,-3.25E-1));
#10967=DIRECTION('',(0.E0,1.E0,0.E0));
#10968=DIRECTION('',(8.058723610774E-1,0.E0,5.920892987139E-1));
#10969=AXIS2_PLACEMENT_3D('',#10966,#10967,#10968);
#10971=CURVE_STYLE('',#36,POSITIVE_LENGTH_MEASURE(2.E-2),#3);
#10972=PRESENTATION_STYLE_ASSIGNMENT((#10971));
#10973=STYLED_ITEM('',(#10972),#10970);
#10974=CARTESIAN_POINT('',(-1.6015E0,7.5E-2,-3.24E-1));
#10975=DIRECTION('',(0.E0,1.E0,0.E0));
#10976=DIRECTION('',(9.997641022842E-1,0.E0,2.171957144643E-2));
#10977=AXIS2_PLACEMENT_3D('',#10974,#10975,#10976);
#10979=CURVE_STYLE('',#36,POSITIVE_LENGTH_MEASURE(2.E-2),#3);
#10980=PRESENTATION_STYLE_ASSIGNMENT((#10979));
#10981=STYLED_ITEM('',(#10980),#10978);
#10982=DIRECTION('',(1.110223024625E-13,0.E0,-1.E0));
#10983=VECTOR('',#10982,2.E-3);
#10984=CARTESIAN_POINT('',(-1.45E0,7.5E-2,-3.24E-1));
#10985=LINE('',#10984,#10983);
#10986=CURVE_STYLE('',#36,POSITIVE_LENGTH_MEASURE(2.E-2),#3);
#10987=PRESENTATION_STYLE_ASSIGNMENT((#10986));
#10988=STYLED_ITEM('',(#10987),#10985);
#10989=CARTESIAN_POINT('',(-1.6015E0,7.5E-2,-3.26E-1));
#10990=DIRECTION('',(0.E0,1.E0,0.E0));
#10991=DIRECTION('',(1.E0,0.E0,0.E0));
#10992=AXIS2_PLACEMENT_3D('',#10989,#10990,#10991);
#10994=CURVE_STYLE('',#36,POSITIVE_LENGTH_MEASURE(2.E-2),#3);
#10995=PRESENTATION_STYLE_ASSIGNMENT((#10994));
#10996=STYLED_ITEM('',(#10995),#10993);
#10997=CARTESIAN_POINT('',(-1.7075625E0,7.5E-2,-3.25E-1));
#10998=DIRECTION('',(0.E0,1.E0,0.E0));
#10999=DIRECTION('',(9.998612433722E-1,0.E0,-1.665815122207E-2));
#11000=AXIS2_PLACEMENT_3D('',#10997,#10998,#10999);
#11002=CURVE_STYLE('',#36,POSITIVE_LENGTH_MEASURE(2.E-2),#3);
#11003=PRESENTATION_STYLE_ASSIGNMENT((#11002));
#11004=STYLED_ITEM('',(#11003),#11001);
#11005=DIRECTION('',(1.E0,0.E0,0.E0));
#11006=VECTOR('',#11005,5.E-1);
#11007=CARTESIAN_POINT('',(-2.E0,7.5E-2,-4.775E-1));
#11008=LINE('',#11007,#11006);
#11009=CURVE_STYLE('',#36,POSITIVE_LENGTH_MEASURE(2.E-2),#3);
#11010=PRESENTATION_STYLE_ASSIGNMENT((#11009));
#11011=STYLED_ITEM('',(#11010),#11008);
#11012=DIRECTION('',(0.E0,1.E0,0.E0));
#11013=VECTOR('',#11012,7.5E-2);
#11014=CARTESIAN_POINT('',(-1.5E0,0.E0,-4.775E-1));
#11015=LINE('',#11014,#11013);
#11016=CURVE_STYLE('',#36,POSITIVE_LENGTH_MEASURE(2.E-2),#3);
#11017=PRESENTATION_STYLE_ASSIGNMENT((#11016));
#11018=STYLED_ITEM('',(#11017),#11015);
#11019=DIRECTION('',(0.E0,-1.E0,0.E0));
#11020=VECTOR('',#11019,7.5E-2);
#11021=CARTESIAN_POINT('',(-1.05E0,7.5E-2,-7.5E-1));
#11022=LINE('',#11021,#11020);
#11023=CURVE_STYLE('',#36,POSITIVE_LENGTH_MEASURE(2.E-2),#3);
#11024=PRESENTATION_STYLE_ASSIGNMENT((#11023));
#11025=STYLED_ITEM('',(#11024),#11022);
#11026=DIRECTION('',(0.E0,1.E0,0.E0));
#11027=VECTOR('',#11026,7.5E-2);
#11028=CARTESIAN_POINT('',(-1.05E0,0.E0,1.05E0));
#11029=LINE('',#11028,#11027);
#11030=CURVE_STYLE('',#36,POSITIVE_LENGTH_MEASURE(2.E-2),#3);
#11031=PRESENTATION_STYLE_ASSIGNMENT((#11030));
#11032=STYLED_ITEM('',(#11031),#11029);
#11033=DIRECTION('',(0.E0,1.E0,0.E0));
#11034=VECTOR('',#11033,7.5E-2);
#11035=CARTESIAN_POINT('',(1.05E0,0.E0,1.05E0));
#11036=LINE('',#11035,#11034);
#11037=CURVE_STYLE('',#36,POSITIVE_LENGTH_MEASURE(2.E-2),#3);
#11038=PRESENTATION_STYLE_ASSIGNMENT((#11037));
#11039=STYLED_ITEM('',(#11038),#11036);
#11040=DIRECTION('',(0.E0,-1.E0,0.E0));
#11041=VECTOR('',#11040,7.5E-2);
#11042=CARTESIAN_POINT('',(-7.5E-1,7.5E-2,-1.05E0));
#11043=LINE('',#11042,#11041);
#11044=CURVE_STYLE('',#36,POSITIVE_LENGTH_MEASURE(2.E-2),#3);
#11045=PRESENTATION_STYLE_ASSIGNMENT((#11044));
#11046=STYLED_ITEM('',(#11045),#11043);
#11047=DIRECTION('',(0.E0,1.E0,0.E0));
#11048=VECTOR('',#11047,7.5E-2);
#11049=CARTESIAN_POINT('',(1.05E0,0.E0,-1.05E0));
#11050=LINE('',#11049,#11048);
#11051=CURVE_STYLE('',#36,POSITIVE_LENGTH_MEASURE(2.E-2),#3);
#11052=PRESENTATION_STYLE_ASSIGNMENT((#11051));
#11053=STYLED_ITEM('',(#11052),#11050);
#11054=DIRECTION('',(-7.071067811865E-1,0.E0,7.071067811865E-1));
#11055=VECTOR('',#11054,4.242640687119E-1);
#11056=CARTESIAN_POINT('',(-7.5E-1,7.5E-2,-1.05E0));
#11057=LINE('',#11056,#11055);
#11058=CURVE_STYLE('',#36,POSITIVE_LENGTH_MEASURE(2.E-2),#3);
#11059=PRESENTATION_STYLE_ASSIGNMENT((#11058));
#11060=STYLED_ITEM('',(#11059),#11057);
#11061=DIRECTION('',(0.E0,0.E0,1.E0));
#11062=VECTOR('',#11061,1.8E0);
#11063=CARTESIAN_POINT('',(-1.05E0,7.5E-2,-7.5E-1));
#11064=LINE('',#11063,#11062);
#11065=CURVE_STYLE('',#36,POSITIVE_LENGTH_MEASURE(2.E-2),#3);
#11066=PRESENTATION_STYLE_ASSIGNMENT((#11065));
#11067=STYLED_ITEM('',(#11066),#11064);
#11068=DIRECTION('',(1.E0,0.E0,0.E0));
#11069=VECTOR('',#11068,2.1E0);
#11070=CARTESIAN_POINT('',(-1.05E0,7.5E-2,1.05E0));
#11071=LINE('',#11070,#11069);
#11072=CURVE_STYLE('',#36,POSITIVE_LENGTH_MEASURE(2.E-2),#3);
#11073=PRESENTATION_STYLE_ASSIGNMENT((#11072));
#11074=STYLED_ITEM('',(#11073),#11071);
#11075=DIRECTION('',(0.E0,0.E0,-1.E0));
#11076=VECTOR('',#11075,2.1E0);
#11077=CARTESIAN_POINT('',(1.05E0,7.5E-2,1.05E0));
#11078=LINE('',#11077,#11076);
#11079=CURVE_STYLE('',#36,POSITIVE_LENGTH_MEASURE(2.E-2),#3);
#11080=PRESENTATION_STYLE_ASSIGNMENT((#11079));
#11081=STYLED_ITEM('',(#11080),#11078);
#11082=DIRECTION('',(-1.E0,0.E0,0.E0));
#11083=VECTOR('',#11082,1.8E0);
#11084=CARTESIAN_POINT('',(1.05E0,7.5E-2,-1.05E0));
#11085=LINE('',#11084,#11083);
#11086=CURVE_STYLE('',#36,POSITIVE_LENGTH_MEASURE(2.E-2),#3);
#11087=PRESENTATION_STYLE_ASSIGNMENT((#11086));
#11088=STYLED_ITEM('',(#11087),#11085);
#11089=CARTESIAN_POINT('',(-2.E0,9.75E-1,-2.E0));
#11090=CARTESIAN_POINT('',(-2.E0,9.75E-1,2.E0));
#11091=VERTEX_POINT('',#11089);
#11092=VERTEX_POINT('',#11090);
#11093=CARTESIAN_POINT('',(2.E0,9.75E-1,2.E0));
#11094=VERTEX_POINT('',#11093);
#11095=CARTESIAN_POINT('',(2.E0,9.75E-1,-2.E0));
#11096=VERTEX_POINT('',#11095);
#11097=CARTESIAN_POINT('',(-2.E0,0.E0,-2.E0));
#11098=VERTEX_POINT('',#11097);
#11099=CARTESIAN_POINT('',(-2.E0,0.E0,2.E0));
#11100=VERTEX_POINT('',#11099);
#11101=CARTESIAN_POINT('',(2.E0,0.E0,2.E0));
#11102=VERTEX_POINT('',#11101);
#11103=CARTESIAN_POINT('',(2.E0,0.E0,-2.E0));
#11104=VERTEX_POINT('',#11103);
#11105=CARTESIAN_POINT('',(-1.05E0,7.5E-2,1.05E0));
#11106=CARTESIAN_POINT('',(1.05E0,7.5E-2,1.05E0));
#11107=VERTEX_POINT('',#11105);
#11108=VERTEX_POINT('',#11106);
#11109=CARTESIAN_POINT('',(1.05E0,7.5E-2,-1.05E0));
#11110=VERTEX_POINT('',#11109);
#11111=CARTESIAN_POINT('',(-7.5E-1,7.5E-2,-1.05E0));
#11112=CARTESIAN_POINT('',(-1.05E0,7.5E-2,-7.5E-1));
#11113=VERTEX_POINT('',#11111);
#11114=VERTEX_POINT('',#11112);
#11115=CARTESIAN_POINT('',(-2.E0,0.E0,-8.225E-1));
#11116=CARTESIAN_POINT('',(-1.5E0,0.E0,-8.225E-1));
#11117=VERTEX_POINT('',#11115);
#11118=VERTEX_POINT('',#11116);
#11119=CARTESIAN_POINT('',(-2.E0,0.E0,-1.1275E0));
#11120=CARTESIAN_POINT('',(-1.5E0,0.E0,-1.1275E0));
#11121=VERTEX_POINT('',#11119);
#11122=VERTEX_POINT('',#11120);
#11123=CARTESIAN_POINT('',(-2.E0,0.E0,-1.725E-1));
#11124=CARTESIAN_POINT('',(-1.5E0,0.E0,-1.725E-1));
#11125=VERTEX_POINT('',#11123);
#11126=VERTEX_POINT('',#11124);
#11127=CARTESIAN_POINT('',(-2.E0,0.E0,-4.775E-1));
#11128=CARTESIAN_POINT('',(-1.5E0,0.E0,-4.775E-1));
#11129=VERTEX_POINT('',#11127);
#11130=VERTEX_POINT('',#11128);
#11131=CARTESIAN_POINT('',(-2.E0,0.E0,4.775E-1));
#11132=CARTESIAN_POINT('',(-1.5E0,0.E0,4.775E-1));
#11133=VERTEX_POINT('',#11131);
#11134=VERTEX_POINT('',#11132);
#11135=CARTESIAN_POINT('',(-2.E0,0.E0,1.725E-1));
#11136=CARTESIAN_POINT('',(-1.5E0,0.E0,1.725E-1));
#11137=VERTEX_POINT('',#11135);
#11138=VERTEX_POINT('',#11136);
#11139=CARTESIAN_POINT('',(-2.E0,0.E0,1.1275E0));
#11140=CARTESIAN_POINT('',(-1.5E0,0.E0,1.1275E0));
#11141=VERTEX_POINT('',#11139);
#11142=VERTEX_POINT('',#11140);
#11143=CARTESIAN_POINT('',(-2.E0,0.E0,8.225E-1));
#11144=CARTESIAN_POINT('',(-1.5E0,0.E0,8.225E-1));
#11145=VERTEX_POINT('',#11143);
#11146=VERTEX_POINT('',#11144);
#11147=CARTESIAN_POINT('',(2.E0,0.E0,-8.225E-1));
#11148=CARTESIAN_POINT('',(1.5E0,0.E0,-8.225E-1));
#11149=VERTEX_POINT('',#11147);
#11150=VERTEX_POINT('',#11148);
#11151=CARTESIAN_POINT('',(2.E0,0.E0,-1.1275E0));
#11152=CARTESIAN_POINT('',(1.5E0,0.E0,-1.1275E0));
#11153=VERTEX_POINT('',#11151);
#11154=VERTEX_POINT('',#11152);
#11155=CARTESIAN_POINT('',(2.E0,0.E0,-1.725E-1));
#11156=CARTESIAN_POINT('',(1.5E0,0.E0,-1.725E-1));
#11157=VERTEX_POINT('',#11155);
#11158=VERTEX_POINT('',#11156);
#11159=CARTESIAN_POINT('',(2.E0,0.E0,-4.775E-1));
#11160=CARTESIAN_POINT('',(1.5E0,0.E0,-4.775E-1));
#11161=VERTEX_POINT('',#11159);
#11162=VERTEX_POINT('',#11160);
#11163=CARTESIAN_POINT('',(2.E0,0.E0,4.775E-1));
#11164=CARTESIAN_POINT('',(1.5E0,0.E0,4.775E-1));
#11165=VERTEX_POINT('',#11163);
#11166=VERTEX_POINT('',#11164);
#11167=CARTESIAN_POINT('',(2.E0,0.E0,1.725E-1));
#11168=CARTESIAN_POINT('',(1.5E0,0.E0,1.725E-1));
#11169=VERTEX_POINT('',#11167);
#11170=VERTEX_POINT('',#11168);
#11171=CARTESIAN_POINT('',(2.E0,0.E0,1.1275E0));
#11172=CARTESIAN_POINT('',(1.5E0,0.E0,1.1275E0));
#11173=VERTEX_POINT('',#11171);
#11174=VERTEX_POINT('',#11172);
#11175=CARTESIAN_POINT('',(2.E0,0.E0,8.225E-1));
#11176=CARTESIAN_POINT('',(1.5E0,0.E0,8.225E-1));
#11177=VERTEX_POINT('',#11175);
#11178=VERTEX_POINT('',#11176);
#11179=CARTESIAN_POINT('',(-1.1275E0,0.E0,-2.E0));
#11180=CARTESIAN_POINT('',(-1.1275E0,0.E0,-1.5E0));
#11181=VERTEX_POINT('',#11179);
#11182=VERTEX_POINT('',#11180);
#11183=CARTESIAN_POINT('',(-8.225E-1,0.E0,-2.E0));
#11184=CARTESIAN_POINT('',(-8.225E-1,0.E0,-1.5E0));
#11185=VERTEX_POINT('',#11183);
#11186=VERTEX_POINT('',#11184);
#11187=CARTESIAN_POINT('',(-4.775E-1,0.E0,-2.E0));
#11188=CARTESIAN_POINT('',(-4.775E-1,0.E0,-1.5E0));
#11189=VERTEX_POINT('',#11187);
#11190=VERTEX_POINT('',#11188);
#11191=CARTESIAN_POINT('',(-1.725E-1,0.E0,-2.E0));
#11192=CARTESIAN_POINT('',(-1.725E-1,0.E0,-1.5E0));
#11193=VERTEX_POINT('',#11191);
#11194=VERTEX_POINT('',#11192);
#11195=CARTESIAN_POINT('',(1.725E-1,0.E0,-2.E0));
#11196=CARTESIAN_POINT('',(1.725E-1,0.E0,-1.5E0));
#11197=VERTEX_POINT('',#11195);
#11198=VERTEX_POINT('',#11196);
#11199=CARTESIAN_POINT('',(4.775E-1,0.E0,-2.E0));
#11200=CARTESIAN_POINT('',(4.775E-1,0.E0,-1.5E0));
#11201=VERTEX_POINT('',#11199);
#11202=VERTEX_POINT('',#11200);
#11203=CARTESIAN_POINT('',(8.225E-1,0.E0,-2.E0));
#11204=CARTESIAN_POINT('',(8.225E-1,0.E0,-1.5E0));
#11205=VERTEX_POINT('',#11203);
#11206=VERTEX_POINT('',#11204);
#11207=CARTESIAN_POINT('',(1.1275E0,0.E0,-2.E0));
#11208=CARTESIAN_POINT('',(1.1275E0,0.E0,-1.5E0));
#11209=VERTEX_POINT('',#11207);
#11210=VERTEX_POINT('',#11208);
#11211=CARTESIAN_POINT('',(-1.1275E0,0.E0,2.E0));
#11212=CARTESIAN_POINT('',(-1.1275E0,0.E0,1.5E0));
#11213=VERTEX_POINT('',#11211);
#11214=VERTEX_POINT('',#11212);
#11215=CARTESIAN_POINT('',(-8.225E-1,0.E0,2.E0));
#11216=CARTESIAN_POINT('',(-8.225E-1,0.E0,1.5E0));
#11217=VERTEX_POINT('',#11215);
#11218=VERTEX_POINT('',#11216);
#11219=CARTESIAN_POINT('',(-4.775E-1,0.E0,2.E0));
#11220=CARTESIAN_POINT('',(-4.775E-1,0.E0,1.5E0));
#11221=VERTEX_POINT('',#11219);
#11222=VERTEX_POINT('',#11220);
#11223=CARTESIAN_POINT('',(-1.725E-1,0.E0,2.E0));
#11224=CARTESIAN_POINT('',(-1.725E-1,0.E0,1.5E0));
#11225=VERTEX_POINT('',#11223);
#11226=VERTEX_POINT('',#11224);
#11227=CARTESIAN_POINT('',(1.725E-1,0.E0,2.E0));
#11228=CARTESIAN_POINT('',(1.725E-1,0.E0,1.5E0));
#11229=VERTEX_POINT('',#11227);
#11230=VERTEX_POINT('',#11228);
#11231=CARTESIAN_POINT('',(4.775E-1,0.E0,2.E0));
#11232=CARTESIAN_POINT('',(4.775E-1,0.E0,1.5E0));
#11233=VERTEX_POINT('',#11231);
#11234=VERTEX_POINT('',#11232);
#11235=CARTESIAN_POINT('',(8.225E-1,0.E0,2.E0));
#11236=CARTESIAN_POINT('',(8.225E-1,0.E0,1.5E0));
#11237=VERTEX_POINT('',#11235);
#11238=VERTEX_POINT('',#11236);
#11239=CARTESIAN_POINT('',(1.1275E0,0.E0,2.E0));
#11240=CARTESIAN_POINT('',(1.1275E0,0.E0,1.5E0));
#11241=VERTEX_POINT('',#11239);
#11242=VERTEX_POINT('',#11240);
#11243=CARTESIAN_POINT('',(-1.05E0,0.E0,-7.5E-1));
#11244=CARTESIAN_POINT('',(-1.05E0,0.E0,1.05E0));
#11245=VERTEX_POINT('',#11243);
#11246=VERTEX_POINT('',#11244);
#11247=CARTESIAN_POINT('',(1.05E0,0.E0,1.05E0));
#11248=VERTEX_POINT('',#11247);
#11249=CARTESIAN_POINT('',(1.05E0,0.E0,-1.05E0));
#11250=VERTEX_POINT('',#11249);
#11251=CARTESIAN_POINT('',(-7.5E-1,0.E0,-1.05E0));
#11252=VERTEX_POINT('',#11251);
#11253=CARTESIAN_POINT('',(-2.E0,7.5E-2,-8.225E-1));
#11254=CARTESIAN_POINT('',(-2.E0,7.5E-2,-1.1275E0));
#11255=VERTEX_POINT('',#11253);
#11256=VERTEX_POINT('',#11254);
#11257=CARTESIAN_POINT('',(-2.E0,7.5E-2,-1.725E-1));
#11258=CARTESIAN_POINT('',(-2.E0,7.5E-2,-4.775E-1));
#11259=VERTEX_POINT('',#11257);
#11260=VERTEX_POINT('',#11258);
#11261=CARTESIAN_POINT('',(-2.E0,7.5E-2,4.775E-1));
#11262=CARTESIAN_POINT('',(-2.E0,7.5E-2,1.725E-1));
#11263=VERTEX_POINT('',#11261);
#11264=VERTEX_POINT('',#11262);
#11265=CARTESIAN_POINT('',(-2.E0,7.5E-2,1.1275E0));
#11266=CARTESIAN_POINT('',(-2.E0,7.5E-2,8.225E-1));
#11267=VERTEX_POINT('',#11265);
#11268=VERTEX_POINT('',#11266);
#11269=CARTESIAN_POINT('',(-1.1275E0,7.5E-2,2.E0));
#11270=VERTEX_POINT('',#11269);
#11271=CARTESIAN_POINT('',(-8.225E-1,7.5E-2,2.E0));
#11272=VERTEX_POINT('',#11271);
#11273=CARTESIAN_POINT('',(-4.775E-1,7.5E-2,2.E0));
#11274=VERTEX_POINT('',#11273);
#11275=CARTESIAN_POINT('',(-1.725E-1,7.5E-2,2.E0));
#11276=VERTEX_POINT('',#11275);
#11277=CARTESIAN_POINT('',(1.725E-1,7.5E-2,2.E0));
#11278=VERTEX_POINT('',#11277);
#11279=CARTESIAN_POINT('',(4.775E-1,7.5E-2,2.E0));
#11280=VERTEX_POINT('',#11279);
#11281=CARTESIAN_POINT('',(8.225E-1,7.5E-2,2.E0));
#11282=VERTEX_POINT('',#11281);
#11283=CARTESIAN_POINT('',(1.1275E0,7.5E-2,2.E0));
#11284=VERTEX_POINT('',#11283);
#11285=CARTESIAN_POINT('',(2.E0,7.5E-2,-8.225E-1));
#11286=CARTESIAN_POINT('',(2.E0,7.5E-2,-1.1275E0));
#11287=VERTEX_POINT('',#11285);
#11288=VERTEX_POINT('',#11286);
#11289=CARTESIAN_POINT('',(2.E0,7.5E-2,-1.725E-1));
#11290=CARTESIAN_POINT('',(2.E0,7.5E-2,-4.775E-1));
#11291=VERTEX_POINT('',#11289);
#11292=VERTEX_POINT('',#11290);
#11293=CARTESIAN_POINT('',(2.E0,7.5E-2,4.775E-1));
#11294=CARTESIAN_POINT('',(2.E0,7.5E-2,1.725E-1));
#11295=VERTEX_POINT('',#11293);
#11296=VERTEX_POINT('',#11294);
#11297=CARTESIAN_POINT('',(2.E0,7.5E-2,1.1275E0));
#11298=CARTESIAN_POINT('',(2.E0,7.5E-2,8.225E-1));
#11299=VERTEX_POINT('',#11297);
#11300=VERTEX_POINT('',#11298);
#11301=CARTESIAN_POINT('',(-1.1275E0,7.5E-2,-2.E0));
#11302=VERTEX_POINT('',#11301);
#11303=CARTESIAN_POINT('',(-8.225E-1,7.5E-2,-2.E0));
#11304=VERTEX_POINT('',#11303);
#11305=CARTESIAN_POINT('',(-4.775E-1,7.5E-2,-2.E0));
#11306=VERTEX_POINT('',#11305);
#11307=CARTESIAN_POINT('',(-1.725E-1,7.5E-2,-2.E0));
#11308=VERTEX_POINT('',#11307);
#11309=CARTESIAN_POINT('',(1.725E-1,7.5E-2,-2.E0));
#11310=VERTEX_POINT('',#11309);
#11311=CARTESIAN_POINT('',(4.775E-1,7.5E-2,-2.E0));
#11312=VERTEX_POINT('',#11311);
#11313=CARTESIAN_POINT('',(8.225E-1,7.5E-2,-2.E0));
#11314=VERTEX_POINT('',#11313);
#11315=CARTESIAN_POINT('',(1.1275E0,7.5E-2,-2.E0));
#11316=VERTEX_POINT('',#11315);
#11317=CARTESIAN_POINT('',(-1.875E0,7.5E-2,1.875E0));
#11318=CARTESIAN_POINT('',(-1.875E0,1.75E-1,1.875E0));
#11319=VERTEX_POINT('',#11317);
#11320=VERTEX_POINT('',#11318);
#11321=CARTESIAN_POINT('',(-1.725E0,7.5E-2,1.725E0));
#11322=CARTESIAN_POINT('',(-1.725E0,1.75E-1,1.725E0));
#11323=VERTEX_POINT('',#11321);
#11324=VERTEX_POINT('',#11322);
#11325=CARTESIAN_POINT('',(-2.E0,7.5E-2,-1.875E0));
#11326=CARTESIAN_POINT('',(-2.E0,7.5E-2,-1.725E0));
#11327=VERTEX_POINT('',#11325);
#11328=VERTEX_POINT('',#11326);
#11329=CARTESIAN_POINT('',(-2.E0,7.5E-2,1.725E0));
#11330=CARTESIAN_POINT('',(-2.E0,7.5E-2,1.875E0));
#11331=VERTEX_POINT('',#11329);
#11332=VERTEX_POINT('',#11330);
#11333=CARTESIAN_POINT('',(-2.E0,1.75E-1,-1.875E0));
#11334=CARTESIAN_POINT('',(-2.E0,1.75E-1,-1.725E0));
#11335=VERTEX_POINT('',#11333);
#11336=VERTEX_POINT('',#11334);
#11337=CARTESIAN_POINT('',(-2.E0,1.75E-1,1.725E0));
#11338=CARTESIAN_POINT('',(-2.E0,1.75E-1,1.875E0));
#11339=VERTEX_POINT('',#11337);
#11340=VERTEX_POINT('',#11338);
#11341=CARTESIAN_POINT('',(-1.875E0,7.5E-2,2.E0));
#11342=CARTESIAN_POINT('',(-1.725E0,7.5E-2,2.E0));
#11343=VERTEX_POINT('',#11341);
#11344=VERTEX_POINT('',#11342);
#11345=CARTESIAN_POINT('',(1.725E0,7.5E-2,2.E0));
#11346=CARTESIAN_POINT('',(1.875E0,7.5E-2,2.E0));
#11347=VERTEX_POINT('',#11345);
#11348=VERTEX_POINT('',#11346);
#11349=CARTESIAN_POINT('',(-1.875E0,1.75E-1,2.E0));
#11350=CARTESIAN_POINT('',(-1.725E0,1.75E-1,2.E0));
#11351=VERTEX_POINT('',#11349);
#11352=VERTEX_POINT('',#11350);
#11353=CARTESIAN_POINT('',(1.725E0,1.75E-1,2.E0));
#11354=CARTESIAN_POINT('',(1.875E0,1.75E-1,2.E0));
#11355=VERTEX_POINT('',#11353);
#11356=VERTEX_POINT('',#11354);
#11357=CARTESIAN_POINT('',(2.E0,7.5E-2,1.875E0));
#11358=CARTESIAN_POINT('',(2.E0,7.5E-2,1.725E0));
#11359=VERTEX_POINT('',#11357);
#11360=VERTEX_POINT('',#11358);
#11361=CARTESIAN_POINT('',(2.E0,7.5E-2,-1.725E0));
#11362=CARTESIAN_POINT('',(2.E0,7.5E-2,-1.875E0));
#11363=VERTEX_POINT('',#11361);
#11364=VERTEX_POINT('',#11362);
#11365=CARTESIAN_POINT('',(2.E0,1.75E-1,1.875E0));
#11366=CARTESIAN_POINT('',(2.E0,1.75E-1,1.725E0));
#11367=VERTEX_POINT('',#11365);
#11368=VERTEX_POINT('',#11366);
#11369=CARTESIAN_POINT('',(2.E0,1.75E-1,-1.725E0));
#11370=CARTESIAN_POINT('',(2.E0,1.75E-1,-1.875E0));
#11371=VERTEX_POINT('',#11369);
#11372=VERTEX_POINT('',#11370);
#11373=CARTESIAN_POINT('',(1.875E0,7.5E-2,-2.E0));
#11374=CARTESIAN_POINT('',(1.725E0,7.5E-2,-2.E0));
#11375=VERTEX_POINT('',#11373);
#11376=VERTEX_POINT('',#11374);
#11377=CARTESIAN_POINT('',(-1.725E0,7.5E-2,-2.E0));
#11378=CARTESIAN_POINT('',(-1.875E0,7.5E-2,-2.E0));
#11379=VERTEX_POINT('',#11377);
#11380=VERTEX_POINT('',#11378);
#11381=CARTESIAN_POINT('',(1.875E0,1.75E-1,-2.E0));
#11382=CARTESIAN_POINT('',(1.725E0,1.75E-1,-2.E0));
#11383=VERTEX_POINT('',#11381);
#11384=VERTEX_POINT('',#11382);
#11385=CARTESIAN_POINT('',(-1.725E0,1.75E-1,-2.E0));
#11386=CARTESIAN_POINT('',(-1.875E0,1.75E-1,-2.E0));
#11387=VERTEX_POINT('',#11385);
#11388=VERTEX_POINT('',#11386);
#11389=CARTESIAN_POINT('',(-1.45E0,7.5E-2,-9.74E-1));
#11390=CARTESIAN_POINT('',(-1.45E0,7.5E-2,-9.76E-1));
#11391=VERTEX_POINT('',#11389);
#11392=VERTEX_POINT('',#11390);
#11393=CARTESIAN_POINT('',(-1.45E0,7.5E-2,-3.24E-1));
#11394=CARTESIAN_POINT('',(-1.45E0,7.5E-2,-3.26E-1));
#11395=VERTEX_POINT('',#11393);
#11396=VERTEX_POINT('',#11394);
#11397=CARTESIAN_POINT('',(-1.45E0,7.5E-2,3.26E-1));
#11398=CARTESIAN_POINT('',(-1.45E0,7.5E-2,3.24E-1));
#11399=VERTEX_POINT('',#11397);
#11400=VERTEX_POINT('',#11398);
#11401=CARTESIAN_POINT('',(-1.45E0,7.5E-2,9.76E-1));
#11402=CARTESIAN_POINT('',(-1.45E0,7.5E-2,9.74E-1));
#11403=VERTEX_POINT('',#11401);
#11404=VERTEX_POINT('',#11402);
#11405=CARTESIAN_POINT('',(1.45E0,7.5E-2,-9.74E-1));
#11406=CARTESIAN_POINT('',(1.45E0,7.5E-2,-9.76E-1));
#11407=VERTEX_POINT('',#11405);
#11408=VERTEX_POINT('',#11406);
#11409=CARTESIAN_POINT('',(1.45E0,7.5E-2,-3.24E-1));
#11410=CARTESIAN_POINT('',(1.45E0,7.5E-2,-3.26E-1));
#11411=VERTEX_POINT('',#11409);
#11412=VERTEX_POINT('',#11410);
#11413=CARTESIAN_POINT('',(1.45E0,7.5E-2,3.26E-1));
#11414=CARTESIAN_POINT('',(1.45E0,7.5E-2,3.24E-1));
#11415=VERTEX_POINT('',#11413);
#11416=VERTEX_POINT('',#11414);
#11417=CARTESIAN_POINT('',(1.45E0,7.5E-2,9.76E-1));
#11418=CARTESIAN_POINT('',(1.45E0,7.5E-2,9.74E-1));
#11419=VERTEX_POINT('',#11417);
#11420=VERTEX_POINT('',#11418);
#11421=CARTESIAN_POINT('',(-9.76E-1,7.5E-2,-1.45E0));
#11422=CARTESIAN_POINT('',(-9.74E-1,7.5E-2,-1.45E0));
#11423=VERTEX_POINT('',#11421);
#11424=VERTEX_POINT('',#11422);
#11425=CARTESIAN_POINT('',(-3.26E-1,7.5E-2,-1.45E0));
#11426=CARTESIAN_POINT('',(-3.24E-1,7.5E-2,-1.45E0));
#11427=VERTEX_POINT('',#11425);
#11428=VERTEX_POINT('',#11426);
#11429=CARTESIAN_POINT('',(3.24E-1,7.5E-2,-1.45E0));
#11430=CARTESIAN_POINT('',(3.26E-1,7.5E-2,-1.45E0));
#11431=VERTEX_POINT('',#11429);
#11432=VERTEX_POINT('',#11430);
#11433=CARTESIAN_POINT('',(9.74E-1,7.5E-2,-1.45E0));
#11434=CARTESIAN_POINT('',(9.76E-1,7.5E-2,-1.45E0));
#11435=VERTEX_POINT('',#11433);
#11436=VERTEX_POINT('',#11434);
#11437=CARTESIAN_POINT('',(-9.76E-1,7.5E-2,1.45E0));
#11438=CARTESIAN_POINT('',(-9.74E-1,7.5E-2,1.45E0));
#11439=VERTEX_POINT('',#11437);
#11440=VERTEX_POINT('',#11438);
#11441=CARTESIAN_POINT('',(-3.26E-1,7.5E-2,1.45E0));
#11442=CARTESIAN_POINT('',(-3.24E-1,7.5E-2,1.45E0));
#11443=VERTEX_POINT('',#11441);
#11444=VERTEX_POINT('',#11442);
#11445=CARTESIAN_POINT('',(3.24E-1,7.5E-2,1.45E0));
#11446=CARTESIAN_POINT('',(3.26E-1,7.5E-2,1.45E0));
#11447=VERTEX_POINT('',#11445);
#11448=VERTEX_POINT('',#11446);
#11449=CARTESIAN_POINT('',(9.74E-1,7.5E-2,1.45E0));
#11450=CARTESIAN_POINT('',(9.76E-1,7.5E-2,1.45E0));
#11451=VERTEX_POINT('',#11449);
#11452=VERTEX_POINT('',#11450);
#11453=CARTESIAN_POINT('',(-1.450035738504E0,0.E0,-9.707094849259E-1));
#11454=CARTESIAN_POINT('',(-1.45E0,0.E0,-9.74E-1));
#11455=VERTEX_POINT('',#11453);
#11456=VERTEX_POINT('',#11454);
#11457=CARTESIAN_POINT('',(-1.45E0,0.E0,-9.76E-1));
#11458=VERTEX_POINT('',#11457);
#11459=CARTESIAN_POINT('',(-1.450035738504E0,0.E0,-9.792905150741E-1));
#11460=VERTEX_POINT('',#11459);
#11461=CARTESIAN_POINT('',(-1.450035738504E0,0.E0,-3.207094849259E-1));
#11462=CARTESIAN_POINT('',(-1.45E0,0.E0,-3.24E-1));
#11463=VERTEX_POINT('',#11461);
#11464=VERTEX_POINT('',#11462);
#11465=CARTESIAN_POINT('',(-1.45E0,0.E0,-3.26E-1));
#11466=VERTEX_POINT('',#11465);
#11467=CARTESIAN_POINT('',(-1.450035738504E0,0.E0,-3.292905150741E-1));
#11468=VERTEX_POINT('',#11467);
#11469=CARTESIAN_POINT('',(-1.450035738504E0,0.E0,3.292905150741E-1));
#11470=CARTESIAN_POINT('',(-1.45E0,0.E0,3.26E-1));
#11471=VERTEX_POINT('',#11469);
#11472=VERTEX_POINT('',#11470);
#11473=CARTESIAN_POINT('',(-1.45E0,0.E0,3.24E-1));
#11474=VERTEX_POINT('',#11473);
#11475=CARTESIAN_POINT('',(-1.450035738504E0,0.E0,3.207094849259E-1));
#11476=VERTEX_POINT('',#11475);
#11477=CARTESIAN_POINT('',(-1.450035738504E0,0.E0,9.792905150741E-1));
#11478=CARTESIAN_POINT('',(-1.45E0,0.E0,9.76E-1));
#11479=VERTEX_POINT('',#11477);
#11480=VERTEX_POINT('',#11478);
#11481=CARTESIAN_POINT('',(-1.45E0,0.E0,9.74E-1));
#11482=VERTEX_POINT('',#11481);
#11483=CARTESIAN_POINT('',(-1.450035738504E0,0.E0,9.707094849259E-1));
#11484=VERTEX_POINT('',#11483);
#11485=CARTESIAN_POINT('',(1.450035738504E0,0.E0,-9.707094849259E-1));
#11486=CARTESIAN_POINT('',(1.45E0,0.E0,-9.74E-1));
#11487=VERTEX_POINT('',#11485);
#11488=VERTEX_POINT('',#11486);
#11489=CARTESIAN_POINT('',(1.45E0,0.E0,-9.76E-1));
#11490=VERTEX_POINT('',#11489);
#11491=CARTESIAN_POINT('',(1.450035738504E0,0.E0,-9.792905150741E-1));
#11492=VERTEX_POINT('',#11491);
#11493=CARTESIAN_POINT('',(1.450035738504E0,0.E0,-3.207094849259E-1));
#11494=CARTESIAN_POINT('',(1.45E0,0.E0,-3.24E-1));
#11495=VERTEX_POINT('',#11493);
#11496=VERTEX_POINT('',#11494);
#11497=CARTESIAN_POINT('',(1.45E0,0.E0,-3.26E-1));
#11498=VERTEX_POINT('',#11497);
#11499=CARTESIAN_POINT('',(1.450035738504E0,0.E0,-3.292905150741E-1));
#11500=VERTEX_POINT('',#11499);
#11501=CARTESIAN_POINT('',(1.450035738504E0,0.E0,3.292905150742E-1));
#11502=CARTESIAN_POINT('',(1.45E0,0.E0,3.26E-1));
#11503=VERTEX_POINT('',#11501);
#11504=VERTEX_POINT('',#11502);
#11505=CARTESIAN_POINT('',(1.45E0,0.E0,3.24E-1));
#11506=VERTEX_POINT('',#11505);
#11507=CARTESIAN_POINT('',(1.450035738504E0,0.E0,3.207094849258E-1));
#11508=VERTEX_POINT('',#11507);
#11509=CARTESIAN_POINT('',(1.450035738504E0,0.E0,9.792905150742E-1));
#11510=CARTESIAN_POINT('',(1.45E0,0.E0,9.76E-1));
#11511=VERTEX_POINT('',#11509);
#11512=VERTEX_POINT('',#11510);
#11513=CARTESIAN_POINT('',(1.45E0,0.E0,9.74E-1));
#11514=VERTEX_POINT('',#11513);
#11515=CARTESIAN_POINT('',(1.450035738504E0,0.E0,9.707094849258E-1));
#11516=VERTEX_POINT('',#11515);
#11517=CARTESIAN_POINT('',(-9.792905150741E-1,0.E0,-1.450035738504E0));
#11518=CARTESIAN_POINT('',(-9.76E-1,0.E0,-1.45E0));
#11519=VERTEX_POINT('',#11517);
#11520=VERTEX_POINT('',#11518);
#11521=CARTESIAN_POINT('',(-9.74E-1,0.E0,-1.45E0));
#11522=VERTEX_POINT('',#11521);
#11523=CARTESIAN_POINT('',(-9.707094849259E-1,0.E0,-1.450035738504E0));
#11524=VERTEX_POINT('',#11523);
#11525=CARTESIAN_POINT('',(-3.292905150741E-1,0.E0,-1.450035738504E0));
#11526=CARTESIAN_POINT('',(-3.26E-1,0.E0,-1.45E0));
#11527=VERTEX_POINT('',#11525);
#11528=VERTEX_POINT('',#11526);
#11529=CARTESIAN_POINT('',(-3.24E-1,0.E0,-1.45E0));
#11530=VERTEX_POINT('',#11529);
#11531=CARTESIAN_POINT('',(-3.207094849259E-1,0.E0,-1.450035738504E0));
#11532=VERTEX_POINT('',#11531);
#11533=CARTESIAN_POINT('',(3.207094849259E-1,0.E0,-1.450035738504E0));
#11534=CARTESIAN_POINT('',(3.24E-1,0.E0,-1.45E0));
#11535=VERTEX_POINT('',#11533);
#11536=VERTEX_POINT('',#11534);
#11537=CARTESIAN_POINT('',(3.26E-1,0.E0,-1.45E0));
#11538=VERTEX_POINT('',#11537);
#11539=CARTESIAN_POINT('',(3.292905150741E-1,0.E0,-1.450035738504E0));
#11540=VERTEX_POINT('',#11539);
#11541=CARTESIAN_POINT('',(9.707094849259E-1,0.E0,-1.450035738504E0));
#11542=CARTESIAN_POINT('',(9.74E-1,0.E0,-1.45E0));
#11543=VERTEX_POINT('',#11541);
#11544=VERTEX_POINT('',#11542);
#11545=CARTESIAN_POINT('',(9.76E-1,0.E0,-1.45E0));
#11546=VERTEX_POINT('',#11545);
#11547=CARTESIAN_POINT('',(9.792905150741E-1,0.E0,-1.450035738504E0));
#11548=VERTEX_POINT('',#11547);
#11549=CARTESIAN_POINT('',(-9.792905150742E-1,0.E0,1.450035738504E0));
#11550=CARTESIAN_POINT('',(-9.76E-1,0.E0,1.45E0));
#11551=VERTEX_POINT('',#11549);
#11552=VERTEX_POINT('',#11550);
#11553=CARTESIAN_POINT('',(-9.74E-1,0.E0,1.45E0));
#11554=VERTEX_POINT('',#11553);
#11555=CARTESIAN_POINT('',(-9.707094849258E-1,0.E0,1.450035738504E0));
#11556=VERTEX_POINT('',#11555);
#11557=CARTESIAN_POINT('',(-3.292905150741E-1,0.E0,1.450035738504E0));
#11558=CARTESIAN_POINT('',(-3.26E-1,0.E0,1.45E0));
#11559=VERTEX_POINT('',#11557);
#11560=VERTEX_POINT('',#11558);
#11561=CARTESIAN_POINT('',(-3.24E-1,0.E0,1.45E0));
#11562=VERTEX_POINT('',#11561);
#11563=CARTESIAN_POINT('',(-3.207094849259E-1,0.E0,1.450035738504E0));
#11564=VERTEX_POINT('',#11563);
#11565=CARTESIAN_POINT('',(3.207094849259E-1,0.E0,1.450035738504E0));
#11566=CARTESIAN_POINT('',(3.24E-1,0.E0,1.45E0));
#11567=VERTEX_POINT('',#11565);
#11568=VERTEX_POINT('',#11566);
#11569=CARTESIAN_POINT('',(3.26E-1,0.E0,1.45E0));
#11570=VERTEX_POINT('',#11569);
#11571=CARTESIAN_POINT('',(3.292905150741E-1,0.E0,1.450035738504E0));
#11572=VERTEX_POINT('',#11571);
#11573=CARTESIAN_POINT('',(9.707094849259E-1,0.E0,1.450035738504E0));
#11574=CARTESIAN_POINT('',(9.74E-1,0.E0,1.45E0));
#11575=VERTEX_POINT('',#11573);
#11576=VERTEX_POINT('',#11574);
#11577=CARTESIAN_POINT('',(9.76E-1,0.E0,1.45E0));
#11578=VERTEX_POINT('',#11577);
#11579=CARTESIAN_POINT('',(9.792905150741E-1,0.E0,1.450035738504E0));
#11580=VERTEX_POINT('',#11579);
#11581=CARTESIAN_POINT('',(1.725E0,7.5E-2,1.725E0));
#11582=CARTESIAN_POINT('',(1.725E0,1.75E-1,1.725E0));
#11583=VERTEX_POINT('',#11581);
#11584=VERTEX_POINT('',#11582);
#11585=CARTESIAN_POINT('',(1.875E0,7.5E-2,1.875E0));
#11586=CARTESIAN_POINT('',(1.875E0,1.75E-1,1.875E0));
#11587=VERTEX_POINT('',#11585);
#11588=VERTEX_POINT('',#11586);
#11589=CARTESIAN_POINT('',(-1.725E0,7.5E-2,-1.725E0));
#11590=CARTESIAN_POINT('',(-1.725E0,1.75E-1,-1.725E0));
#11591=VERTEX_POINT('',#11589);
#11592=VERTEX_POINT('',#11590);
#11593=CARTESIAN_POINT('',(-1.875E0,7.5E-2,-1.875E0));
#11594=CARTESIAN_POINT('',(-1.875E0,1.75E-1,-1.875E0));
#11595=VERTEX_POINT('',#11593);
#11596=VERTEX_POINT('',#11594);
#11597=CARTESIAN_POINT('',(1.875E0,7.5E-2,-1.875E0));
#11598=CARTESIAN_POINT('',(1.875E0,1.75E-1,-1.875E0));
#11599=VERTEX_POINT('',#11597);
#11600=VERTEX_POINT('',#11598);
#11601=CARTESIAN_POINT('',(1.725E0,7.5E-2,-1.725E0));
#11602=CARTESIAN_POINT('',(1.725E0,1.75E-1,-1.725E0));
#11603=VERTEX_POINT('',#11601);
#11604=VERTEX_POINT('',#11602);
#11605=CARTESIAN_POINT('',(-1.450035738504E0,7.5E-2,-9.707094849259E-1));
#11606=VERTEX_POINT('',#11605);
#11607=CARTESIAN_POINT('',(-1.450035738504E0,7.5E-2,-9.792905150741E-1));
#11608=VERTEX_POINT('',#11607);
#11609=CARTESIAN_POINT('',(-1.5E0,7.5E-2,-8.225E-1));
#11610=VERTEX_POINT('',#11609);
#11611=CARTESIAN_POINT('',(-1.5E0,7.5E-2,-1.1275E0));
#11612=VERTEX_POINT('',#11611);
#11613=CARTESIAN_POINT('',(-1.450035738504E0,7.5E-2,-3.207094849259E-1));
#11614=VERTEX_POINT('',#11613);
#11615=CARTESIAN_POINT('',(-1.450035738504E0,7.5E-2,-3.292905150741E-1));
#11616=VERTEX_POINT('',#11615);
#11617=CARTESIAN_POINT('',(-1.5E0,7.5E-2,-1.725E-1));
#11618=VERTEX_POINT('',#11617);
#11619=CARTESIAN_POINT('',(-1.5E0,7.5E-2,-4.775E-1));
#11620=VERTEX_POINT('',#11619);
#11621=CARTESIAN_POINT('',(-1.450035738504E0,7.5E-2,3.292905150741E-1));
#11622=VERTEX_POINT('',#11621);
#11623=CARTESIAN_POINT('',(-1.450035738504E0,7.5E-2,3.207094849259E-1));
#11624=VERTEX_POINT('',#11623);
#11625=CARTESIAN_POINT('',(-1.5E0,7.5E-2,4.775E-1));
#11626=VERTEX_POINT('',#11625);
#11627=CARTESIAN_POINT('',(-1.5E0,7.5E-2,1.725E-1));
#11628=VERTEX_POINT('',#11627);
#11629=CARTESIAN_POINT('',(-1.450035738504E0,7.5E-2,9.792905150741E-1));
#11630=VERTEX_POINT('',#11629);
#11631=CARTESIAN_POINT('',(-1.450035738504E0,7.5E-2,9.707094849259E-1));
#11632=VERTEX_POINT('',#11631);
#11633=CARTESIAN_POINT('',(-1.5E0,7.5E-2,1.1275E0));
#11634=VERTEX_POINT('',#11633);
#11635=CARTESIAN_POINT('',(-1.5E0,7.5E-2,8.225E-1));
#11636=VERTEX_POINT('',#11635);
#11637=CARTESIAN_POINT('',(8.225E-1,7.5E-2,-1.5E0));
#11638=CARTESIAN_POINT('',(9.707094849259E-1,7.5E-2,-1.450035738504E0));
#11639=VERTEX_POINT('',#11637);
#11640=VERTEX_POINT('',#11638);
#11641=CARTESIAN_POINT('',(9.792905150741E-1,7.5E-2,-1.450035738504E0));
#11642=CARTESIAN_POINT('',(1.1275E0,7.5E-2,-1.5E0));
#11643=VERTEX_POINT('',#11641);
#11644=VERTEX_POINT('',#11642);
#11645=CARTESIAN_POINT('',(1.725E-1,7.5E-2,-1.5E0));
#11646=CARTESIAN_POINT('',(3.207094849259E-1,7.5E-2,-1.450035738504E0));
#11647=VERTEX_POINT('',#11645);
#11648=VERTEX_POINT('',#11646);
#11649=CARTESIAN_POINT('',(3.292905150741E-1,7.5E-2,-1.450035738504E0));
#11650=CARTESIAN_POINT('',(4.775E-1,7.5E-2,-1.5E0));
#11651=VERTEX_POINT('',#11649);
#11652=VERTEX_POINT('',#11650);
#11653=CARTESIAN_POINT('',(-4.775E-1,7.5E-2,-1.5E0));
#11654=CARTESIAN_POINT('',(-3.292905150741E-1,7.5E-2,-1.450035738504E0));
#11655=VERTEX_POINT('',#11653);
#11656=VERTEX_POINT('',#11654);
#11657=CARTESIAN_POINT('',(-3.207094849259E-1,7.5E-2,-1.450035738504E0));
#11658=CARTESIAN_POINT('',(-1.725E-1,7.5E-2,-1.5E0));
#11659=VERTEX_POINT('',#11657);
#11660=VERTEX_POINT('',#11658);
#11661=CARTESIAN_POINT('',(-1.1275E0,7.5E-2,-1.5E0));
#11662=CARTESIAN_POINT('',(-9.792905150741E-1,7.5E-2,-1.450035738504E0));
#11663=VERTEX_POINT('',#11661);
#11664=VERTEX_POINT('',#11662);
#11665=CARTESIAN_POINT('',(-9.707094849259E-1,7.5E-2,-1.450035738504E0));
#11666=CARTESIAN_POINT('',(-8.225E-1,7.5E-2,-1.5E0));
#11667=VERTEX_POINT('',#11665);
#11668=VERTEX_POINT('',#11666);
#11669=CARTESIAN_POINT('',(1.5E0,7.5E-2,8.225E-1));
#11670=CARTESIAN_POINT('',(1.450035738504E0,7.5E-2,9.707094849258E-1));
#11671=VERTEX_POINT('',#11669);
#11672=VERTEX_POINT('',#11670);
#11673=CARTESIAN_POINT('',(1.450035738504E0,7.5E-2,9.792905150742E-1));
#11674=CARTESIAN_POINT('',(1.5E0,7.5E-2,1.1275E0));
#11675=VERTEX_POINT('',#11673);
#11676=VERTEX_POINT('',#11674);
#11677=CARTESIAN_POINT('',(1.5E0,7.5E-2,1.725E-1));
#11678=CARTESIAN_POINT('',(1.450035738504E0,7.5E-2,3.207094849258E-1));
#11679=VERTEX_POINT('',#11677);
#11680=VERTEX_POINT('',#11678);
#11681=CARTESIAN_POINT('',(1.450035738504E0,7.5E-2,3.292905150742E-1));
#11682=CARTESIAN_POINT('',(1.5E0,7.5E-2,4.775E-1));
#11683=VERTEX_POINT('',#11681);
#11684=VERTEX_POINT('',#11682);
#11685=CARTESIAN_POINT('',(1.5E0,7.5E-2,-4.775E-1));
#11686=CARTESIAN_POINT('',(1.450035738504E0,7.5E-2,-3.292905150741E-1));
#11687=VERTEX_POINT('',#11685);
#11688=VERTEX_POINT('',#11686);
#11689=CARTESIAN_POINT('',(1.450035738504E0,7.5E-2,-3.207094849259E-1));
#11690=CARTESIAN_POINT('',(1.5E0,7.5E-2,-1.725E-1));
#11691=VERTEX_POINT('',#11689);
#11692=VERTEX_POINT('',#11690);
#11693=CARTESIAN_POINT('',(1.5E0,7.5E-2,-1.1275E0));
#11694=CARTESIAN_POINT('',(1.450035738504E0,7.5E-2,-9.792905150741E-1));
#11695=VERTEX_POINT('',#11693);
#11696=VERTEX_POINT('',#11694);
#11697=CARTESIAN_POINT('',(1.450035738504E0,7.5E-2,-9.707094849259E-1));
#11698=CARTESIAN_POINT('',(1.5E0,7.5E-2,-8.225E-1));
#11699=VERTEX_POINT('',#11697);
#11700=VERTEX_POINT('',#11698);
#11701=CARTESIAN_POINT('',(-8.225E-1,7.5E-2,1.5E0));
#11702=CARTESIAN_POINT('',(-9.707094849258E-1,7.5E-2,1.450035738504E0));
#11703=VERTEX_POINT('',#11701);
#11704=VERTEX_POINT('',#11702);
#11705=CARTESIAN_POINT('',(-9.792905150742E-1,7.5E-2,1.450035738504E0));
#11706=CARTESIAN_POINT('',(-1.1275E0,7.5E-2,1.5E0));
#11707=VERTEX_POINT('',#11705);
#11708=VERTEX_POINT('',#11706);
#11709=CARTESIAN_POINT('',(-1.725E-1,7.5E-2,1.5E0));
#11710=CARTESIAN_POINT('',(-3.207094849259E-1,7.5E-2,1.450035738504E0));
#11711=VERTEX_POINT('',#11709);
#11712=VERTEX_POINT('',#11710);
#11713=CARTESIAN_POINT('',(-3.292905150741E-1,7.5E-2,1.450035738504E0));
#11714=CARTESIAN_POINT('',(-4.775E-1,7.5E-2,1.5E0));
#11715=VERTEX_POINT('',#11713);
#11716=VERTEX_POINT('',#11714);
#11717=CARTESIAN_POINT('',(4.775E-1,7.5E-2,1.5E0));
#11718=CARTESIAN_POINT('',(3.292905150741E-1,7.5E-2,1.450035738504E0));
#11719=VERTEX_POINT('',#11717);
#11720=VERTEX_POINT('',#11718);
#11721=CARTESIAN_POINT('',(3.207094849259E-1,7.5E-2,1.450035738504E0));
#11722=CARTESIAN_POINT('',(1.725E-1,7.5E-2,1.5E0));
#11723=VERTEX_POINT('',#11721);
#11724=VERTEX_POINT('',#11722);
#11725=CARTESIAN_POINT('',(1.1275E0,7.5E-2,1.5E0));
#11726=CARTESIAN_POINT('',(9.792905150741E-1,7.5E-2,1.450035738504E0));
#11727=VERTEX_POINT('',#11725);
#11728=VERTEX_POINT('',#11726);
#11729=CARTESIAN_POINT('',(9.707094849259E-1,7.5E-2,1.450035738504E0));
#11730=CARTESIAN_POINT('',(8.225E-1,7.5E-2,1.5E0));
#11731=VERTEX_POINT('',#11729);
#11732=VERTEX_POINT('',#11730);
#11733=CARTESIAN_POINT('',(0.E0,0.E0,0.E0));
#11734=DIRECTION('',(0.E0,1.E0,0.E0));
#11735=DIRECTION('',(1.E0,0.E0,0.E0));
#11736=AXIS2_PLACEMENT_3D('',#11733,#11734,#11735);
#11737=PLANE('',#11736);
#11739=ORIENTED_EDGE('',*,*,#11738,.F.);
#11741=ORIENTED_EDGE('',*,*,#11740,.T.);
#11743=ORIENTED_EDGE('',*,*,#11742,.T.);
#11745=ORIENTED_EDGE('',*,*,#11744,.F.);
#11747=ORIENTED_EDGE('',*,*,#11746,.F.);
#11749=ORIENTED_EDGE('',*,*,#11748,.F.);
#11751=ORIENTED_EDGE('',*,*,#11750,.F.);
#11753=ORIENTED_EDGE('',*,*,#11752,.F.);
#11755=ORIENTED_EDGE('',*,*,#11754,.F.);
#11757=ORIENTED_EDGE('',*,*,#11756,.T.);
#11759=ORIENTED_EDGE('',*,*,#11758,.T.);
#11761=ORIENTED_EDGE('',*,*,#11760,.F.);
#11763=ORIENTED_EDGE('',*,*,#11762,.F.);
#11765=ORIENTED_EDGE('',*,*,#11764,.F.);
#11767=ORIENTED_EDGE('',*,*,#11766,.F.);
#11769=ORIENTED_EDGE('',*,*,#11768,.F.);
#11771=ORIENTED_EDGE('',*,*,#11770,.F.);
#11773=ORIENTED_EDGE('',*,*,#11772,.T.);
#11775=ORIENTED_EDGE('',*,*,#11774,.T.);
#11777=ORIENTED_EDGE('',*,*,#11776,.F.);
#11779=ORIENTED_EDGE('',*,*,#11778,.F.);
#11781=ORIENTED_EDGE('',*,*,#11780,.F.);
#11783=ORIENTED_EDGE('',*,*,#11782,.F.);
#11785=ORIENTED_EDGE('',*,*,#11784,.F.);
#11787=ORIENTED_EDGE('',*,*,#11786,.F.);
#11789=ORIENTED_EDGE('',*,*,#11788,.T.);
#11791=ORIENTED_EDGE('',*,*,#11790,.T.);
#11793=ORIENTED_EDGE('',*,*,#11792,.T.);
#11795=ORIENTED_EDGE('',*,*,#11794,.F.);
#11797=ORIENTED_EDGE('',*,*,#11796,.T.);
#11799=ORIENTED_EDGE('',*,*,#11798,.T.);
#11801=ORIENTED_EDGE('',*,*,#11800,.T.);
#11803=ORIENTED_EDGE('',*,*,#11802,.F.);
#11805=ORIENTED_EDGE('',*,*,#11804,.F.);
#11807=ORIENTED_EDGE('',*,*,#11806,.T.);
#11809=ORIENTED_EDGE('',*,*,#11808,.T.);
#11811=ORIENTED_EDGE('',*,*,#11810,.F.);
#11813=ORIENTED_EDGE('',*,*,#11812,.T.);
#11815=ORIENTED_EDGE('',*,*,#11814,.T.);
#11817=ORIENTED_EDGE('',*,*,#11816,.T.);
#11819=ORIENTED_EDGE('',*,*,#11818,.F.);
#11821=ORIENTED_EDGE('',*,*,#11820,.F.);
#11823=ORIENTED_EDGE('',*,*,#11822,.T.);
#11825=ORIENTED_EDGE('',*,*,#11824,.T.);
#11827=ORIENTED_EDGE('',*,*,#11826,.F.);
#11829=ORIENTED_EDGE('',*,*,#11828,.T.);
#11831=ORIENTED_EDGE('',*,*,#11830,.T.);
#11833=ORIENTED_EDGE('',*,*,#11832,.T.);
#11835=ORIENTED_EDGE('',*,*,#11834,.F.);
#11837=ORIENTED_EDGE('',*,*,#11836,.F.);
#11839=ORIENTED_EDGE('',*,*,#11838,.T.);
#11841=ORIENTED_EDGE('',*,*,#11840,.T.);
#11843=ORIENTED_EDGE('',*,*,#11842,.F.);
#11845=ORIENTED_EDGE('',*,*,#11844,.T.);
#11847=ORIENTED_EDGE('',*,*,#11846,.T.);
#11849=ORIENTED_EDGE('',*,*,#11848,.T.);
#11851=ORIENTED_EDGE('',*,*,#11850,.F.);
#11853=ORIENTED_EDGE('',*,*,#11852,.F.);
#11855=ORIENTED_EDGE('',*,*,#11854,.T.);
#11857=ORIENTED_EDGE('',*,*,#11856,.T.);
#11859=ORIENTED_EDGE('',*,*,#11858,.T.);
#11861=ORIENTED_EDGE('',*,*,#11860,.F.);
#11863=ORIENTED_EDGE('',*,*,#11862,.T.);
#11865=ORIENTED_EDGE('',*,*,#11864,.T.);
#11867=ORIENTED_EDGE('',*,*,#11866,.T.);
#11869=ORIENTED_EDGE('',*,*,#11868,.F.);
#11871=ORIENTED_EDGE('',*,*,#11870,.F.);
#11873=ORIENTED_EDGE('',*,*,#11872,.T.);
#11875=ORIENTED_EDGE('',*,*,#11874,.T.);
#11877=ORIENTED_EDGE('',*,*,#11876,.F.);
#11879=ORIENTED_EDGE('',*,*,#11878,.T.);
#11881=ORIENTED_EDGE('',*,*,#11880,.T.);
#11883=ORIENTED_EDGE('',*,*,#11882,.T.);
#11885=ORIENTED_EDGE('',*,*,#11884,.F.);
#11887=ORIENTED_EDGE('',*,*,#11886,.F.);
#11889=ORIENTED_EDGE('',*,*,#11888,.T.);
#11891=ORIENTED_EDGE('',*,*,#11890,.T.);
#11893=ORIENTED_EDGE('',*,*,#11892,.F.);
#11895=ORIENTED_EDGE('',*,*,#11894,.T.);
#11897=ORIENTED_EDGE('',*,*,#11896,.T.);
#11899=ORIENTED_EDGE('',*,*,#11898,.T.);
#11901=ORIENTED_EDGE('',*,*,#11900,.F.);
#11903=ORIENTED_EDGE('',*,*,#11902,.F.);
#11905=ORIENTED_EDGE('',*,*,#11904,.T.);
#11907=ORIENTED_EDGE('',*,*,#11906,.T.);
#11909=ORIENTED_EDGE('',*,*,#11908,.F.);
#11911=ORIENTED_EDGE('',*,*,#11910,.T.);
#11913=ORIENTED_EDGE('',*,*,#11912,.T.);
#11915=ORIENTED_EDGE('',*,*,#11914,.T.);
#11917=ORIENTED_EDGE('',*,*,#11916,.F.);
#11919=ORIENTED_EDGE('',*,*,#11918,.F.);
#11921=ORIENTED_EDGE('',*,*,#11920,.T.);
#11923=ORIENTED_EDGE('',*,*,#11922,.T.);
#11925=ORIENTED_EDGE('',*,*,#11924,.T.);
#11927=ORIENTED_EDGE('',*,*,#11926,.F.);
#11929=ORIENTED_EDGE('',*,*,#11928,.F.);
#11931=ORIENTED_EDGE('',*,*,#11930,.F.);
#11933=ORIENTED_EDGE('',*,*,#11932,.F.);
#11935=ORIENTED_EDGE('',*,*,#11934,.F.);
#11937=ORIENTED_EDGE('',*,*,#11936,.F.);
#11939=ORIENTED_EDGE('',*,*,#11938,.T.);
#11941=ORIENTED_EDGE('',*,*,#11940,.T.);
#11943=ORIENTED_EDGE('',*,*,#11942,.F.);
#11945=ORIENTED_EDGE('',*,*,#11944,.F.);
#11947=ORIENTED_EDGE('',*,*,#11946,.F.);
#11949=ORIENTED_EDGE('',*,*,#11948,.F.);
#11951=ORIENTED_EDGE('',*,*,#11950,.F.);
#11953=ORIENTED_EDGE('',*,*,#11952,.F.);
#11955=ORIENTED_EDGE('',*,*,#11954,.T.);
#11957=ORIENTED_EDGE('',*,*,#11956,.T.);
#11959=ORIENTED_EDGE('',*,*,#11958,.F.);
#11961=ORIENTED_EDGE('',*,*,#11960,.F.);
#11963=ORIENTED_EDGE('',*,*,#11962,.F.);
#11965=ORIENTED_EDGE('',*,*,#11964,.F.);
#11967=ORIENTED_EDGE('',*,*,#11966,.F.);
#11969=ORIENTED_EDGE('',*,*,#11968,.F.);
#11971=ORIENTED_EDGE('',*,*,#11970,.T.);
#11973=ORIENTED_EDGE('',*,*,#11972,.T.);
#11975=ORIENTED_EDGE('',*,*,#11974,.F.);
#11977=ORIENTED_EDGE('',*,*,#11976,.F.);
#11979=ORIENTED_EDGE('',*,*,#11978,.F.);
#11981=ORIENTED_EDGE('',*,*,#11980,.F.);
#11983=ORIENTED_EDGE('',*,*,#11982,.F.);
#11985=ORIENTED_EDGE('',*,*,#11984,.F.);
#11987=ORIENTED_EDGE('',*,*,#11986,.T.);
#11989=ORIENTED_EDGE('',*,*,#11988,.T.);
#11991=ORIENTED_EDGE('',*,*,#11990,.T.);
#11993=ORIENTED_EDGE('',*,*,#11992,.F.);
#11995=ORIENTED_EDGE('',*,*,#11994,.F.);
#11997=ORIENTED_EDGE('',*,*,#11996,.F.);
#11999=ORIENTED_EDGE('',*,*,#11998,.F.);
#12001=ORIENTED_EDGE('',*,*,#12000,.F.);
#12002=EDGE_LOOP('',(#11739,#11741,#11743,#11745,#11747,#11749,#11751,#11753,
#11755,#11757,#11759,#11761,#11763,#11765,#11767,#11769,#11771,#11773,#11775,
#11777,#11779,#11781,#11783,#11785,#11787,#11789,#11791,#11793,#11795,#11797,
#11799,#11801,#11803,#11805,#11807,#11809,#11811,#11813,#11815,#11817,#11819,
#11821,#11823,#11825,#11827,#11829,#11831,#11833,#11835,#11837,#11839,#11841,
#11843,#11845,#11847,#11849,#11851,#11853,#11855,#11857,#11859,#11861,#11863,
#11865,#11867,#11869,#11871,#11873,#11875,#11877,#11879,#11881,#11883,#11885,
#11887,#11889,#11891,#11893,#11895,#11897,#11899,#11901,#11903,#11905,#11907,
#11909,#11911,#11913,#11915,#11917,#11919,#11921,#11923,#11925,#11927,#11929,
#11931,#11933,#11935,#11937,#11939,#11941,#11943,#11945,#11947,#11949,#11951,
#11953,#11955,#11957,#11959,#11961,#11963,#11965,#11967,#11969,#11971,#11973,
#11975,#11977,#11979,#11981,#11983,#11985,#11987,#11989,#11991,#11993,#11995,
#11997,#11999,#12001));
#12003=FACE_OUTER_BOUND('',#12002,.F.);
#12005=ORIENTED_EDGE('',*,*,#12004,.F.);
#12007=ORIENTED_EDGE('',*,*,#12006,.T.);
#12009=ORIENTED_EDGE('',*,*,#12008,.F.);
#12011=ORIENTED_EDGE('',*,*,#12010,.F.);
#12013=ORIENTED_EDGE('',*,*,#12012,.F.);
#12014=EDGE_LOOP('',(#12005,#12007,#12009,#12011,#12013));
#12015=FACE_BOUND('',#12014,.F.);
#12017=CARTESIAN_POINT('',(-2.1E0,-2.5E-2,-8.225E-1));
#12018=DIRECTION('',(0.E0,0.E0,1.E0));
#12019=DIRECTION('',(1.E0,0.E0,0.E0));
#12020=AXIS2_PLACEMENT_3D('',#12017,#12018,#12019);
#12021=PLANE('',#12020);
#12022=ORIENTED_EDGE('',*,*,#11738,.T.);
#12024=ORIENTED_EDGE('',*,*,#12023,.T.);
#12026=ORIENTED_EDGE('',*,*,#12025,.T.);
#12028=ORIENTED_EDGE('',*,*,#12027,.F.);
#12029=EDGE_LOOP('',(#12022,#12024,#12026,#12028));
#12030=FACE_OUTER_BOUND('',#12029,.F.);
#12032=CARTESIAN_POINT('',(-1.7075625E0,-2.5E-2,-9.75E-1));
#12033=DIRECTION('',(0.E0,1.E0,0.E0));
#12034=DIRECTION('',(1.E0,0.E0,0.E0));
#12035=AXIS2_PLACEMENT_3D('',#12032,#12033,#12034);
#12036=CYLINDRICAL_SURFACE('',#12035,2.575625E-1);
#12037=ORIENTED_EDGE('',*,*,#12000,.T.);
#12039=ORIENTED_EDGE('',*,*,#12038,.T.);
#12041=ORIENTED_EDGE('',*,*,#12040,.F.);
#12042=ORIENTED_EDGE('',*,*,#12023,.F.);
#12043=EDGE_LOOP('',(#12037,#12039,#12041,#12042));
#12044=FACE_OUTER_BOUND('',#12043,.F.);
#12046=CARTESIAN_POINT('',(-1.7075625E0,-2.5E-2,-9.75E-1));
#12047=DIRECTION('',(0.E0,1.E0,0.E0));
#12048=DIRECTION('',(1.E0,0.E0,0.E0));
#12049=AXIS2_PLACEMENT_3D('',#12046,#12047,#12048);
#12050=CYLINDRICAL_SURFACE('',#12049,2.575625E-1);
#12051=ORIENTED_EDGE('',*,*,#11992,.T.);
#12053=ORIENTED_EDGE('',*,*,#12052,.T.);
#12055=ORIENTED_EDGE('',*,*,#12054,.F.);
#12057=ORIENTED_EDGE('',*,*,#12056,.F.);
#12058=EDGE_LOOP('',(#12051,#12053,#12055,#12057));
#12059=FACE_OUTER_BOUND('',#12058,.F.);
#12061=CARTESIAN_POINT('',(-1.6015E0,-2.5E-2,-9.74E-1));
#12062=DIRECTION('',(0.E0,1.E0,0.E0));
#12063=DIRECTION('',(1.E0,0.E0,0.E0));
#12064=AXIS2_PLACEMENT_3D('',#12061,#12062,#12063);
#12065=CYLINDRICAL_SURFACE('',#12064,1.515E-1);
#12066=ORIENTED_EDGE('',*,*,#11998,.T.);
#12068=ORIENTED_EDGE('',*,*,#12067,.T.);
#12070=ORIENTED_EDGE('',*,*,#12069,.F.);
#12071=ORIENTED_EDGE('',*,*,#12038,.F.);
#12072=EDGE_LOOP('',(#12066,#12068,#12070,#12071));
#12073=FACE_OUTER_BOUND('',#12072,.F.);
#12075=CARTESIAN_POINT('',(-1.45E0,-2.5E-2,-9.74E-1));
#12076=DIRECTION('',(1.E0,0.E0,0.E0));
#12077=DIRECTION('',(0.E0,0.E0,-1.E0));
#12078=AXIS2_PLACEMENT_3D('',#12075,#12076,#12077);
#12079=PLANE('',#12078);
#12080=ORIENTED_EDGE('',*,*,#11996,.T.);
#12082=ORIENTED_EDGE('',*,*,#12081,.T.);
#12084=ORIENTED_EDGE('',*,*,#12083,.F.);
#12085=ORIENTED_EDGE('',*,*,#12067,.F.);
#12086=EDGE_LOOP('',(#12080,#12082,#12084,#12085));
#12087=FACE_OUTER_BOUND('',#12086,.F.);
#12089=CARTESIAN_POINT('',(-1.6015E0,-2.5E-2,-9.76E-1));
#12090=DIRECTION('',(0.E0,1.E0,0.E0));
#12091=DIRECTION('',(1.E0,0.E0,0.E0));
#12092=AXIS2_PLACEMENT_3D('',#12089,#12090,#12091);
#12093=CYLINDRICAL_SURFACE('',#12092,1.515E-1);
#12094=ORIENTED_EDGE('',*,*,#11994,.T.);
#12095=ORIENTED_EDGE('',*,*,#12056,.T.);
#12097=ORIENTED_EDGE('',*,*,#12096,.F.);
#12098=ORIENTED_EDGE('',*,*,#12081,.F.);
#12099=EDGE_LOOP('',(#12094,#12095,#12097,#12098));
#12100=FACE_OUTER_BOUND('',#12099,.F.);
#12102=CARTESIAN_POINT('',(0.E0,7.5E-2,0.E0));
#12103=DIRECTION('',(0.E0,1.E0,0.E0));
#12104=DIRECTION('',(1.E0,0.E0,0.E0));
#12105=AXIS2_PLACEMENT_3D('',#12102,#12103,#12104);
#12106=PLANE('',#12105);
#12108=ORIENTED_EDGE('',*,*,#12107,.F.);
#12109=ORIENTED_EDGE('',*,*,#12025,.F.);
#12110=ORIENTED_EDGE('',*,*,#12040,.T.);
#12111=ORIENTED_EDGE('',*,*,#12069,.T.);
#12112=ORIENTED_EDGE('',*,*,#12083,.T.);
#12113=ORIENTED_EDGE('',*,*,#12096,.T.);
#12114=ORIENTED_EDGE('',*,*,#12054,.T.);
#12116=ORIENTED_EDGE('',*,*,#12115,.F.);
#12117=EDGE_LOOP('',(#12108,#12109,#12110,#12111,#12112,#12113,#12114,#12116));
#12118=FACE_OUTER_BOUND('',#12117,.F.);
#12120=CARTESIAN_POINT('',(-2.E0,0.E0,-2.E0));
#12121=DIRECTION('',(-1.E0,0.E0,0.E0));
#12122=DIRECTION('',(0.E0,0.E0,1.E0));
#12123=AXIS2_PLACEMENT_3D('',#12120,#12121,#12122);
#12124=PLANE('',#12123);
#12125=ORIENTED_EDGE('',*,*,#12107,.T.);
#12127=ORIENTED_EDGE('',*,*,#12126,.F.);
#12128=ORIENTED_EDGE('',*,*,#11988,.F.);
#12130=ORIENTED_EDGE('',*,*,#12129,.T.);
#12132=ORIENTED_EDGE('',*,*,#12131,.T.);
#12134=ORIENTED_EDGE('',*,*,#12133,.F.);
#12135=ORIENTED_EDGE('',*,*,#11788,.F.);
#12137=ORIENTED_EDGE('',*,*,#12136,.T.);
#12139=ORIENTED_EDGE('',*,*,#12138,.T.);
#12141=ORIENTED_EDGE('',*,*,#12140,.F.);
#12142=ORIENTED_EDGE('',*,*,#11772,.F.);
#12144=ORIENTED_EDGE('',*,*,#12143,.T.);
#12146=ORIENTED_EDGE('',*,*,#12145,.T.);
#12148=ORIENTED_EDGE('',*,*,#12147,.F.);
#12149=ORIENTED_EDGE('',*,*,#11756,.F.);
#12151=ORIENTED_EDGE('',*,*,#12150,.T.);
#12153=ORIENTED_EDGE('',*,*,#12152,.T.);
#12155=ORIENTED_EDGE('',*,*,#12154,.F.);
#12156=ORIENTED_EDGE('',*,*,#11740,.F.);
#12157=ORIENTED_EDGE('',*,*,#12027,.T.);
#12158=EDGE_LOOP('',(#12125,#12127,#12128,#12130,#12132,#12134,#12135,#12137,
#12139,#12141,#12142,#12144,#12146,#12148,#12149,#12151,#12153,#12155,#12156,
#12157));
#12159=FACE_OUTER_BOUND('',#12158,.F.);
#12161=ORIENTED_EDGE('',*,*,#12160,.T.);
#12163=ORIENTED_EDGE('',*,*,#12162,.T.);
#12165=ORIENTED_EDGE('',*,*,#12164,.F.);
#12167=ORIENTED_EDGE('',*,*,#12166,.F.);
#12168=EDGE_LOOP('',(#12161,#12163,#12165,#12167));
#12169=FACE_BOUND('',#12168,.F.);
#12171=ORIENTED_EDGE('',*,*,#12170,.T.);
#12173=ORIENTED_EDGE('',*,*,#12172,.T.);
#12175=ORIENTED_EDGE('',*,*,#12174,.F.);
#12177=ORIENTED_EDGE('',*,*,#12176,.F.);
#12178=EDGE_LOOP('',(#12171,#12173,#12175,#12177));
#12179=FACE_BOUND('',#12178,.F.);
#12181=CARTESIAN_POINT('',(-1.6015E0,-2.5E-2,-1.1275E0));
#12182=DIRECTION('',(0.E0,0.E0,-1.E0));
#12183=DIRECTION('',(-1.E0,0.E0,0.E0));
#12184=AXIS2_PLACEMENT_3D('',#12181,#12182,#12183);
#12185=PLANE('',#12184);
#12186=ORIENTED_EDGE('',*,*,#11990,.F.);
#12187=ORIENTED_EDGE('',*,*,#12126,.T.);
#12188=ORIENTED_EDGE('',*,*,#12115,.T.);
#12189=ORIENTED_EDGE('',*,*,#12052,.F.);
#12190=EDGE_LOOP('',(#12186,#12187,#12188,#12189));
#12191=FACE_OUTER_BOUND('',#12190,.F.);
#12193=CARTESIAN_POINT('',(2.E0,0.E0,-2.E0));
#12194=DIRECTION('',(0.E0,0.E0,-1.E0));
#12195=DIRECTION('',(-1.E0,0.E0,0.E0));
#12196=AXIS2_PLACEMENT_3D('',#12193,#12194,#12195);
#12197=PLANE('',#12196);
#12199=ORIENTED_EDGE('',*,*,#12198,.T.);
#12201=ORIENTED_EDGE('',*,*,#12200,.T.);
#12203=ORIENTED_EDGE('',*,*,#12202,.F.);
#12204=ORIENTED_EDGE('',*,*,#11970,.F.);
#12206=ORIENTED_EDGE('',*,*,#12205,.T.);
#12208=ORIENTED_EDGE('',*,*,#12207,.T.);
#12210=ORIENTED_EDGE('',*,*,#12209,.F.);
#12211=ORIENTED_EDGE('',*,*,#11954,.F.);
#12213=ORIENTED_EDGE('',*,*,#12212,.T.);
#12215=ORIENTED_EDGE('',*,*,#12214,.T.);
#12217=ORIENTED_EDGE('',*,*,#12216,.F.);
#12218=ORIENTED_EDGE('',*,*,#11938,.F.);
#12220=ORIENTED_EDGE('',*,*,#12219,.T.);
#12222=ORIENTED_EDGE('',*,*,#12221,.T.);
#12224=ORIENTED_EDGE('',*,*,#12223,.F.);
#12225=ORIENTED_EDGE('',*,*,#11922,.F.);
#12227=ORIENTED_EDGE('',*,*,#12226,.T.);
#12229=ORIENTED_EDGE('',*,*,#12228,.T.);
#12230=ORIENTED_EDGE('',*,*,#12129,.F.);
#12231=ORIENTED_EDGE('',*,*,#11986,.F.);
#12232=EDGE_LOOP('',(#12199,#12201,#12203,#12204,#12206,#12208,#12210,#12211,
#12213,#12215,#12217,#12218,#12220,#12222,#12224,#12225,#12227,#12229,#12230,
#12231));
#12233=FACE_OUTER_BOUND('',#12232,.F.);
#12235=ORIENTED_EDGE('',*,*,#12234,.T.);
#12237=ORIENTED_EDGE('',*,*,#12236,.T.);
#12239=ORIENTED_EDGE('',*,*,#12238,.F.);
#12241=ORIENTED_EDGE('',*,*,#12240,.F.);
#12242=EDGE_LOOP('',(#12235,#12237,#12239,#12241));
#12243=FACE_BOUND('',#12242,.F.);
#12245=ORIENTED_EDGE('',*,*,#12244,.T.);
#12247=ORIENTED_EDGE('',*,*,#12246,.T.);
#12249=ORIENTED_EDGE('',*,*,#12248,.F.);
#12251=ORIENTED_EDGE('',*,*,#12250,.F.);
#12252=EDGE_LOOP('',(#12245,#12247,#12249,#12251));
#12253=FACE_BOUND('',#12252,.F.);
#12255=CARTESIAN_POINT('',(-1.1275E0,-2.5E-2,-2.1E0));
#12256=DIRECTION('',(-1.E0,0.E0,0.E0));
#12257=DIRECTION('',(0.E0,0.E0,1.E0));
#12258=AXIS2_PLACEMENT_3D('',#12255,#12256,#12257);
#12259=PLANE('',#12258);
#12260=ORIENTED_EDGE('',*,*,#11984,.T.);
#12262=ORIENTED_EDGE('',*,*,#12261,.T.);
#12264=ORIENTED_EDGE('',*,*,#12263,.T.);
#12265=ORIENTED_EDGE('',*,*,#12198,.F.);
#12266=EDGE_LOOP('',(#12260,#12262,#12264,#12265));
#12267=FACE_OUTER_BOUND('',#12266,.F.);
#12269=CARTESIAN_POINT('',(-9.75E-1,-2.5E-2,-1.7075625E0));
#12270=DIRECTION('',(0.E0,1.E0,0.E0));
#12271=DIRECTION('',(0.E0,0.E0,1.E0));
#12272=AXIS2_PLACEMENT_3D('',#12269,#12270,#12271);
#12273=CYLINDRICAL_SURFACE('',#12272,2.575625E-1);
#12274=ORIENTED_EDGE('',*,*,#11982,.T.);
#12276=ORIENTED_EDGE('',*,*,#12275,.T.);
#12278=ORIENTED_EDGE('',*,*,#12277,.F.);
#12279=ORIENTED_EDGE('',*,*,#12261,.F.);
#12280=EDGE_LOOP('',(#12274,#12276,#12278,#12279));
#12281=FACE_OUTER_BOUND('',#12280,.F.);
#12283=CARTESIAN_POINT('',(-9.75E-1,-2.5E-2,-1.7075625E0));
#12284=DIRECTION('',(0.E0,1.E0,0.E0));
#12285=DIRECTION('',(0.E0,0.E0,1.E0));
#12286=AXIS2_PLACEMENT_3D('',#12283,#12284,#12285);
#12287=CYLINDRICAL_SURFACE('',#12286,2.575625E-1);
#12288=ORIENTED_EDGE('',*,*,#11974,.T.);
#12290=ORIENTED_EDGE('',*,*,#12289,.T.);
#12292=ORIENTED_EDGE('',*,*,#12291,.F.);
#12294=ORIENTED_EDGE('',*,*,#12293,.F.);
#12295=EDGE_LOOP('',(#12288,#12290,#12292,#12294));
#12296=FACE_OUTER_BOUND('',#12295,.F.);
#12298=CARTESIAN_POINT('',(-9.76E-1,-2.5E-2,-1.6015E0));
#12299=DIRECTION('',(0.E0,1.E0,0.E0));
#12300=DIRECTION('',(1.E0,0.E0,0.E0));
#12301=AXIS2_PLACEMENT_3D('',#12298,#12299,#12300);
#12302=CYLINDRICAL_SURFACE('',#12301,1.515E-1);
#12303=ORIENTED_EDGE('',*,*,#11980,.T.);
#12305=ORIENTED_EDGE('',*,*,#12304,.T.);
#12307=ORIENTED_EDGE('',*,*,#12306,.F.);
#12308=ORIENTED_EDGE('',*,*,#12275,.F.);
#12309=EDGE_LOOP('',(#12303,#12305,#12307,#12308));
#12310=FACE_OUTER_BOUND('',#12309,.F.);
#12312=CARTESIAN_POINT('',(-9.76E-1,-2.5E-2,-1.45E0));
#12313=DIRECTION('',(0.E0,0.E0,1.E0));
#12314=DIRECTION('',(1.E0,0.E0,0.E0));
#12315=AXIS2_PLACEMENT_3D('',#12312,#12313,#12314);
#12316=PLANE('',#12315);
#12317=ORIENTED_EDGE('',*,*,#11978,.T.);
#12319=ORIENTED_EDGE('',*,*,#12318,.T.);
#12321=ORIENTED_EDGE('',*,*,#12320,.F.);
#12322=ORIENTED_EDGE('',*,*,#12304,.F.);
#12323=EDGE_LOOP('',(#12317,#12319,#12321,#12322));
#12324=FACE_OUTER_BOUND('',#12323,.F.);
#12326=CARTESIAN_POINT('',(-9.74E-1,-2.5E-2,-1.6015E0));
#12327=DIRECTION('',(0.E0,1.E0,0.E0));
#12328=DIRECTION('',(1.E0,0.E0,0.E0));
#12329=AXIS2_PLACEMENT_3D('',#12326,#12327,#12328);
#12330=CYLINDRICAL_SURFACE('',#12329,1.515E-1);
#12331=ORIENTED_EDGE('',*,*,#11976,.T.);
#12332=ORIENTED_EDGE('',*,*,#12293,.T.);
#12334=ORIENTED_EDGE('',*,*,#12333,.F.);
#12335=ORIENTED_EDGE('',*,*,#12318,.F.);
#12336=EDGE_LOOP('',(#12331,#12332,#12334,#12335));
#12337=FACE_OUTER_BOUND('',#12336,.F.);
#12339=CARTESIAN_POINT('',(0.E0,7.5E-2,0.E0));
#12340=DIRECTION('',(0.E0,1.E0,0.E0));
#12341=DIRECTION('',(1.E0,0.E0,0.E0));
#12342=AXIS2_PLACEMENT_3D('',#12339,#12340,#12341);
#12343=PLANE('',#12342);
#12344=ORIENTED_EDGE('',*,*,#12200,.F.);
#12345=ORIENTED_EDGE('',*,*,#12263,.F.);
#12346=ORIENTED_EDGE('',*,*,#12277,.T.);
#12347=ORIENTED_EDGE('',*,*,#12306,.T.);
#12348=ORIENTED_EDGE('',*,*,#12320,.T.);
#12349=ORIENTED_EDGE('',*,*,#12333,.T.);
#12350=ORIENTED_EDGE('',*,*,#12291,.T.);
#12352=ORIENTED_EDGE('',*,*,#12351,.F.);
#12353=EDGE_LOOP('',(#12344,#12345,#12346,#12347,#12348,#12349,#12350,#12352));
#12354=FACE_OUTER_BOUND('',#12353,.F.);
#12356=CARTESIAN_POINT('',(-8.225E-1,-2.5E-2,-1.6015E0));
#12357=DIRECTION('',(1.E0,0.E0,0.E0));
#12358=DIRECTION('',(0.E0,0.E0,-1.E0));
#12359=AXIS2_PLACEMENT_3D('',#12356,#12357,#12358);
#12360=PLANE('',#12359);
#12361=ORIENTED_EDGE('',*,*,#11972,.F.);
#12362=ORIENTED_EDGE('',*,*,#12202,.T.);
#12363=ORIENTED_EDGE('',*,*,#12351,.T.);
#12364=ORIENTED_EDGE('',*,*,#12289,.F.);
#12365=EDGE_LOOP('',(#12361,#12362,#12363,#12364));
#12366=FACE_OUTER_BOUND('',#12365,.F.);
#12368=CARTESIAN_POINT('',(-4.775E-1,-2.5E-2,-2.1E0));
#12369=DIRECTION('',(-1.E0,0.E0,0.E0));
#12370=DIRECTION('',(0.E0,0.E0,1.E0));
#12371=AXIS2_PLACEMENT_3D('',#12368,#12369,#12370);
#12372=PLANE('',#12371);
#12373=ORIENTED_EDGE('',*,*,#11968,.T.);
#12375=ORIENTED_EDGE('',*,*,#12374,.T.);
#12377=ORIENTED_EDGE('',*,*,#12376,.T.);
#12378=ORIENTED_EDGE('',*,*,#12205,.F.);
#12379=EDGE_LOOP('',(#12373,#12375,#12377,#12378));
#12380=FACE_OUTER_BOUND('',#12379,.F.);
#12382=CARTESIAN_POINT('',(-3.25E-1,-2.5E-2,-1.7075625E0));
#12383=DIRECTION('',(0.E0,1.E0,0.E0));
#12384=DIRECTION('',(0.E0,0.E0,1.E0));
#12385=AXIS2_PLACEMENT_3D('',#12382,#12383,#12384);
#12386=CYLINDRICAL_SURFACE('',#12385,2.575625E-1);
#12387=ORIENTED_EDGE('',*,*,#11966,.T.);
#12389=ORIENTED_EDGE('',*,*,#12388,.T.);
#12391=ORIENTED_EDGE('',*,*,#12390,.F.);
#12392=ORIENTED_EDGE('',*,*,#12374,.F.);
#12393=EDGE_LOOP('',(#12387,#12389,#12391,#12392));
#12394=FACE_OUTER_BOUND('',#12393,.F.);
#12396=CARTESIAN_POINT('',(-3.25E-1,-2.5E-2,-1.7075625E0));
#12397=DIRECTION('',(0.E0,1.E0,0.E0));
#12398=DIRECTION('',(0.E0,0.E0,1.E0));
#12399=AXIS2_PLACEMENT_3D('',#12396,#12397,#12398);
#12400=CYLINDRICAL_SURFACE('',#12399,2.575625E-1);
#12401=ORIENTED_EDGE('',*,*,#11958,.T.);
#12403=ORIENTED_EDGE('',*,*,#12402,.T.);
#12405=ORIENTED_EDGE('',*,*,#12404,.F.);
#12407=ORIENTED_EDGE('',*,*,#12406,.F.);
#12408=EDGE_LOOP('',(#12401,#12403,#12405,#12407));
#12409=FACE_OUTER_BOUND('',#12408,.F.);
#12411=CARTESIAN_POINT('',(-3.26E-1,-2.5E-2,-1.6015E0));
#12412=DIRECTION('',(0.E0,1.E0,0.E0));
#12413=DIRECTION('',(1.E0,0.E0,0.E0));
#12414=AXIS2_PLACEMENT_3D('',#12411,#12412,#12413);
#12415=CYLINDRICAL_SURFACE('',#12414,1.515E-1);
#12416=ORIENTED_EDGE('',*,*,#11964,.T.);
#12418=ORIENTED_EDGE('',*,*,#12417,.T.);
#12420=ORIENTED_EDGE('',*,*,#12419,.F.);
#12421=ORIENTED_EDGE('',*,*,#12388,.F.);
#12422=EDGE_LOOP('',(#12416,#12418,#12420,#12421));
#12423=FACE_OUTER_BOUND('',#12422,.F.);
#12425=CARTESIAN_POINT('',(-3.26E-1,-2.5E-2,-1.45E0));
#12426=DIRECTION('',(0.E0,0.E0,1.E0));
#12427=DIRECTION('',(1.E0,0.E0,0.E0));
#12428=AXIS2_PLACEMENT_3D('',#12425,#12426,#12427);
#12429=PLANE('',#12428);
#12430=ORIENTED_EDGE('',*,*,#11962,.T.);
#12432=ORIENTED_EDGE('',*,*,#12431,.T.);
#12434=ORIENTED_EDGE('',*,*,#12433,.F.);
#12435=ORIENTED_EDGE('',*,*,#12417,.F.);
#12436=EDGE_LOOP('',(#12430,#12432,#12434,#12435));
#12437=FACE_OUTER_BOUND('',#12436,.F.);
#12439=CARTESIAN_POINT('',(-3.24E-1,-2.5E-2,-1.6015E0));
#12440=DIRECTION('',(0.E0,1.E0,0.E0));
#12441=DIRECTION('',(1.E0,0.E0,0.E0));
#12442=AXIS2_PLACEMENT_3D('',#12439,#12440,#12441);
#12443=CYLINDRICAL_SURFACE('',#12442,1.515E-1);
#12444=ORIENTED_EDGE('',*,*,#11960,.T.);
#12445=ORIENTED_EDGE('',*,*,#12406,.T.);
#12447=ORIENTED_EDGE('',*,*,#12446,.F.);
#12448=ORIENTED_EDGE('',*,*,#12431,.F.);
#12449=EDGE_LOOP('',(#12444,#12445,#12447,#12448));
#12450=FACE_OUTER_BOUND('',#12449,.F.);
#12452=CARTESIAN_POINT('',(0.E0,7.5E-2,0.E0));
#12453=DIRECTION('',(0.E0,1.E0,0.E0));
#12454=DIRECTION('',(1.E0,0.E0,0.E0));
#12455=AXIS2_PLACEMENT_3D('',#12452,#12453,#12454);
#12456=PLANE('',#12455);
#12457=ORIENTED_EDGE('',*,*,#12207,.F.);
#12458=ORIENTED_EDGE('',*,*,#12376,.F.);
#12459=ORIENTED_EDGE('',*,*,#12390,.T.);
#12460=ORIENTED_EDGE('',*,*,#12419,.T.);
#12461=ORIENTED_EDGE('',*,*,#12433,.T.);
#12462=ORIENTED_EDGE('',*,*,#12446,.T.);
#12463=ORIENTED_EDGE('',*,*,#12404,.T.);
#12465=ORIENTED_EDGE('',*,*,#12464,.F.);
#12466=EDGE_LOOP('',(#12457,#12458,#12459,#12460,#12461,#12462,#12463,#12465));
#12467=FACE_OUTER_BOUND('',#12466,.F.);
#12469=CARTESIAN_POINT('',(-1.725E-1,-2.5E-2,-1.6015E0));
#12470=DIRECTION('',(1.E0,0.E0,0.E0));
#12471=DIRECTION('',(0.E0,0.E0,-1.E0));
#12472=AXIS2_PLACEMENT_3D('',#12469,#12470,#12471);
#12473=PLANE('',#12472);
#12474=ORIENTED_EDGE('',*,*,#11956,.F.);
#12475=ORIENTED_EDGE('',*,*,#12209,.T.);
#12476=ORIENTED_EDGE('',*,*,#12464,.T.);
#12477=ORIENTED_EDGE('',*,*,#12402,.F.);
#12478=EDGE_LOOP('',(#12474,#12475,#12476,#12477));
#12479=FACE_OUTER_BOUND('',#12478,.F.);
#12481=CARTESIAN_POINT('',(1.725E-1,-2.5E-2,-2.1E0));
#12482=DIRECTION('',(-1.E0,0.E0,0.E0));
#12483=DIRECTION('',(0.E0,0.E0,1.E0));
#12484=AXIS2_PLACEMENT_3D('',#12481,#12482,#12483);
#12485=PLANE('',#12484);
#12486=ORIENTED_EDGE('',*,*,#11952,.T.);
#12488=ORIENTED_EDGE('',*,*,#12487,.T.);
#12490=ORIENTED_EDGE('',*,*,#12489,.T.);
#12491=ORIENTED_EDGE('',*,*,#12212,.F.);
#12492=EDGE_LOOP('',(#12486,#12488,#12490,#12491));
#12493=FACE_OUTER_BOUND('',#12492,.F.);
#12495=CARTESIAN_POINT('',(3.25E-1,-2.5E-2,-1.7075625E0));
#12496=DIRECTION('',(0.E0,1.E0,0.E0));
#12497=DIRECTION('',(0.E0,0.E0,1.E0));
#12498=AXIS2_PLACEMENT_3D('',#12495,#12496,#12497);
#12499=CYLINDRICAL_SURFACE('',#12498,2.575625E-1);
#12500=ORIENTED_EDGE('',*,*,#11950,.T.);
#12502=ORIENTED_EDGE('',*,*,#12501,.T.);
#12504=ORIENTED_EDGE('',*,*,#12503,.F.);
#12505=ORIENTED_EDGE('',*,*,#12487,.F.);
#12506=EDGE_LOOP('',(#12500,#12502,#12504,#12505));
#12507=FACE_OUTER_BOUND('',#12506,.F.);
#12509=CARTESIAN_POINT('',(3.25E-1,-2.5E-2,-1.7075625E0));
#12510=DIRECTION('',(0.E0,1.E0,0.E0));
#12511=DIRECTION('',(0.E0,0.E0,1.E0));
#12512=AXIS2_PLACEMENT_3D('',#12509,#12510,#12511);
#12513=CYLINDRICAL_SURFACE('',#12512,2.575625E-1);
#12514=ORIENTED_EDGE('',*,*,#11942,.T.);
#12516=ORIENTED_EDGE('',*,*,#12515,.T.);
#12518=ORIENTED_EDGE('',*,*,#12517,.F.);
#12520=ORIENTED_EDGE('',*,*,#12519,.F.);
#12521=EDGE_LOOP('',(#12514,#12516,#12518,#12520));
#12522=FACE_OUTER_BOUND('',#12521,.F.);
#12524=CARTESIAN_POINT('',(3.24E-1,-2.5E-2,-1.6015E0));
#12525=DIRECTION('',(0.E0,1.E0,0.E0));
#12526=DIRECTION('',(1.E0,0.E0,0.E0));
#12527=AXIS2_PLACEMENT_3D('',#12524,#12525,#12526);
#12528=CYLINDRICAL_SURFACE('',#12527,1.515E-1);
#12529=ORIENTED_EDGE('',*,*,#11948,.T.);
#12531=ORIENTED_EDGE('',*,*,#12530,.T.);
#12533=ORIENTED_EDGE('',*,*,#12532,.F.);
#12534=ORIENTED_EDGE('',*,*,#12501,.F.);
#12535=EDGE_LOOP('',(#12529,#12531,#12533,#12534));
#12536=FACE_OUTER_BOUND('',#12535,.F.);
#12538=CARTESIAN_POINT('',(3.24E-1,-2.5E-2,-1.45E0));
#12539=DIRECTION('',(0.E0,0.E0,1.E0));
#12540=DIRECTION('',(1.E0,0.E0,0.E0));
#12541=AXIS2_PLACEMENT_3D('',#12538,#12539,#12540);
#12542=PLANE('',#12541);
#12543=ORIENTED_EDGE('',*,*,#11946,.T.);
#12545=ORIENTED_EDGE('',*,*,#12544,.T.);
#12547=ORIENTED_EDGE('',*,*,#12546,.F.);
#12548=ORIENTED_EDGE('',*,*,#12530,.F.);
#12549=EDGE_LOOP('',(#12543,#12545,#12547,#12548));
#12550=FACE_OUTER_BOUND('',#12549,.F.);
#12552=CARTESIAN_POINT('',(3.26E-1,-2.5E-2,-1.6015E0));
#12553=DIRECTION('',(0.E0,1.E0,0.E0));
#12554=DIRECTION('',(1.E0,0.E0,0.E0));
#12555=AXIS2_PLACEMENT_3D('',#12552,#12553,#12554);
#12556=CYLINDRICAL_SURFACE('',#12555,1.515E-1);
#12557=ORIENTED_EDGE('',*,*,#11944,.T.);
#12558=ORIENTED_EDGE('',*,*,#12519,.T.);
#12560=ORIENTED_EDGE('',*,*,#12559,.F.);
#12561=ORIENTED_EDGE('',*,*,#12544,.F.);
#12562=EDGE_LOOP('',(#12557,#12558,#12560,#12561));
#12563=FACE_OUTER_BOUND('',#12562,.F.);
#12565=CARTESIAN_POINT('',(0.E0,7.5E-2,0.E0));
#12566=DIRECTION('',(0.E0,1.E0,0.E0));
#12567=DIRECTION('',(1.E0,0.E0,0.E0));
#12568=AXIS2_PLACEMENT_3D('',#12565,#12566,#12567);
#12569=PLANE('',#12568);
#12570=ORIENTED_EDGE('',*,*,#12214,.F.);
#12571=ORIENTED_EDGE('',*,*,#12489,.F.);
#12572=ORIENTED_EDGE('',*,*,#12503,.T.);
#12573=ORIENTED_EDGE('',*,*,#12532,.T.);
#12574=ORIENTED_EDGE('',*,*,#12546,.T.);
#12575=ORIENTED_EDGE('',*,*,#12559,.T.);
#12576=ORIENTED_EDGE('',*,*,#12517,.T.);
#12578=ORIENTED_EDGE('',*,*,#12577,.F.);
#12579=EDGE_LOOP('',(#12570,#12571,#12572,#12573,#12574,#12575,#12576,#12578));
#12580=FACE_OUTER_BOUND('',#12579,.F.);
#12582=CARTESIAN_POINT('',(4.775E-1,-2.5E-2,-1.6015E0));
#12583=DIRECTION('',(1.E0,0.E0,0.E0));
#12584=DIRECTION('',(0.E0,0.E0,-1.E0));
#12585=AXIS2_PLACEMENT_3D('',#12582,#12583,#12584);
#12586=PLANE('',#12585);
#12587=ORIENTED_EDGE('',*,*,#11940,.F.);
#12588=ORIENTED_EDGE('',*,*,#12216,.T.);
#12589=ORIENTED_EDGE('',*,*,#12577,.T.);
#12590=ORIENTED_EDGE('',*,*,#12515,.F.);
#12591=EDGE_LOOP('',(#12587,#12588,#12589,#12590));
#12592=FACE_OUTER_BOUND('',#12591,.F.);
#12594=CARTESIAN_POINT('',(8.225E-1,-2.5E-2,-2.1E0));
#12595=DIRECTION('',(-1.E0,0.E0,0.E0));
#12596=DIRECTION('',(0.E0,0.E0,1.E0));
#12597=AXIS2_PLACEMENT_3D('',#12594,#12595,#12596);
#12598=PLANE('',#12597);
#12599=ORIENTED_EDGE('',*,*,#11936,.T.);
#12601=ORIENTED_EDGE('',*,*,#12600,.T.);
#12603=ORIENTED_EDGE('',*,*,#12602,.T.);
#12604=ORIENTED_EDGE('',*,*,#12219,.F.);
#12605=EDGE_LOOP('',(#12599,#12601,#12603,#12604));
#12606=FACE_OUTER_BOUND('',#12605,.F.);
#12608=CARTESIAN_POINT('',(9.75E-1,-2.5E-2,-1.7075625E0));
#12609=DIRECTION('',(0.E0,1.E0,0.E0));
#12610=DIRECTION('',(0.E0,0.E0,1.E0));
#12611=AXIS2_PLACEMENT_3D('',#12608,#12609,#12610);
#12612=CYLINDRICAL_SURFACE('',#12611,2.575625E-1);
#12613=ORIENTED_EDGE('',*,*,#11934,.T.);
#12615=ORIENTED_EDGE('',*,*,#12614,.T.);
#12617=ORIENTED_EDGE('',*,*,#12616,.F.);
#12618=ORIENTED_EDGE('',*,*,#12600,.F.);
#12619=EDGE_LOOP('',(#12613,#12615,#12617,#12618));
#12620=FACE_OUTER_BOUND('',#12619,.F.);
#12622=CARTESIAN_POINT('',(9.75E-1,-2.5E-2,-1.7075625E0));
#12623=DIRECTION('',(0.E0,1.E0,0.E0));
#12624=DIRECTION('',(0.E0,0.E0,1.E0));
#12625=AXIS2_PLACEMENT_3D('',#12622,#12623,#12624);
#12626=CYLINDRICAL_SURFACE('',#12625,2.575625E-1);
#12627=ORIENTED_EDGE('',*,*,#11926,.T.);
#12629=ORIENTED_EDGE('',*,*,#12628,.T.);
#12631=ORIENTED_EDGE('',*,*,#12630,.F.);
#12633=ORIENTED_EDGE('',*,*,#12632,.F.);
#12634=EDGE_LOOP('',(#12627,#12629,#12631,#12633));
#12635=FACE_OUTER_BOUND('',#12634,.F.);
#12637=CARTESIAN_POINT('',(9.74E-1,-2.5E-2,-1.6015E0));
#12638=DIRECTION('',(0.E0,1.E0,0.E0));
#12639=DIRECTION('',(1.E0,0.E0,0.E0));
#12640=AXIS2_PLACEMENT_3D('',#12637,#12638,#12639);
#12641=CYLINDRICAL_SURFACE('',#12640,1.515E-1);
#12642=ORIENTED_EDGE('',*,*,#11932,.T.);
#12644=ORIENTED_EDGE('',*,*,#12643,.T.);
#12646=ORIENTED_EDGE('',*,*,#12645,.F.);
#12647=ORIENTED_EDGE('',*,*,#12614,.F.);
#12648=EDGE_LOOP('',(#12642,#12644,#12646,#12647));
#12649=FACE_OUTER_BOUND('',#12648,.F.);
#12651=CARTESIAN_POINT('',(9.74E-1,-2.5E-2,-1.45E0));
#12652=DIRECTION('',(0.E0,0.E0,1.E0));
#12653=DIRECTION('',(1.E0,0.E0,0.E0));
#12654=AXIS2_PLACEMENT_3D('',#12651,#12652,#12653);
#12655=PLANE('',#12654);
#12656=ORIENTED_EDGE('',*,*,#11930,.T.);
#12658=ORIENTED_EDGE('',*,*,#12657,.T.);
#12660=ORIENTED_EDGE('',*,*,#12659,.F.);
#12661=ORIENTED_EDGE('',*,*,#12643,.F.);
#12662=EDGE_LOOP('',(#12656,#12658,#12660,#12661));
#12663=FACE_OUTER_BOUND('',#12662,.F.);
#12665=CARTESIAN_POINT('',(9.76E-1,-2.5E-2,-1.6015E0));
#12666=DIRECTION('',(0.E0,1.E0,0.E0));
#12667=DIRECTION('',(1.E0,0.E0,0.E0));
#12668=AXIS2_PLACEMENT_3D('',#12665,#12666,#12667);
#12669=CYLINDRICAL_SURFACE('',#12668,1.515E-1);
#12670=ORIENTED_EDGE('',*,*,#11928,.T.);
#12671=ORIENTED_EDGE('',*,*,#12632,.T.);
#12673=ORIENTED_EDGE('',*,*,#12672,.F.);
#12674=ORIENTED_EDGE('',*,*,#12657,.F.);
#12675=EDGE_LOOP('',(#12670,#12671,#12673,#12674));
#12676=FACE_OUTER_BOUND('',#12675,.F.);
#12678=CARTESIAN_POINT('',(0.E0,7.5E-2,0.E0));
#12679=DIRECTION('',(0.E0,1.E0,0.E0));
#12680=DIRECTION('',(1.E0,0.E0,0.E0));
#12681=AXIS2_PLACEMENT_3D('',#12678,#12679,#12680);
#12682=PLANE('',#12681);
#12683=ORIENTED_EDGE('',*,*,#12221,.F.);
#12684=ORIENTED_EDGE('',*,*,#12602,.F.);
#12685=ORIENTED_EDGE('',*,*,#12616,.T.);
#12686=ORIENTED_EDGE('',*,*,#12645,.T.);
#12687=ORIENTED_EDGE('',*,*,#12659,.T.);
#12688=ORIENTED_EDGE('',*,*,#12672,.T.);
#12689=ORIENTED_EDGE('',*,*,#12630,.T.);
#12691=ORIENTED_EDGE('',*,*,#12690,.F.);
#12692=EDGE_LOOP('',(#12683,#12684,#12685,#12686,#12687,#12688,#12689,#12691));
#12693=FACE_OUTER_BOUND('',#12692,.F.);
#12695=CARTESIAN_POINT('',(1.1275E0,-2.5E-2,-1.6015E0));
#12696=DIRECTION('',(1.E0,0.E0,0.E0));
#12697=DIRECTION('',(0.E0,0.E0,-1.E0));
#12698=AXIS2_PLACEMENT_3D('',#12695,#12696,#12697);
#12699=PLANE('',#12698);
#12700=ORIENTED_EDGE('',*,*,#11924,.F.);
#12701=ORIENTED_EDGE('',*,*,#12223,.T.);
#12702=ORIENTED_EDGE('',*,*,#12690,.T.);
#12703=ORIENTED_EDGE('',*,*,#12628,.F.);
#12704=EDGE_LOOP('',(#12700,#12701,#12702,#12703));
#12705=FACE_OUTER_BOUND('',#12704,.F.);
#12707=CARTESIAN_POINT('',(2.E0,0.E0,2.E0));
#12708=DIRECTION('',(1.E0,0.E0,0.E0));
#12709=DIRECTION('',(0.E0,0.E0,-1.E0));
#12710=AXIS2_PLACEMENT_3D('',#12707,#12708,#12709);
#12711=PLANE('',#12710);
#12713=ORIENTED_EDGE('',*,*,#12712,.F.);
#12715=ORIENTED_EDGE('',*,*,#12714,.F.);
#12716=ORIENTED_EDGE('',*,*,#11904,.F.);
#12718=ORIENTED_EDGE('',*,*,#12717,.T.);
#12720=ORIENTED_EDGE('',*,*,#12719,.F.);
#12722=ORIENTED_EDGE('',*,*,#12721,.F.);
#12723=ORIENTED_EDGE('',*,*,#11888,.F.);
#12725=ORIENTED_EDGE('',*,*,#12724,.T.);
#12727=ORIENTED_EDGE('',*,*,#12726,.F.);
#12729=ORIENTED_EDGE('',*,*,#12728,.F.);
#12730=ORIENTED_EDGE('',*,*,#11872,.F.);
#12732=ORIENTED_EDGE('',*,*,#12731,.T.);
#12734=ORIENTED_EDGE('',*,*,#12733,.F.);
#12736=ORIENTED_EDGE('',*,*,#12735,.F.);
#12737=ORIENTED_EDGE('',*,*,#11856,.F.);
#12739=ORIENTED_EDGE('',*,*,#12738,.T.);
#12741=ORIENTED_EDGE('',*,*,#12740,.T.);
#12742=ORIENTED_EDGE('',*,*,#12226,.F.);
#12743=ORIENTED_EDGE('',*,*,#11920,.F.);
#12745=ORIENTED_EDGE('',*,*,#12744,.T.);
#12746=EDGE_LOOP('',(#12713,#12715,#12716,#12718,#12720,#12722,#12723,#12725,
#12727,#12729,#12730,#12732,#12734,#12736,#12737,#12739,#12741,#12742,#12743,
#12745));
#12747=FACE_OUTER_BOUND('',#12746,.F.);
#12749=ORIENTED_EDGE('',*,*,#12748,.T.);
#12751=ORIENTED_EDGE('',*,*,#12750,.T.);
#12753=ORIENTED_EDGE('',*,*,#12752,.F.);
#12755=ORIENTED_EDGE('',*,*,#12754,.F.);
#12756=EDGE_LOOP('',(#12749,#12751,#12753,#12755));
#12757=FACE_BOUND('',#12756,.F.);
#12759=ORIENTED_EDGE('',*,*,#12758,.T.);
#12761=ORIENTED_EDGE('',*,*,#12760,.T.);
#12763=ORIENTED_EDGE('',*,*,#12762,.F.);
#12765=ORIENTED_EDGE('',*,*,#12764,.F.);
#12766=EDGE_LOOP('',(#12759,#12761,#12763,#12765));
#12767=FACE_BOUND('',#12766,.F.);
#12769=CARTESIAN_POINT('',(0.E0,7.5E-2,0.E0));
#12770=DIRECTION('',(0.E0,-1.E0,0.E0));
#12771=DIRECTION('',(-1.E0,0.E0,0.E0));
#12772=AXIS2_PLACEMENT_3D('',#12769,#12770,#12771);
#12773=PLANE('',#12772);
#12774=ORIENTED_EDGE('',*,*,#12712,.T.);
#12776=ORIENTED_EDGE('',*,*,#12775,.F.);
#12778=ORIENTED_EDGE('',*,*,#12777,.T.);
#12780=ORIENTED_EDGE('',*,*,#12779,.F.);
#12782=ORIENTED_EDGE('',*,*,#12781,.F.);
#12784=ORIENTED_EDGE('',*,*,#12783,.F.);
#12786=ORIENTED_EDGE('',*,*,#12785,.T.);
#12788=ORIENTED_EDGE('',*,*,#12787,.F.);
#12789=EDGE_LOOP('',(#12774,#12776,#12778,#12780,#12782,#12784,#12786,#12788));
#12790=FACE_OUTER_BOUND('',#12789,.F.);
#12792=CARTESIAN_POINT('',(1.6015E0,-2.5E-2,-1.1275E0));
#12793=DIRECTION('',(0.E0,0.E0,1.E0));
#12794=DIRECTION('',(1.E0,0.E0,0.E0));
#12795=AXIS2_PLACEMENT_3D('',#12792,#12793,#12794);
#12796=PLANE('',#12795);
#12797=ORIENTED_EDGE('',*,*,#11918,.T.);
#12799=ORIENTED_EDGE('',*,*,#12798,.T.);
#12800=ORIENTED_EDGE('',*,*,#12775,.T.);
#12801=ORIENTED_EDGE('',*,*,#12744,.F.);
#12802=EDGE_LOOP('',(#12797,#12799,#12800,#12801));
#12803=FACE_OUTER_BOUND('',#12802,.F.);
#12805=CARTESIAN_POINT('',(1.7075625E0,-2.5E-2,-9.75E-1));
#12806=DIRECTION('',(0.E0,1.E0,0.E0));
#12807=DIRECTION('',(-1.E0,0.E0,0.E0));
#12808=AXIS2_PLACEMENT_3D('',#12805,#12806,#12807);
#12809=CYLINDRICAL_SURFACE('',#12808,2.575625E-1);
#12810=ORIENTED_EDGE('',*,*,#11916,.T.);
#12812=ORIENTED_EDGE('',*,*,#12811,.F.);
#12813=ORIENTED_EDGE('',*,*,#12777,.F.);
#12814=ORIENTED_EDGE('',*,*,#12798,.F.);
#12815=EDGE_LOOP('',(#12810,#12812,#12813,#12814));
#12816=FACE_OUTER_BOUND('',#12815,.F.);
#12818=CARTESIAN_POINT('',(1.7075625E0,-2.5E-2,-9.75E-1));
#12819=DIRECTION('',(0.E0,1.E0,0.E0));
#12820=DIRECTION('',(-1.E0,0.E0,0.E0));
#12821=AXIS2_PLACEMENT_3D('',#12818,#12819,#12820);
#12822=CYLINDRICAL_SURFACE('',#12821,2.575625E-1);
#12823=ORIENTED_EDGE('',*,*,#11908,.T.);
#12825=ORIENTED_EDGE('',*,*,#12824,.T.);
#12826=ORIENTED_EDGE('',*,*,#12785,.F.);
#12828=ORIENTED_EDGE('',*,*,#12827,.T.);
#12829=EDGE_LOOP('',(#12823,#12825,#12826,#12828));
#12830=FACE_OUTER_BOUND('',#12829,.F.);
#12832=CARTESIAN_POINT('',(1.6015E0,-2.5E-2,-9.76E-1));
#12833=DIRECTION('',(0.E0,-1.E0,0.E0));
#12834=DIRECTION('',(-1.E0,0.E0,0.E0));
#12835=AXIS2_PLACEMENT_3D('',#12832,#12833,#12834);
#12836=CYLINDRICAL_SURFACE('',#12835,1.515E-1);
#12837=ORIENTED_EDGE('',*,*,#11914,.F.);
#12839=ORIENTED_EDGE('',*,*,#12838,.T.);
#12840=ORIENTED_EDGE('',*,*,#12779,.T.);
#12841=ORIENTED_EDGE('',*,*,#12811,.T.);
#12842=EDGE_LOOP('',(#12837,#12839,#12840,#12841));
#12843=FACE_OUTER_BOUND('',#12842,.F.);
#12845=CARTESIAN_POINT('',(1.45E0,-2.5E-2,-9.74E-1));
#12846=DIRECTION('',(1.E0,0.E0,0.E0));
#12847=DIRECTION('',(0.E0,0.E0,-1.E0));
#12848=AXIS2_PLACEMENT_3D('',#12845,#12846,#12847);
#12849=PLANE('',#12848);
#12850=ORIENTED_EDGE('',*,*,#11912,.F.);
#12852=ORIENTED_EDGE('',*,*,#12851,.T.);
#12853=ORIENTED_EDGE('',*,*,#12781,.T.);
#12854=ORIENTED_EDGE('',*,*,#12838,.F.);
#12855=EDGE_LOOP('',(#12850,#12852,#12853,#12854));
#12856=FACE_OUTER_BOUND('',#12855,.F.);
#12858=CARTESIAN_POINT('',(1.6015E0,-2.5E-2,-9.74E-1));
#12859=DIRECTION('',(0.E0,-1.E0,0.E0));
#12860=DIRECTION('',(-1.E0,0.E0,0.E0));
#12861=AXIS2_PLACEMENT_3D('',#12858,#12859,#12860);
#12862=CYLINDRICAL_SURFACE('',#12861,1.515E-1);
#12863=ORIENTED_EDGE('',*,*,#11910,.F.);
#12864=ORIENTED_EDGE('',*,*,#12827,.F.);
#12865=ORIENTED_EDGE('',*,*,#12783,.T.);
#12866=ORIENTED_EDGE('',*,*,#12851,.F.);
#12867=EDGE_LOOP('',(#12863,#12864,#12865,#12866));
#12868=FACE_OUTER_BOUND('',#12867,.F.);
#12870=CARTESIAN_POINT('',(2.1E0,-2.5E-2,-8.225E-1));
#12871=DIRECTION('',(0.E0,0.E0,-1.E0));
#12872=DIRECTION('',(-1.E0,0.E0,0.E0));
#12873=AXIS2_PLACEMENT_3D('',#12870,#12871,#12872);
#12874=PLANE('',#12873);
#12875=ORIENTED_EDGE('',*,*,#11906,.F.);
#12876=ORIENTED_EDGE('',*,*,#12714,.T.);
#12877=ORIENTED_EDGE('',*,*,#12787,.T.);
#12878=ORIENTED_EDGE('',*,*,#12824,.F.);
#12879=EDGE_LOOP('',(#12875,#12876,#12877,#12878));
#12880=FACE_OUTER_BOUND('',#12879,.F.);
#12882=CARTESIAN_POINT('',(1.6015E0,-2.5E-2,-4.775E-1));
#12883=DIRECTION('',(0.E0,0.E0,1.E0));
#12884=DIRECTION('',(1.E0,0.E0,0.E0));
#12885=AXIS2_PLACEMENT_3D('',#12882,#12883,#12884);
#12886=PLANE('',#12885);
#12887=ORIENTED_EDGE('',*,*,#11902,.T.);
#12889=ORIENTED_EDGE('',*,*,#12888,.T.);
#12891=ORIENTED_EDGE('',*,*,#12890,.T.);
#12892=ORIENTED_EDGE('',*,*,#12717,.F.);
#12893=EDGE_LOOP('',(#12887,#12889,#12891,#12892));
#12894=FACE_OUTER_BOUND('',#12893,.F.);
#12896=CARTESIAN_POINT('',(1.7075625E0,-2.5E-2,-3.25E-1));
#12897=DIRECTION('',(0.E0,1.E0,0.E0));
#12898=DIRECTION('',(-1.E0,0.E0,0.E0));
#12899=AXIS2_PLACEMENT_3D('',#12896,#12897,#12898);
#12900=CYLINDRICAL_SURFACE('',#12899,2.575625E-1);
#12901=ORIENTED_EDGE('',*,*,#11900,.T.);
#12903=ORIENTED_EDGE('',*,*,#12902,.F.);
#12905=ORIENTED_EDGE('',*,*,#12904,.F.);
#12906=ORIENTED_EDGE('',*,*,#12888,.F.);
#12907=EDGE_LOOP('',(#12901,#12903,#12905,#12906));
#12908=FACE_OUTER_BOUND('',#12907,.F.);
#12910=CARTESIAN_POINT('',(1.7075625E0,-2.5E-2,-3.25E-1));
#12911=DIRECTION('',(0.E0,1.E0,0.E0));
#12912=DIRECTION('',(-1.E0,0.E0,0.E0));
#12913=AXIS2_PLACEMENT_3D('',#12910,#12911,#12912);
#12914=CYLINDRICAL_SURFACE('',#12913,2.575625E-1);
#12915=ORIENTED_EDGE('',*,*,#11892,.T.);
#12917=ORIENTED_EDGE('',*,*,#12916,.T.);
#12919=ORIENTED_EDGE('',*,*,#12918,.F.);
#12921=ORIENTED_EDGE('',*,*,#12920,.T.);
#12922=EDGE_LOOP('',(#12915,#12917,#12919,#12921));
#12923=FACE_OUTER_BOUND('',#12922,.F.);
#12925=CARTESIAN_POINT('',(1.6015E0,-2.5E-2,-3.26E-1));
#12926=DIRECTION('',(0.E0,-1.E0,0.E0));
#12927=DIRECTION('',(-1.E0,0.E0,0.E0));
#12928=AXIS2_PLACEMENT_3D('',#12925,#12926,#12927);
#12929=CYLINDRICAL_SURFACE('',#12928,1.515E-1);
#12930=ORIENTED_EDGE('',*,*,#11898,.F.);
#12932=ORIENTED_EDGE('',*,*,#12931,.T.);
#12934=ORIENTED_EDGE('',*,*,#12933,.T.);
#12935=ORIENTED_EDGE('',*,*,#12902,.T.);
#12936=EDGE_LOOP('',(#12930,#12932,#12934,#12935));
#12937=FACE_OUTER_BOUND('',#12936,.F.);
#12939=CARTESIAN_POINT('',(1.45E0,-2.5E-2,-3.24E-1));
#12940=DIRECTION('',(1.E0,0.E0,0.E0));
#12941=DIRECTION('',(0.E0,0.E0,-1.E0));
#12942=AXIS2_PLACEMENT_3D('',#12939,#12940,#12941);
#12943=PLANE('',#12942);
#12944=ORIENTED_EDGE('',*,*,#11896,.F.);
#12946=ORIENTED_EDGE('',*,*,#12945,.T.);
#12948=ORIENTED_EDGE('',*,*,#12947,.T.);
#12949=ORIENTED_EDGE('',*,*,#12931,.F.);
#12950=EDGE_LOOP('',(#12944,#12946,#12948,#12949));
#12951=FACE_OUTER_BOUND('',#12950,.F.);
#12953=CARTESIAN_POINT('',(1.6015E0,-2.5E-2,-3.24E-1));
#12954=DIRECTION('',(0.E0,-1.E0,0.E0));
#12955=DIRECTION('',(-1.E0,0.E0,0.E0));
#12956=AXIS2_PLACEMENT_3D('',#12953,#12954,#12955);
#12957=CYLINDRICAL_SURFACE('',#12956,1.515E-1);
#12958=ORIENTED_EDGE('',*,*,#11894,.F.);
#12959=ORIENTED_EDGE('',*,*,#12920,.F.);
#12961=ORIENTED_EDGE('',*,*,#12960,.T.);
#12962=ORIENTED_EDGE('',*,*,#12945,.F.);
#12963=EDGE_LOOP('',(#12958,#12959,#12961,#12962));
#12964=FACE_OUTER_BOUND('',#12963,.F.);
#12966=CARTESIAN_POINT('',(0.E0,7.5E-2,0.E0));
#12967=DIRECTION('',(0.E0,-1.E0,0.E0));
#12968=DIRECTION('',(-1.E0,0.E0,0.E0));
#12969=AXIS2_PLACEMENT_3D('',#12966,#12967,#12968);
#12970=PLANE('',#12969);
#12971=ORIENTED_EDGE('',*,*,#12719,.T.);
#12972=ORIENTED_EDGE('',*,*,#12890,.F.);
#12973=ORIENTED_EDGE('',*,*,#12904,.T.);
#12974=ORIENTED_EDGE('',*,*,#12933,.F.);
#12975=ORIENTED_EDGE('',*,*,#12947,.F.);
#12976=ORIENTED_EDGE('',*,*,#12960,.F.);
#12977=ORIENTED_EDGE('',*,*,#12918,.T.);
#12979=ORIENTED_EDGE('',*,*,#12978,.F.);
#12980=EDGE_LOOP('',(#12971,#12972,#12973,#12974,#12975,#12976,#12977,#12979));
#12981=FACE_OUTER_BOUND('',#12980,.F.);
#12983=CARTESIAN_POINT('',(2.1E0,-2.5E-2,-1.725E-1));
#12984=DIRECTION('',(0.E0,0.E0,-1.E0));
#12985=DIRECTION('',(-1.E0,0.E0,0.E0));
#12986=AXIS2_PLACEMENT_3D('',#12983,#12984,#12985);
#12987=PLANE('',#12986);
#12988=ORIENTED_EDGE('',*,*,#11890,.F.);
#12989=ORIENTED_EDGE('',*,*,#12721,.T.);
#12990=ORIENTED_EDGE('',*,*,#12978,.T.);
#12991=ORIENTED_EDGE('',*,*,#12916,.F.);
#12992=EDGE_LOOP('',(#12988,#12989,#12990,#12991));
#12993=FACE_OUTER_BOUND('',#12992,.F.);
#12995=CARTESIAN_POINT('',(1.6015E0,-2.5E-2,1.725E-1));
#12996=DIRECTION('',(0.E0,0.E0,1.E0));
#12997=DIRECTION('',(1.E0,0.E0,0.E0));
#12998=AXIS2_PLACEMENT_3D('',#12995,#12996,#12997);
#12999=PLANE('',#12998);
#13000=ORIENTED_EDGE('',*,*,#11886,.T.);
#13002=ORIENTED_EDGE('',*,*,#13001,.T.);
#13004=ORIENTED_EDGE('',*,*,#13003,.T.);
#13005=ORIENTED_EDGE('',*,*,#12724,.F.);
#13006=EDGE_LOOP('',(#13000,#13002,#13004,#13005));
#13007=FACE_OUTER_BOUND('',#13006,.F.);
#13009=CARTESIAN_POINT('',(1.7075625E0,-2.5E-2,3.25E-1));
#13010=DIRECTION('',(0.E0,1.E0,0.E0));
#13011=DIRECTION('',(-1.E0,0.E0,0.E0));
#13012=AXIS2_PLACEMENT_3D('',#13009,#13010,#13011);
#13013=CYLINDRICAL_SURFACE('',#13012,2.575625E-1);
#13014=ORIENTED_EDGE('',*,*,#11884,.T.);
#13016=ORIENTED_EDGE('',*,*,#13015,.F.);
#13018=ORIENTED_EDGE('',*,*,#13017,.F.);
#13019=ORIENTED_EDGE('',*,*,#13001,.F.);
#13020=EDGE_LOOP('',(#13014,#13016,#13018,#13019));
#13021=FACE_OUTER_BOUND('',#13020,.F.);
#13023=CARTESIAN_POINT('',(1.7075625E0,-2.5E-2,3.25E-1));
#13024=DIRECTION('',(0.E0,1.E0,0.E0));
#13025=DIRECTION('',(-1.E0,0.E0,0.E0));
#13026=AXIS2_PLACEMENT_3D('',#13023,#13024,#13025);
#13027=CYLINDRICAL_SURFACE('',#13026,2.575625E-1);
#13028=ORIENTED_EDGE('',*,*,#11876,.T.);
#13030=ORIENTED_EDGE('',*,*,#13029,.T.);
#13032=ORIENTED_EDGE('',*,*,#13031,.F.);
#13034=ORIENTED_EDGE('',*,*,#13033,.T.);
#13035=EDGE_LOOP('',(#13028,#13030,#13032,#13034));
#13036=FACE_OUTER_BOUND('',#13035,.F.);
#13038=CARTESIAN_POINT('',(1.6015E0,-2.5E-2,3.24E-1));
#13039=DIRECTION('',(0.E0,-1.E0,0.E0));
#13040=DIRECTION('',(-1.E0,0.E0,0.E0));
#13041=AXIS2_PLACEMENT_3D('',#13038,#13039,#13040);
#13042=CYLINDRICAL_SURFACE('',#13041,1.515E-1);
#13043=ORIENTED_EDGE('',*,*,#11882,.F.);
#13045=ORIENTED_EDGE('',*,*,#13044,.T.);
#13047=ORIENTED_EDGE('',*,*,#13046,.T.);
#13048=ORIENTED_EDGE('',*,*,#13015,.T.);
#13049=EDGE_LOOP('',(#13043,#13045,#13047,#13048));
#13050=FACE_OUTER_BOUND('',#13049,.F.);
#13052=CARTESIAN_POINT('',(1.45E0,-2.5E-2,3.26E-1));
#13053=DIRECTION('',(1.E0,0.E0,0.E0));
#13054=DIRECTION('',(0.E0,0.E0,-1.E0));
#13055=AXIS2_PLACEMENT_3D('',#13052,#13053,#13054);
#13056=PLANE('',#13055);
#13057=ORIENTED_EDGE('',*,*,#11880,.F.);
#13059=ORIENTED_EDGE('',*,*,#13058,.T.);
#13061=ORIENTED_EDGE('',*,*,#13060,.T.);
#13062=ORIENTED_EDGE('',*,*,#13044,.F.);
#13063=EDGE_LOOP('',(#13057,#13059,#13061,#13062));
#13064=FACE_OUTER_BOUND('',#13063,.F.);
#13066=CARTESIAN_POINT('',(1.6015E0,-2.5E-2,3.26E-1));
#13067=DIRECTION('',(0.E0,-1.E0,0.E0));
#13068=DIRECTION('',(-1.E0,0.E0,0.E0));
#13069=AXIS2_PLACEMENT_3D('',#13066,#13067,#13068);
#13070=CYLINDRICAL_SURFACE('',#13069,1.515E-1);
#13071=ORIENTED_EDGE('',*,*,#11878,.F.);
#13072=ORIENTED_EDGE('',*,*,#13033,.F.);
#13074=ORIENTED_EDGE('',*,*,#13073,.T.);
#13075=ORIENTED_EDGE('',*,*,#13058,.F.);
#13076=EDGE_LOOP('',(#13071,#13072,#13074,#13075));
#13077=FACE_OUTER_BOUND('',#13076,.F.);
#13079=CARTESIAN_POINT('',(0.E0,7.5E-2,0.E0));
#13080=DIRECTION('',(0.E0,-1.E0,0.E0));
#13081=DIRECTION('',(-1.E0,0.E0,0.E0));
#13082=AXIS2_PLACEMENT_3D('',#13079,#13080,#13081);
#13083=PLANE('',#13082);
#13084=ORIENTED_EDGE('',*,*,#12726,.T.);
#13085=ORIENTED_EDGE('',*,*,#13003,.F.);
#13086=ORIENTED_EDGE('',*,*,#13017,.T.);
#13087=ORIENTED_EDGE('',*,*,#13046,.F.);
#13088=ORIENTED_EDGE('',*,*,#13060,.F.);
#13089=ORIENTED_EDGE('',*,*,#13073,.F.);
#13090=ORIENTED_EDGE('',*,*,#13031,.T.);
#13092=ORIENTED_EDGE('',*,*,#13091,.F.);
#13093=EDGE_LOOP('',(#13084,#13085,#13086,#13087,#13088,#13089,#13090,#13092));
#13094=FACE_OUTER_BOUND('',#13093,.F.);
#13096=CARTESIAN_POINT('',(2.1E0,-2.5E-2,4.775E-1));
#13097=DIRECTION('',(0.E0,0.E0,-1.E0));
#13098=DIRECTION('',(-1.E0,0.E0,0.E0));
#13099=AXIS2_PLACEMENT_3D('',#13096,#13097,#13098);
#13100=PLANE('',#13099);
#13101=ORIENTED_EDGE('',*,*,#11874,.F.);
#13102=ORIENTED_EDGE('',*,*,#12728,.T.);
#13103=ORIENTED_EDGE('',*,*,#13091,.T.);
#13104=ORIENTED_EDGE('',*,*,#13029,.F.);
#13105=EDGE_LOOP('',(#13101,#13102,#13103,#13104));
#13106=FACE_OUTER_BOUND('',#13105,.F.);
#13108=CARTESIAN_POINT('',(1.6015E0,-2.5E-2,8.225E-1));
#13109=DIRECTION('',(0.E0,0.E0,1.E0));
#13110=DIRECTION('',(1.E0,0.E0,0.E0));
#13111=AXIS2_PLACEMENT_3D('',#13108,#13109,#13110);
#13112=PLANE('',#13111);
#13113=ORIENTED_EDGE('',*,*,#11870,.T.);
#13115=ORIENTED_EDGE('',*,*,#13114,.T.);
#13117=ORIENTED_EDGE('',*,*,#13116,.T.);
#13118=ORIENTED_EDGE('',*,*,#12731,.F.);
#13119=EDGE_LOOP('',(#13113,#13115,#13117,#13118));
#13120=FACE_OUTER_BOUND('',#13119,.F.);
#13122=CARTESIAN_POINT('',(1.7075625E0,-2.5E-2,9.75E-1));
#13123=DIRECTION('',(0.E0,1.E0,0.E0));
#13124=DIRECTION('',(-1.E0,0.E0,0.E0));
#13125=AXIS2_PLACEMENT_3D('',#13122,#13123,#13124);
#13126=CYLINDRICAL_SURFACE('',#13125,2.575625E-1);
#13127=ORIENTED_EDGE('',*,*,#11868,.T.);
#13129=ORIENTED_EDGE('',*,*,#13128,.F.);
#13131=ORIENTED_EDGE('',*,*,#13130,.F.);
#13132=ORIENTED_EDGE('',*,*,#13114,.F.);
#13133=EDGE_LOOP('',(#13127,#13129,#13131,#13132));
#13134=FACE_OUTER_BOUND('',#13133,.F.);
#13136=CARTESIAN_POINT('',(1.7075625E0,-2.5E-2,9.75E-1));
#13137=DIRECTION('',(0.E0,1.E0,0.E0));
#13138=DIRECTION('',(-1.E0,0.E0,0.E0));
#13139=AXIS2_PLACEMENT_3D('',#13136,#13137,#13138);
#13140=CYLINDRICAL_SURFACE('',#13139,2.575625E-1);
#13141=ORIENTED_EDGE('',*,*,#11860,.T.);
#13143=ORIENTED_EDGE('',*,*,#13142,.T.);
#13145=ORIENTED_EDGE('',*,*,#13144,.F.);
#13147=ORIENTED_EDGE('',*,*,#13146,.T.);
#13148=EDGE_LOOP('',(#13141,#13143,#13145,#13147));
#13149=FACE_OUTER_BOUND('',#13148,.F.);
#13151=CARTESIAN_POINT('',(1.6015E0,-2.5E-2,9.74E-1));
#13152=DIRECTION('',(0.E0,-1.E0,0.E0));
#13153=DIRECTION('',(-1.E0,0.E0,0.E0));
#13154=AXIS2_PLACEMENT_3D('',#13151,#13152,#13153);
#13155=CYLINDRICAL_SURFACE('',#13154,1.515E-1);
#13156=ORIENTED_EDGE('',*,*,#11866,.F.);
#13158=ORIENTED_EDGE('',*,*,#13157,.T.);
#13160=ORIENTED_EDGE('',*,*,#13159,.T.);
#13161=ORIENTED_EDGE('',*,*,#13128,.T.);
#13162=EDGE_LOOP('',(#13156,#13158,#13160,#13161));
#13163=FACE_OUTER_BOUND('',#13162,.F.);
#13165=CARTESIAN_POINT('',(1.45E0,-2.5E-2,9.76E-1));
#13166=DIRECTION('',(1.E0,0.E0,0.E0));
#13167=DIRECTION('',(0.E0,0.E0,-1.E0));
#13168=AXIS2_PLACEMENT_3D('',#13165,#13166,#13167);
#13169=PLANE('',#13168);
#13170=ORIENTED_EDGE('',*,*,#11864,.F.);
#13172=ORIENTED_EDGE('',*,*,#13171,.T.);
#13174=ORIENTED_EDGE('',*,*,#13173,.T.);
#13175=ORIENTED_EDGE('',*,*,#13157,.F.);
#13176=EDGE_LOOP('',(#13170,#13172,#13174,#13175));
#13177=FACE_OUTER_BOUND('',#13176,.F.);
#13179=CARTESIAN_POINT('',(1.6015E0,-2.5E-2,9.76E-1));
#13180=DIRECTION('',(0.E0,-1.E0,0.E0));
#13181=DIRECTION('',(-1.E0,0.E0,0.E0));
#13182=AXIS2_PLACEMENT_3D('',#13179,#13180,#13181);
#13183=CYLINDRICAL_SURFACE('',#13182,1.515E-1);
#13184=ORIENTED_EDGE('',*,*,#11862,.F.);
#13185=ORIENTED_EDGE('',*,*,#13146,.F.);
#13187=ORIENTED_EDGE('',*,*,#13186,.T.);
#13188=ORIENTED_EDGE('',*,*,#13171,.F.);
#13189=EDGE_LOOP('',(#13184,#13185,#13187,#13188));
#13190=FACE_OUTER_BOUND('',#13189,.F.);
#13192=CARTESIAN_POINT('',(0.E0,7.5E-2,0.E0));
#13193=DIRECTION('',(0.E0,-1.E0,0.E0));
#13194=DIRECTION('',(-1.E0,0.E0,0.E0));
#13195=AXIS2_PLACEMENT_3D('',#13192,#13193,#13194);
#13196=PLANE('',#13195);
#13197=ORIENTED_EDGE('',*,*,#12733,.T.);
#13198=ORIENTED_EDGE('',*,*,#13116,.F.);
#13199=ORIENTED_EDGE('',*,*,#13130,.T.);
#13200=ORIENTED_EDGE('',*,*,#13159,.F.);
#13201=ORIENTED_EDGE('',*,*,#13173,.F.);
#13202=ORIENTED_EDGE('',*,*,#13186,.F.);
#13203=ORIENTED_EDGE('',*,*,#13144,.T.);
#13205=ORIENTED_EDGE('',*,*,#13204,.F.);
#13206=EDGE_LOOP('',(#13197,#13198,#13199,#13200,#13201,#13202,#13203,#13205));
#13207=FACE_OUTER_BOUND('',#13206,.F.);
#13209=CARTESIAN_POINT('',(2.1E0,-2.5E-2,1.1275E0));
#13210=DIRECTION('',(0.E0,0.E0,-1.E0));
#13211=DIRECTION('',(-1.E0,0.E0,0.E0));
#13212=AXIS2_PLACEMENT_3D('',#13209,#13210,#13211);
#13213=PLANE('',#13212);
#13214=ORIENTED_EDGE('',*,*,#11858,.F.);
#13215=ORIENTED_EDGE('',*,*,#12735,.T.);
#13216=ORIENTED_EDGE('',*,*,#13204,.T.);
#13217=ORIENTED_EDGE('',*,*,#13142,.F.);
#13218=EDGE_LOOP('',(#13214,#13215,#13216,#13217));
#13219=FACE_OUTER_BOUND('',#13218,.F.);
#13221=CARTESIAN_POINT('',(-2.E0,0.E0,2.E0));
#13222=DIRECTION('',(0.E0,0.E0,1.E0));
#13223=DIRECTION('',(1.E0,0.E0,0.E0));
#13224=AXIS2_PLACEMENT_3D('',#13221,#13222,#13223);
#13225=PLANE('',#13224);
#13227=ORIENTED_EDGE('',*,*,#13226,.F.);
#13228=ORIENTED_EDGE('',*,*,#11790,.F.);
#13229=ORIENTED_EDGE('',*,*,#12133,.T.);
#13231=ORIENTED_EDGE('',*,*,#13230,.T.);
#13232=ORIENTED_EDGE('',*,*,#12738,.F.);
#13233=ORIENTED_EDGE('',*,*,#11854,.F.);
#13235=ORIENTED_EDGE('',*,*,#13234,.T.);
#13237=ORIENTED_EDGE('',*,*,#13236,.F.);
#13239=ORIENTED_EDGE('',*,*,#13238,.F.);
#13240=ORIENTED_EDGE('',*,*,#11838,.F.);
#13242=ORIENTED_EDGE('',*,*,#13241,.T.);
#13244=ORIENTED_EDGE('',*,*,#13243,.F.);
#13246=ORIENTED_EDGE('',*,*,#13245,.F.);
#13247=ORIENTED_EDGE('',*,*,#11822,.F.);
#13249=ORIENTED_EDGE('',*,*,#13248,.T.);
#13251=ORIENTED_EDGE('',*,*,#13250,.F.);
#13253=ORIENTED_EDGE('',*,*,#13252,.F.);
#13254=ORIENTED_EDGE('',*,*,#11806,.F.);
#13256=ORIENTED_EDGE('',*,*,#13255,.T.);
#13258=ORIENTED_EDGE('',*,*,#13257,.F.);
#13259=EDGE_LOOP('',(#13227,#13228,#13229,#13231,#13232,#13233,#13235,#13237,
#13239,#13240,#13242,#13244,#13246,#13247,#13249,#13251,#13253,#13254,#13256,
#13258));
#13260=FACE_OUTER_BOUND('',#13259,.F.);
#13262=ORIENTED_EDGE('',*,*,#13261,.T.);
#13264=ORIENTED_EDGE('',*,*,#13263,.T.);
#13266=ORIENTED_EDGE('',*,*,#13265,.F.);
#13268=ORIENTED_EDGE('',*,*,#13267,.F.);
#13269=EDGE_LOOP('',(#13262,#13264,#13266,#13268));
#13270=FACE_BOUND('',#13269,.F.);
#13272=ORIENTED_EDGE('',*,*,#13271,.T.);
#13274=ORIENTED_EDGE('',*,*,#13273,.T.);
#13276=ORIENTED_EDGE('',*,*,#13275,.F.);
#13278=ORIENTED_EDGE('',*,*,#13277,.F.);
#13279=EDGE_LOOP('',(#13272,#13274,#13276,#13278));
#13280=FACE_BOUND('',#13279,.F.);
#13282=CARTESIAN_POINT('',(-1.1275E0,-2.5E-2,2.1E0));
#13283=DIRECTION('',(1.E0,0.E0,0.E0));
#13284=DIRECTION('',(0.E0,0.E0,-1.E0));
#13285=AXIS2_PLACEMENT_3D('',#13282,#13283,#13284);
#13286=PLANE('',#13285);
#13287=ORIENTED_EDGE('',*,*,#11792,.F.);
#13288=ORIENTED_EDGE('',*,*,#13226,.T.);
#13290=ORIENTED_EDGE('',*,*,#13289,.T.);
#13292=ORIENTED_EDGE('',*,*,#13291,.F.);
#13293=EDGE_LOOP('',(#13287,#13288,#13290,#13292));
#13294=FACE_OUTER_BOUND('',#13293,.F.);
#13296=CARTESIAN_POINT('',(0.E0,7.5E-2,0.E0));
#13297=DIRECTION('',(0.E0,-1.E0,0.E0));
#13298=DIRECTION('',(1.E0,0.E0,0.E0));
#13299=AXIS2_PLACEMENT_3D('',#13296,#13297,#13298);
#13300=PLANE('',#13299);
#13301=ORIENTED_EDGE('',*,*,#13257,.T.);
#13303=ORIENTED_EDGE('',*,*,#13302,.F.);
#13305=ORIENTED_EDGE('',*,*,#13304,.T.);
#13307=ORIENTED_EDGE('',*,*,#13306,.F.);
#13309=ORIENTED_EDGE('',*,*,#13308,.F.);
#13311=ORIENTED_EDGE('',*,*,#13310,.F.);
#13313=ORIENTED_EDGE('',*,*,#13312,.T.);
#13314=ORIENTED_EDGE('',*,*,#13289,.F.);
#13315=EDGE_LOOP('',(#13301,#13303,#13305,#13307,#13309,#13311,#13313,#13314));
#13316=FACE_OUTER_BOUND('',#13315,.F.);
#13318=CARTESIAN_POINT('',(-8.225E-1,-2.5E-2,1.6015E0));
#13319=DIRECTION('',(-1.E0,0.E0,0.E0));
#13320=DIRECTION('',(0.E0,0.E0,1.E0));
#13321=AXIS2_PLACEMENT_3D('',#13318,#13319,#13320);
#13322=PLANE('',#13321);
#13323=ORIENTED_EDGE('',*,*,#11804,.T.);
#13325=ORIENTED_EDGE('',*,*,#13324,.T.);
#13326=ORIENTED_EDGE('',*,*,#13302,.T.);
#13327=ORIENTED_EDGE('',*,*,#13255,.F.);
#13328=EDGE_LOOP('',(#13323,#13325,#13326,#13327));
#13329=FACE_OUTER_BOUND('',#13328,.F.);
#13331=CARTESIAN_POINT('',(-9.75E-1,-2.5E-2,1.7075625E0));
#13332=DIRECTION('',(0.E0,1.E0,0.E0));
#13333=DIRECTION('',(0.E0,0.E0,-1.E0));
#13334=AXIS2_PLACEMENT_3D('',#13331,#13332,#13333);
#13335=CYLINDRICAL_SURFACE('',#13334,2.575625E-1);
#13336=ORIENTED_EDGE('',*,*,#11802,.T.);
#13338=ORIENTED_EDGE('',*,*,#13337,.F.);
#13339=ORIENTED_EDGE('',*,*,#13304,.F.);
#13340=ORIENTED_EDGE('',*,*,#13324,.F.);
#13341=EDGE_LOOP('',(#13336,#13338,#13339,#13340));
#13342=FACE_OUTER_BOUND('',#13341,.F.);
#13344=CARTESIAN_POINT('',(-9.75E-1,-2.5E-2,1.7075625E0));
#13345=DIRECTION('',(0.E0,1.E0,0.E0));
#13346=DIRECTION('',(0.E0,0.E0,-1.E0));
#13347=AXIS2_PLACEMENT_3D('',#13344,#13345,#13346);
#13348=CYLINDRICAL_SURFACE('',#13347,2.575625E-1);
#13349=ORIENTED_EDGE('',*,*,#11794,.T.);
#13350=ORIENTED_EDGE('',*,*,#13291,.T.);
#13351=ORIENTED_EDGE('',*,*,#13312,.F.);
#13353=ORIENTED_EDGE('',*,*,#13352,.T.);
#13354=EDGE_LOOP('',(#13349,#13350,#13351,#13353));
#13355=FACE_OUTER_BOUND('',#13354,.F.);
#13357=CARTESIAN_POINT('',(-9.74E-1,-2.5E-2,1.6015E0));
#13358=DIRECTION('',(0.E0,-1.E0,0.E0));
#13359=DIRECTION('',(1.E0,0.E0,0.E0));
#13360=AXIS2_PLACEMENT_3D('',#13357,#13358,#13359);
#13361=CYLINDRICAL_SURFACE('',#13360,1.515E-1);
#13362=ORIENTED_EDGE('',*,*,#11800,.F.);
#13364=ORIENTED_EDGE('',*,*,#13363,.T.);
#13365=ORIENTED_EDGE('',*,*,#13306,.T.);
#13366=ORIENTED_EDGE('',*,*,#13337,.T.);
#13367=EDGE_LOOP('',(#13362,#13364,#13365,#13366));
#13368=FACE_OUTER_BOUND('',#13367,.F.);
#13370=CARTESIAN_POINT('',(-9.76E-1,-2.5E-2,1.45E0));
#13371=DIRECTION('',(0.E0,0.E0,1.E0));
#13372=DIRECTION('',(1.E0,0.E0,0.E0));
#13373=AXIS2_PLACEMENT_3D('',#13370,#13371,#13372);
#13374=PLANE('',#13373);
#13375=ORIENTED_EDGE('',*,*,#11798,.F.);
#13377=ORIENTED_EDGE('',*,*,#13376,.T.);
#13378=ORIENTED_EDGE('',*,*,#13308,.T.);
#13379=ORIENTED_EDGE('',*,*,#13363,.F.);
#13380=EDGE_LOOP('',(#13375,#13377,#13378,#13379));
#13381=FACE_OUTER_BOUND('',#13380,.F.);
#13383=CARTESIAN_POINT('',(-9.76E-1,-2.5E-2,1.6015E0));
#13384=DIRECTION('',(0.E0,-1.E0,0.E0));
#13385=DIRECTION('',(1.E0,0.E0,0.E0));
#13386=AXIS2_PLACEMENT_3D('',#13383,#13384,#13385);
#13387=CYLINDRICAL_SURFACE('',#13386,1.515E-1);
#13388=ORIENTED_EDGE('',*,*,#11796,.F.);
#13389=ORIENTED_EDGE('',*,*,#13352,.F.);
#13390=ORIENTED_EDGE('',*,*,#13310,.T.);
#13391=ORIENTED_EDGE('',*,*,#13376,.F.);
#13392=EDGE_LOOP('',(#13388,#13389,#13390,#13391));
#13393=FACE_OUTER_BOUND('',#13392,.F.);
#13395=CARTESIAN_POINT('',(0.E0,9.75E-1,0.E0));
#13396=DIRECTION('',(0.E0,1.E0,0.E0));
#13397=DIRECTION('',(1.E0,0.E0,0.E0));
#13398=AXIS2_PLACEMENT_3D('',#13395,#13396,#13397);
#13399=PLANE('',#13398);
#13400=ORIENTED_EDGE('',*,*,#12131,.F.);
#13401=ORIENTED_EDGE('',*,*,#12228,.F.);
#13402=ORIENTED_EDGE('',*,*,#12740,.F.);
#13403=ORIENTED_EDGE('',*,*,#13230,.F.);
#13404=EDGE_LOOP('',(#13400,#13401,#13402,#13403));
#13405=FACE_OUTER_BOUND('',#13404,.F.);
#13407=FILL_AREA_STYLE_COLOUR('',#3);
#13408=FILL_AREA_STYLE('',(#13407));
#13409=SURFACE_STYLE_FILL_AREA(#13408);
#13410=SURFACE_SIDE_STYLE('',(#13409));
#13411=SURFACE_STYLE_USAGE(.NEGATIVE.,#13410);
#13412=PRESENTATION_STYLE_ASSIGNMENT((#13411));
#13413=STYLED_ITEM('',(#13412),#13406);
#13414=CARTESIAN_POINT('',(1.1275E0,-2.5E-2,1.6015E0));
#13415=DIRECTION('',(-1.E0,0.E0,0.E0));
#13416=DIRECTION('',(0.E0,0.E0,1.E0));
#13417=AXIS2_PLACEMENT_3D('',#13414,#13415,#13416);
#13418=PLANE('',#13417);
#13419=ORIENTED_EDGE('',*,*,#11852,.T.);
#13421=ORIENTED_EDGE('',*,*,#13420,.T.);
#13423=ORIENTED_EDGE('',*,*,#13422,.T.);
#13424=ORIENTED_EDGE('',*,*,#13234,.F.);
#13425=EDGE_LOOP('',(#13419,#13421,#13423,#13424));
#13426=FACE_OUTER_BOUND('',#13425,.F.);
#13428=CARTESIAN_POINT('',(9.75E-1,-2.5E-2,1.7075625E0));
#13429=DIRECTION('',(0.E0,1.E0,0.E0));
#13430=DIRECTION('',(0.E0,0.E0,-1.E0));
#13431=AXIS2_PLACEMENT_3D('',#13428,#13429,#13430);
#13432=CYLINDRICAL_SURFACE('',#13431,2.575625E-1);
#13433=ORIENTED_EDGE('',*,*,#11850,.T.);
#13435=ORIENTED_EDGE('',*,*,#13434,.F.);
#13437=ORIENTED_EDGE('',*,*,#13436,.F.);
#13438=ORIENTED_EDGE('',*,*,#13420,.F.);
#13439=EDGE_LOOP('',(#13433,#13435,#13437,#13438));
#13440=FACE_OUTER_BOUND('',#13439,.F.);
#13442=CARTESIAN_POINT('',(9.75E-1,-2.5E-2,1.7075625E0));
#13443=DIRECTION('',(0.E0,1.E0,0.E0));
#13444=DIRECTION('',(0.E0,0.E0,-1.E0));
#13445=AXIS2_PLACEMENT_3D('',#13442,#13443,#13444);
#13446=CYLINDRICAL_SURFACE('',#13445,2.575625E-1);
#13447=ORIENTED_EDGE('',*,*,#11842,.T.);
#13449=ORIENTED_EDGE('',*,*,#13448,.T.);
#13451=ORIENTED_EDGE('',*,*,#13450,.F.);
#13453=ORIENTED_EDGE('',*,*,#13452,.T.);
#13454=EDGE_LOOP('',(#13447,#13449,#13451,#13453));
#13455=FACE_OUTER_BOUND('',#13454,.F.);
#13457=CARTESIAN_POINT('',(9.76E-1,-2.5E-2,1.6015E0));
#13458=DIRECTION('',(0.E0,-1.E0,0.E0));
#13459=DIRECTION('',(1.E0,0.E0,0.E0));
#13460=AXIS2_PLACEMENT_3D('',#13457,#13458,#13459);
#13461=CYLINDRICAL_SURFACE('',#13460,1.515E-1);
#13462=ORIENTED_EDGE('',*,*,#11848,.F.);
#13464=ORIENTED_EDGE('',*,*,#13463,.T.);
#13466=ORIENTED_EDGE('',*,*,#13465,.T.);
#13467=ORIENTED_EDGE('',*,*,#13434,.T.);
#13468=EDGE_LOOP('',(#13462,#13464,#13466,#13467));
#13469=FACE_OUTER_BOUND('',#13468,.F.);
#13471=CARTESIAN_POINT('',(9.74E-1,-2.5E-2,1.45E0));
#13472=DIRECTION('',(0.E0,0.E0,1.E0));
#13473=DIRECTION('',(1.E0,0.E0,0.E0));
#13474=AXIS2_PLACEMENT_3D('',#13471,#13472,#13473);
#13475=PLANE('',#13474);
#13476=ORIENTED_EDGE('',*,*,#11846,.F.);
#13478=ORIENTED_EDGE('',*,*,#13477,.T.);
#13480=ORIENTED_EDGE('',*,*,#13479,.T.);
#13481=ORIENTED_EDGE('',*,*,#13463,.F.);
#13482=EDGE_LOOP('',(#13476,#13478,#13480,#13481));
#13483=FACE_OUTER_BOUND('',#13482,.F.);
#13485=CARTESIAN_POINT('',(9.74E-1,-2.5E-2,1.6015E0));
#13486=DIRECTION('',(0.E0,-1.E0,0.E0));
#13487=DIRECTION('',(1.E0,0.E0,0.E0));
#13488=AXIS2_PLACEMENT_3D('',#13485,#13486,#13487);
#13489=CYLINDRICAL_SURFACE('',#13488,1.515E-1);
#13490=ORIENTED_EDGE('',*,*,#11844,.F.);
#13491=ORIENTED_EDGE('',*,*,#13452,.F.);
#13493=ORIENTED_EDGE('',*,*,#13492,.T.);
#13494=ORIENTED_EDGE('',*,*,#13477,.F.);
#13495=EDGE_LOOP('',(#13490,#13491,#13493,#13494));
#13496=FACE_OUTER_BOUND('',#13495,.F.);
#13498=CARTESIAN_POINT('',(0.E0,7.5E-2,0.E0));
#13499=DIRECTION('',(0.E0,-1.E0,0.E0));
#13500=DIRECTION('',(1.E0,0.E0,0.E0));
#13501=AXIS2_PLACEMENT_3D('',#13498,#13499,#13500);
#13502=PLANE('',#13501);
#13503=ORIENTED_EDGE('',*,*,#13236,.T.);
#13504=ORIENTED_EDGE('',*,*,#13422,.F.);
#13505=ORIENTED_EDGE('',*,*,#13436,.T.);
#13506=ORIENTED_EDGE('',*,*,#13465,.F.);
#13507=ORIENTED_EDGE('',*,*,#13479,.F.);
#13508=ORIENTED_EDGE('',*,*,#13492,.F.);
#13509=ORIENTED_EDGE('',*,*,#13450,.T.);
#13511=ORIENTED_EDGE('',*,*,#13510,.F.);
#13512=EDGE_LOOP('',(#13503,#13504,#13505,#13506,#13507,#13508,#13509,#13511));
#13513=FACE_OUTER_BOUND('',#13512,.F.);
#13515=CARTESIAN_POINT('',(8.225E-1,-2.5E-2,2.1E0));
#13516=DIRECTION('',(1.E0,0.E0,0.E0));
#13517=DIRECTION('',(0.E0,0.E0,-1.E0));
#13518=AXIS2_PLACEMENT_3D('',#13515,#13516,#13517);
#13519=PLANE('',#13518);
#13520=ORIENTED_EDGE('',*,*,#11840,.F.);
#13521=ORIENTED_EDGE('',*,*,#13238,.T.);
#13522=ORIENTED_EDGE('',*,*,#13510,.T.);
#13523=ORIENTED_EDGE('',*,*,#13448,.F.);
#13524=EDGE_LOOP('',(#13520,#13521,#13522,#13523));
#13525=FACE_OUTER_BOUND('',#13524,.F.);
#13527=CARTESIAN_POINT('',(4.775E-1,-2.5E-2,1.6015E0));
#13528=DIRECTION('',(-1.E0,0.E0,0.E0));
#13529=DIRECTION('',(0.E0,0.E0,1.E0));
#13530=AXIS2_PLACEMENT_3D('',#13527,#13528,#13529);
#13531=PLANE('',#13530);
#13532=ORIENTED_EDGE('',*,*,#11836,.T.);
#13534=ORIENTED_EDGE('',*,*,#13533,.T.);
#13536=ORIENTED_EDGE('',*,*,#13535,.T.);
#13537=ORIENTED_EDGE('',*,*,#13241,.F.);
#13538=EDGE_LOOP('',(#13532,#13534,#13536,#13537));
#13539=FACE_OUTER_BOUND('',#13538,.F.);
#13541=CARTESIAN_POINT('',(3.25E-1,-2.5E-2,1.7075625E0));
#13542=DIRECTION('',(0.E0,1.E0,0.E0));
#13543=DIRECTION('',(0.E0,0.E0,-1.E0));
#13544=AXIS2_PLACEMENT_3D('',#13541,#13542,#13543);
#13545=CYLINDRICAL_SURFACE('',#13544,2.575625E-1);
#13546=ORIENTED_EDGE('',*,*,#11834,.T.);
#13548=ORIENTED_EDGE('',*,*,#13547,.F.);
#13550=ORIENTED_EDGE('',*,*,#13549,.F.);
#13551=ORIENTED_EDGE('',*,*,#13533,.F.);
#13552=EDGE_LOOP('',(#13546,#13548,#13550,#13551));
#13553=FACE_OUTER_BOUND('',#13552,.F.);
#13555=CARTESIAN_POINT('',(3.25E-1,-2.5E-2,1.7075625E0));
#13556=DIRECTION('',(0.E0,1.E0,0.E0));
#13557=DIRECTION('',(0.E0,0.E0,-1.E0));
#13558=AXIS2_PLACEMENT_3D('',#13555,#13556,#13557);
#13559=CYLINDRICAL_SURFACE('',#13558,2.575625E-1);
#13560=ORIENTED_EDGE('',*,*,#11826,.T.);
#13562=ORIENTED_EDGE('',*,*,#13561,.T.);
#13564=ORIENTED_EDGE('',*,*,#13563,.F.);
#13566=ORIENTED_EDGE('',*,*,#13565,.T.);
#13567=EDGE_LOOP('',(#13560,#13562,#13564,#13566));
#13568=FACE_OUTER_BOUND('',#13567,.F.);
#13570=CARTESIAN_POINT('',(3.26E-1,-2.5E-2,1.6015E0));
#13571=DIRECTION('',(0.E0,-1.E0,0.E0));
#13572=DIRECTION('',(1.E0,0.E0,0.E0));
#13573=AXIS2_PLACEMENT_3D('',#13570,#13571,#13572);
#13574=CYLINDRICAL_SURFACE('',#13573,1.515E-1);
#13575=ORIENTED_EDGE('',*,*,#11832,.F.);
#13577=ORIENTED_EDGE('',*,*,#13576,.T.);
#13579=ORIENTED_EDGE('',*,*,#13578,.T.);
#13580=ORIENTED_EDGE('',*,*,#13547,.T.);
#13581=EDGE_LOOP('',(#13575,#13577,#13579,#13580));
#13582=FACE_OUTER_BOUND('',#13581,.F.);
#13584=CARTESIAN_POINT('',(3.24E-1,-2.5E-2,1.45E0));
#13585=DIRECTION('',(0.E0,0.E0,1.E0));
#13586=DIRECTION('',(1.E0,0.E0,0.E0));
#13587=AXIS2_PLACEMENT_3D('',#13584,#13585,#13586);
#13588=PLANE('',#13587);
#13589=ORIENTED_EDGE('',*,*,#11830,.F.);
#13591=ORIENTED_EDGE('',*,*,#13590,.T.);
#13593=ORIENTED_EDGE('',*,*,#13592,.T.);
#13594=ORIENTED_EDGE('',*,*,#13576,.F.);
#13595=EDGE_LOOP('',(#13589,#13591,#13593,#13594));
#13596=FACE_OUTER_BOUND('',#13595,.F.);
#13598=CARTESIAN_POINT('',(3.24E-1,-2.5E-2,1.6015E0));
#13599=DIRECTION('',(0.E0,-1.E0,0.E0));
#13600=DIRECTION('',(1.E0,0.E0,0.E0));
#13601=AXIS2_PLACEMENT_3D('',#13598,#13599,#13600);
#13602=CYLINDRICAL_SURFACE('',#13601,1.515E-1);
#13603=ORIENTED_EDGE('',*,*,#11828,.F.);
#13604=ORIENTED_EDGE('',*,*,#13565,.F.);
#13606=ORIENTED_EDGE('',*,*,#13605,.T.);
#13607=ORIENTED_EDGE('',*,*,#13590,.F.);
#13608=EDGE_LOOP('',(#13603,#13604,#13606,#13607));
#13609=FACE_OUTER_BOUND('',#13608,.F.);
#13611=CARTESIAN_POINT('',(0.E0,7.5E-2,0.E0));
#13612=DIRECTION('',(0.E0,-1.E0,0.E0));
#13613=DIRECTION('',(1.E0,0.E0,0.E0));
#13614=AXIS2_PLACEMENT_3D('',#13611,#13612,#13613);
#13615=PLANE('',#13614);
#13616=ORIENTED_EDGE('',*,*,#13243,.T.);
#13617=ORIENTED_EDGE('',*,*,#13535,.F.);
#13618=ORIENTED_EDGE('',*,*,#13549,.T.);
#13619=ORIENTED_EDGE('',*,*,#13578,.F.);
#13620=ORIENTED_EDGE('',*,*,#13592,.F.);
#13621=ORIENTED_EDGE('',*,*,#13605,.F.);
#13622=ORIENTED_EDGE('',*,*,#13563,.T.);
#13624=ORIENTED_EDGE('',*,*,#13623,.F.);
#13625=EDGE_LOOP('',(#13616,#13617,#13618,#13619,#13620,#13621,#13622,#13624));
#13626=FACE_OUTER_BOUND('',#13625,.F.);
#13628=CARTESIAN_POINT('',(1.725E-1,-2.5E-2,2.1E0));
#13629=DIRECTION('',(1.E0,0.E0,0.E0));
#13630=DIRECTION('',(0.E0,0.E0,-1.E0));
#13631=AXIS2_PLACEMENT_3D('',#13628,#13629,#13630);
#13632=PLANE('',#13631);
#13633=ORIENTED_EDGE('',*,*,#11824,.F.);
#13634=ORIENTED_EDGE('',*,*,#13245,.T.);
#13635=ORIENTED_EDGE('',*,*,#13623,.T.);
#13636=ORIENTED_EDGE('',*,*,#13561,.F.);
#13637=EDGE_LOOP('',(#13633,#13634,#13635,#13636));
#13638=FACE_OUTER_BOUND('',#13637,.F.);
#13640=CARTESIAN_POINT('',(-1.725E-1,-2.5E-2,1.6015E0));
#13641=DIRECTION('',(-1.E0,0.E0,0.E0));
#13642=DIRECTION('',(0.E0,0.E0,1.E0));
#13643=AXIS2_PLACEMENT_3D('',#13640,#13641,#13642);
#13644=PLANE('',#13643);
#13645=ORIENTED_EDGE('',*,*,#11820,.T.);
#13647=ORIENTED_EDGE('',*,*,#13646,.T.);
#13649=ORIENTED_EDGE('',*,*,#13648,.T.);
#13650=ORIENTED_EDGE('',*,*,#13248,.F.);
#13651=EDGE_LOOP('',(#13645,#13647,#13649,#13650));
#13652=FACE_OUTER_BOUND('',#13651,.F.);
#13654=CARTESIAN_POINT('',(-3.25E-1,-2.5E-2,1.7075625E0));
#13655=DIRECTION('',(0.E0,1.E0,0.E0));
#13656=DIRECTION('',(0.E0,0.E0,-1.E0));
#13657=AXIS2_PLACEMENT_3D('',#13654,#13655,#13656);
#13658=CYLINDRICAL_SURFACE('',#13657,2.575625E-1);
#13659=ORIENTED_EDGE('',*,*,#11818,.T.);
#13661=ORIENTED_EDGE('',*,*,#13660,.F.);
#13663=ORIENTED_EDGE('',*,*,#13662,.F.);
#13664=ORIENTED_EDGE('',*,*,#13646,.F.);
#13665=EDGE_LOOP('',(#13659,#13661,#13663,#13664));
#13666=FACE_OUTER_BOUND('',#13665,.F.);
#13668=CARTESIAN_POINT('',(-3.25E-1,-2.5E-2,1.7075625E0));
#13669=DIRECTION('',(0.E0,1.E0,0.E0));
#13670=DIRECTION('',(0.E0,0.E0,-1.E0));
#13671=AXIS2_PLACEMENT_3D('',#13668,#13669,#13670);
#13672=CYLINDRICAL_SURFACE('',#13671,2.575625E-1);
#13673=ORIENTED_EDGE('',*,*,#11810,.T.);
#13675=ORIENTED_EDGE('',*,*,#13674,.T.);
#13677=ORIENTED_EDGE('',*,*,#13676,.F.);
#13679=ORIENTED_EDGE('',*,*,#13678,.T.);
#13680=EDGE_LOOP('',(#13673,#13675,#13677,#13679));
#13681=FACE_OUTER_BOUND('',#13680,.F.);
#13683=CARTESIAN_POINT('',(-3.24E-1,-2.5E-2,1.6015E0));
#13684=DIRECTION('',(0.E0,-1.E0,0.E0));
#13685=DIRECTION('',(1.E0,0.E0,0.E0));
#13686=AXIS2_PLACEMENT_3D('',#13683,#13684,#13685);
#13687=CYLINDRICAL_SURFACE('',#13686,1.515E-1);
#13688=ORIENTED_EDGE('',*,*,#11816,.F.);
#13690=ORIENTED_EDGE('',*,*,#13689,.T.);
#13692=ORIENTED_EDGE('',*,*,#13691,.T.);
#13693=ORIENTED_EDGE('',*,*,#13660,.T.);
#13694=EDGE_LOOP('',(#13688,#13690,#13692,#13693));
#13695=FACE_OUTER_BOUND('',#13694,.F.);
#13697=CARTESIAN_POINT('',(-3.26E-1,-2.5E-2,1.45E0));
#13698=DIRECTION('',(0.E0,0.E0,1.E0));
#13699=DIRECTION('',(1.E0,0.E0,0.E0));
#13700=AXIS2_PLACEMENT_3D('',#13697,#13698,#13699);
#13701=PLANE('',#13700);
#13702=ORIENTED_EDGE('',*,*,#11814,.F.);
#13704=ORIENTED_EDGE('',*,*,#13703,.T.);
#13706=ORIENTED_EDGE('',*,*,#13705,.T.);
#13707=ORIENTED_EDGE('',*,*,#13689,.F.);
#13708=EDGE_LOOP('',(#13702,#13704,#13706,#13707));
#13709=FACE_OUTER_BOUND('',#13708,.F.);
#13711=CARTESIAN_POINT('',(-3.26E-1,-2.5E-2,1.6015E0));
#13712=DIRECTION('',(0.E0,-1.E0,0.E0));
#13713=DIRECTION('',(1.E0,0.E0,0.E0));
#13714=AXIS2_PLACEMENT_3D('',#13711,#13712,#13713);
#13715=CYLINDRICAL_SURFACE('',#13714,1.515E-1);
#13716=ORIENTED_EDGE('',*,*,#11812,.F.);
#13717=ORIENTED_EDGE('',*,*,#13678,.F.);
#13719=ORIENTED_EDGE('',*,*,#13718,.T.);
#13720=ORIENTED_EDGE('',*,*,#13703,.F.);
#13721=EDGE_LOOP('',(#13716,#13717,#13719,#13720));
#13722=FACE_OUTER_BOUND('',#13721,.F.);
#13724=CARTESIAN_POINT('',(0.E0,7.5E-2,0.E0));
#13725=DIRECTION('',(0.E0,-1.E0,0.E0));
#13726=DIRECTION('',(1.E0,0.E0,0.E0));
#13727=AXIS2_PLACEMENT_3D('',#13724,#13725,#13726);
#13728=PLANE('',#13727);
#13729=ORIENTED_EDGE('',*,*,#13250,.T.);
#13730=ORIENTED_EDGE('',*,*,#13648,.F.);
#13731=ORIENTED_EDGE('',*,*,#13662,.T.);
#13732=ORIENTED_EDGE('',*,*,#13691,.F.);
#13733=ORIENTED_EDGE('',*,*,#13705,.F.);
#13734=ORIENTED_EDGE('',*,*,#13718,.F.);
#13735=ORIENTED_EDGE('',*,*,#13676,.T.);
#13737=ORIENTED_EDGE('',*,*,#13736,.F.);
#13738=EDGE_LOOP('',(#13729,#13730,#13731,#13732,#13733,#13734,#13735,#13737));
#13739=FACE_OUTER_BOUND('',#13738,.F.);
#13741=CARTESIAN_POINT('',(-4.775E-1,-2.5E-2,2.1E0));
#13742=DIRECTION('',(1.E0,0.E0,0.E0));
#13743=DIRECTION('',(0.E0,0.E0,-1.E0));
#13744=AXIS2_PLACEMENT_3D('',#13741,#13742,#13743);
#13745=PLANE('',#13744);
#13746=ORIENTED_EDGE('',*,*,#11808,.F.);
#13747=ORIENTED_EDGE('',*,*,#13252,.T.);
#13748=ORIENTED_EDGE('',*,*,#13736,.T.);
#13749=ORIENTED_EDGE('',*,*,#13674,.F.);
#13750=EDGE_LOOP('',(#13746,#13747,#13748,#13749));
#13751=FACE_OUTER_BOUND('',#13750,.F.);
#13753=CARTESIAN_POINT('',(0.E0,7.5E-2,0.E0));
#13754=DIRECTION('',(0.E0,1.E0,0.E0));
#13755=DIRECTION('',(1.E0,0.E0,0.E0));
#13756=AXIS2_PLACEMENT_3D('',#13753,#13754,#13755);
#13757=PLANE('',#13756);
#13758=ORIENTED_EDGE('',*,*,#12160,.F.);
#13760=ORIENTED_EDGE('',*,*,#13759,.F.);
#13762=ORIENTED_EDGE('',*,*,#13761,.F.);
#13763=ORIENTED_EDGE('',*,*,#12244,.F.);
#13765=ORIENTED_EDGE('',*,*,#13764,.F.);
#13767=ORIENTED_EDGE('',*,*,#13766,.F.);
#13768=EDGE_LOOP('',(#13758,#13760,#13762,#13763,#13765,#13767));
#13769=FACE_OUTER_BOUND('',#13768,.F.);
#13771=CARTESIAN_POINT('',(0.E0,7.5E-2,0.E0));
#13772=DIRECTION('',(0.E0,1.E0,0.E0));
#13773=DIRECTION('',(1.E0,0.E0,0.E0));
#13774=AXIS2_PLACEMENT_3D('',#13771,#13772,#13773);
#13775=PLANE('',#13774);
#13776=ORIENTED_EDGE('',*,*,#12170,.F.);
#13778=ORIENTED_EDGE('',*,*,#13777,.F.);
#13780=ORIENTED_EDGE('',*,*,#13779,.F.);
#13781=ORIENTED_EDGE('',*,*,#13261,.F.);
#13783=ORIENTED_EDGE('',*,*,#13782,.F.);
#13785=ORIENTED_EDGE('',*,*,#13784,.F.);
#13786=EDGE_LOOP('',(#13776,#13778,#13780,#13781,#13783,#13785));
#13787=FACE_OUTER_BOUND('',#13786,.F.);
#13789=CARTESIAN_POINT('',(0.E0,7.5E-2,0.E0));
#13790=DIRECTION('',(0.E0,1.E0,0.E0));
#13791=DIRECTION('',(1.E0,0.E0,0.E0));
#13792=AXIS2_PLACEMENT_3D('',#13789,#13790,#13791);
#13793=PLANE('',#13792);
#13794=ORIENTED_EDGE('',*,*,#13271,.F.);
#13796=ORIENTED_EDGE('',*,*,#13795,.F.);
#13798=ORIENTED_EDGE('',*,*,#13797,.F.);
#13799=ORIENTED_EDGE('',*,*,#12748,.F.);
#13801=ORIENTED_EDGE('',*,*,#13800,.F.);
#13803=ORIENTED_EDGE('',*,*,#13802,.F.);
#13804=EDGE_LOOP('',(#13794,#13796,#13798,#13799,#13801,#13803));
#13805=FACE_OUTER_BOUND('',#13804,.F.);
#13807=CARTESIAN_POINT('',(0.E0,7.5E-2,0.E0));
#13808=DIRECTION('',(0.E0,1.E0,0.E0));
#13809=DIRECTION('',(1.E0,0.E0,0.E0));
#13810=AXIS2_PLACEMENT_3D('',#13807,#13808,#13809);
#13811=PLANE('',#13810);
#13812=ORIENTED_EDGE('',*,*,#12758,.F.);
#13814=ORIENTED_EDGE('',*,*,#13813,.F.);
#13816=ORIENTED_EDGE('',*,*,#13815,.F.);
#13817=ORIENTED_EDGE('',*,*,#12234,.F.);
#13819=ORIENTED_EDGE('',*,*,#13818,.F.);
#13821=ORIENTED_EDGE('',*,*,#13820,.F.);
#13822=EDGE_LOOP('',(#13812,#13814,#13816,#13817,#13819,#13821));
#13823=FACE_OUTER_BOUND('',#13822,.F.);
#13825=CARTESIAN_POINT('',(-1.875E0,7.5E-2,-1.875E0));
#13826=DIRECTION('',(0.E0,0.E0,-1.E0));
#13827=DIRECTION('',(-1.E0,0.E0,0.E0));
#13828=AXIS2_PLACEMENT_3D('',#13825,#13826,#13827);
#13829=PLANE('',#13828);
#13830=ORIENTED_EDGE('',*,*,#12166,.T.);
#13832=ORIENTED_EDGE('',*,*,#13831,.F.);
#13834=ORIENTED_EDGE('',*,*,#13833,.F.);
#13835=ORIENTED_EDGE('',*,*,#13759,.T.);
#13836=EDGE_LOOP('',(#13830,#13832,#13834,#13835));
#13837=FACE_OUTER_BOUND('',#13836,.F.);
#13839=CARTESIAN_POINT('',(0.E0,1.75E-1,0.E0));
#13840=DIRECTION('',(0.E0,1.E0,0.E0));
#13841=DIRECTION('',(1.E0,0.E0,0.E0));
#13842=AXIS2_PLACEMENT_3D('',#13839,#13840,#13841);
#13843=PLANE('',#13842);
#13844=ORIENTED_EDGE('',*,*,#12164,.T.);
#13846=ORIENTED_EDGE('',*,*,#13845,.T.);
#13848=ORIENTED_EDGE('',*,*,#13847,.T.);
#13849=ORIENTED_EDGE('',*,*,#12248,.T.);
#13851=ORIENTED_EDGE('',*,*,#13850,.T.);
#13852=ORIENTED_EDGE('',*,*,#13831,.T.);
#13853=EDGE_LOOP('',(#13844,#13846,#13848,#13849,#13851,#13852));
#13854=FACE_OUTER_BOUND('',#13853,.F.);
#13856=CARTESIAN_POINT('',(0.E0,1.75E-1,0.E0));
#13857=DIRECTION('',(0.E0,1.E0,0.E0));
#13858=DIRECTION('',(1.E0,0.E0,0.E0));
#13859=AXIS2_PLACEMENT_3D('',#13856,#13857,#13858);
#13860=PLANE('',#13859);
#13861=ORIENTED_EDGE('',*,*,#12174,.T.);
#13863=ORIENTED_EDGE('',*,*,#13862,.T.);
#13865=ORIENTED_EDGE('',*,*,#13864,.T.);
#13866=ORIENTED_EDGE('',*,*,#13265,.T.);
#13868=ORIENTED_EDGE('',*,*,#13867,.T.);
#13870=ORIENTED_EDGE('',*,*,#13869,.T.);
#13871=EDGE_LOOP('',(#13861,#13863,#13865,#13866,#13868,#13870));
#13872=FACE_OUTER_BOUND('',#13871,.F.);
#13874=CARTESIAN_POINT('',(0.E0,1.75E-1,0.E0));
#13875=DIRECTION('',(0.E0,1.E0,0.E0));
#13876=DIRECTION('',(1.E0,0.E0,0.E0));
#13877=AXIS2_PLACEMENT_3D('',#13874,#13875,#13876);
#13878=PLANE('',#13877);
#13879=ORIENTED_EDGE('',*,*,#13275,.T.);
#13881=ORIENTED_EDGE('',*,*,#13880,.T.);
#13883=ORIENTED_EDGE('',*,*,#13882,.T.);
#13884=ORIENTED_EDGE('',*,*,#12752,.T.);
#13886=ORIENTED_EDGE('',*,*,#13885,.T.);
#13888=ORIENTED_EDGE('',*,*,#13887,.T.);
#13889=EDGE_LOOP('',(#13879,#13881,#13883,#13884,#13886,#13888));
#13890=FACE_OUTER_BOUND('',#13889,.F.);
#13892=CARTESIAN_POINT('',(0.E0,1.75E-1,0.E0));
#13893=DIRECTION('',(0.E0,1.E0,0.E0));
#13894=DIRECTION('',(1.E0,0.E0,0.E0));
#13895=AXIS2_PLACEMENT_3D('',#13892,#13893,#13894);
#13896=PLANE('',#13895);
#13897=ORIENTED_EDGE('',*,*,#12762,.T.);
#13899=ORIENTED_EDGE('',*,*,#13898,.T.);
#13901=ORIENTED_EDGE('',*,*,#13900,.T.);
#13902=ORIENTED_EDGE('',*,*,#12238,.T.);
#13904=ORIENTED_EDGE('',*,*,#13903,.T.);
#13906=ORIENTED_EDGE('',*,*,#13905,.T.);
#13907=EDGE_LOOP('',(#13897,#13899,#13901,#13902,#13904,#13906));
#13908=FACE_OUTER_BOUND('',#13907,.F.);
#13910=CARTESIAN_POINT('',(-2.1E0,7.5E-2,-1.725E0));
#13911=DIRECTION('',(0.E0,0.E0,1.E0));
#13912=DIRECTION('',(1.E0,0.E0,0.E0));
#13913=AXIS2_PLACEMENT_3D('',#13910,#13911,#13912);
#13914=PLANE('',#13913);
#13915=ORIENTED_EDGE('',*,*,#12162,.F.);
#13916=ORIENTED_EDGE('',*,*,#13766,.T.);
#13918=ORIENTED_EDGE('',*,*,#13917,.T.);
#13919=ORIENTED_EDGE('',*,*,#13845,.F.);
#13920=EDGE_LOOP('',(#13915,#13916,#13918,#13919));
#13921=FACE_OUTER_BOUND('',#13920,.F.);
#13923=CARTESIAN_POINT('',(-1.725E0,7.5E-2,-1.725E0));
#13924=DIRECTION('',(1.E0,0.E0,0.E0));
#13925=DIRECTION('',(0.E0,0.E0,-1.E0));
#13926=AXIS2_PLACEMENT_3D('',#13923,#13924,#13925);
#13927=PLANE('',#13926);
#13928=ORIENTED_EDGE('',*,*,#12250,.T.);
#13929=ORIENTED_EDGE('',*,*,#13847,.F.);
#13930=ORIENTED_EDGE('',*,*,#13917,.F.);
#13931=ORIENTED_EDGE('',*,*,#13764,.T.);
#13932=EDGE_LOOP('',(#13928,#13929,#13930,#13931));
#13933=FACE_OUTER_BOUND('',#13932,.F.);
#13935=CARTESIAN_POINT('',(-1.875E0,7.5E-2,-2.1E0));
#13936=DIRECTION('',(-1.E0,0.E0,0.E0));
#13937=DIRECTION('',(0.E0,0.E0,1.E0));
#13938=AXIS2_PLACEMENT_3D('',#13935,#13936,#13937);
#13939=PLANE('',#13938);
#13940=ORIENTED_EDGE('',*,*,#12246,.F.);
#13941=ORIENTED_EDGE('',*,*,#13761,.T.);
#13942=ORIENTED_EDGE('',*,*,#13833,.T.);
#13943=ORIENTED_EDGE('',*,*,#13850,.F.);
#13944=EDGE_LOOP('',(#13940,#13941,#13942,#13943));
#13945=FACE_OUTER_BOUND('',#13944,.F.);
#13947=CARTESIAN_POINT('',(-2.1E0,7.5E-2,1.875E0));
#13948=DIRECTION('',(0.E0,0.E0,1.E0));
#13949=DIRECTION('',(1.E0,0.E0,0.E0));
#13950=AXIS2_PLACEMENT_3D('',#13947,#13948,#13949);
#13951=PLANE('',#13950);
#13952=ORIENTED_EDGE('',*,*,#12172,.F.);
#13953=ORIENTED_EDGE('',*,*,#13784,.T.);
#13955=ORIENTED_EDGE('',*,*,#13954,.T.);
#13956=ORIENTED_EDGE('',*,*,#13862,.F.);
#13957=EDGE_LOOP('',(#13952,#13953,#13955,#13956));
#13958=FACE_OUTER_BOUND('',#13957,.F.);
#13960=CARTESIAN_POINT('',(-1.875E0,7.5E-2,1.875E0));
#13961=DIRECTION('',(-1.E0,0.E0,0.E0));
#13962=DIRECTION('',(0.E0,0.E0,1.E0));
#13963=AXIS2_PLACEMENT_3D('',#13960,#13961,#13962);
#13964=PLANE('',#13963);
#13965=ORIENTED_EDGE('',*,*,#13267,.T.);
#13966=ORIENTED_EDGE('',*,*,#13864,.F.);
#13967=ORIENTED_EDGE('',*,*,#13954,.F.);
#13968=ORIENTED_EDGE('',*,*,#13782,.T.);
#13969=EDGE_LOOP('',(#13965,#13966,#13967,#13968));
#13970=FACE_OUTER_BOUND('',#13969,.F.);
#13972=CARTESIAN_POINT('',(-1.725E0,7.5E-2,2.1E0));
#13973=DIRECTION('',(1.E0,0.E0,0.E0));
#13974=DIRECTION('',(0.E0,0.E0,-1.E0));
#13975=AXIS2_PLACEMENT_3D('',#13972,#13973,#13974);
#13976=PLANE('',#13975);
#13977=ORIENTED_EDGE('',*,*,#13263,.F.);
#13978=ORIENTED_EDGE('',*,*,#13779,.T.);
#13980=ORIENTED_EDGE('',*,*,#13979,.T.);
#13981=ORIENTED_EDGE('',*,*,#13867,.F.);
#13982=EDGE_LOOP('',(#13977,#13978,#13980,#13981));
#13983=FACE_OUTER_BOUND('',#13982,.F.);
#13985=CARTESIAN_POINT('',(-1.725E0,7.5E-2,1.725E0));
#13986=DIRECTION('',(0.E0,0.E0,-1.E0));
#13987=DIRECTION('',(-1.E0,0.E0,0.E0));
#13988=AXIS2_PLACEMENT_3D('',#13985,#13986,#13987);
#13989=PLANE('',#13988);
#13990=ORIENTED_EDGE('',*,*,#12176,.T.);
#13991=ORIENTED_EDGE('',*,*,#13869,.F.);
#13992=ORIENTED_EDGE('',*,*,#13979,.F.);
#13993=ORIENTED_EDGE('',*,*,#13777,.T.);
#13994=EDGE_LOOP('',(#13990,#13991,#13992,#13993));
#13995=FACE_OUTER_BOUND('',#13994,.F.);
#13997=CARTESIAN_POINT('',(1.875E0,7.5E-2,2.1E0));
#13998=DIRECTION('',(1.E0,0.E0,0.E0));
#13999=DIRECTION('',(0.E0,0.E0,-1.E0));
#14000=AXIS2_PLACEMENT_3D('',#13997,#13998,#13999);
#14001=PLANE('',#14000);
#14002=ORIENTED_EDGE('',*,*,#13273,.F.);
#14003=ORIENTED_EDGE('',*,*,#13802,.T.);
#14005=ORIENTED_EDGE('',*,*,#14004,.T.);
#14006=ORIENTED_EDGE('',*,*,#13880,.F.);
#14007=EDGE_LOOP('',(#14002,#14003,#14005,#14006));
#14008=FACE_OUTER_BOUND('',#14007,.F.);
#14010=CARTESIAN_POINT('',(1.875E0,7.5E-2,1.875E0));
#14011=DIRECTION('',(0.E0,0.E0,1.E0));
#14012=DIRECTION('',(1.E0,0.E0,0.E0));
#14013=AXIS2_PLACEMENT_3D('',#14010,#14011,#14012);
#14014=PLANE('',#14013);
#14015=ORIENTED_EDGE('',*,*,#12754,.T.);
#14016=ORIENTED_EDGE('',*,*,#13882,.F.);
#14017=ORIENTED_EDGE('',*,*,#14004,.F.);
#14018=ORIENTED_EDGE('',*,*,#13800,.T.);
#14019=EDGE_LOOP('',(#14015,#14016,#14017,#14018));
#14020=FACE_OUTER_BOUND('',#14019,.F.);
#14022=CARTESIAN_POINT('',(2.1E0,7.5E-2,1.725E0));
#14023=DIRECTION('',(0.E0,0.E0,-1.E0));
#14024=DIRECTION('',(-1.E0,0.E0,0.E0));
#14025=AXIS2_PLACEMENT_3D('',#14022,#14023,#14024);
#14026=PLANE('',#14025);
#14027=ORIENTED_EDGE('',*,*,#12750,.F.);
#14028=ORIENTED_EDGE('',*,*,#13797,.T.);
#14030=ORIENTED_EDGE('',*,*,#14029,.T.);
#14031=ORIENTED_EDGE('',*,*,#13885,.F.);
#14032=EDGE_LOOP('',(#14027,#14028,#14030,#14031));
#14033=FACE_OUTER_BOUND('',#14032,.F.);
#14035=CARTESIAN_POINT('',(1.725E0,7.5E-2,1.725E0));
#14036=DIRECTION('',(-1.E0,0.E0,0.E0));
#14037=DIRECTION('',(0.E0,0.E0,1.E0));
#14038=AXIS2_PLACEMENT_3D('',#14035,#14036,#14037);
#14039=PLANE('',#14038);
#14040=ORIENTED_EDGE('',*,*,#13277,.T.);
#14041=ORIENTED_EDGE('',*,*,#13887,.F.);
#14042=ORIENTED_EDGE('',*,*,#14029,.F.);
#14043=ORIENTED_EDGE('',*,*,#13795,.T.);
#14044=EDGE_LOOP('',(#14040,#14041,#14042,#14043));
#14045=FACE_OUTER_BOUND('',#14044,.F.);
#14047=CARTESIAN_POINT('',(2.1E0,7.5E-2,-1.875E0));
#14048=DIRECTION('',(0.E0,0.E0,-1.E0));
#14049=DIRECTION('',(-1.E0,0.E0,0.E0));
#14050=AXIS2_PLACEMENT_3D('',#14047,#14048,#14049);
#14051=PLANE('',#14050);
#14052=ORIENTED_EDGE('',*,*,#12760,.F.);
#14053=ORIENTED_EDGE('',*,*,#13820,.T.);
#14055=ORIENTED_EDGE('',*,*,#14054,.T.);
#14056=ORIENTED_EDGE('',*,*,#13898,.F.);
#14057=EDGE_LOOP('',(#14052,#14053,#14055,#14056));
#14058=FACE_OUTER_BOUND('',#14057,.F.);
#14060=CARTESIAN_POINT('',(1.875E0,7.5E-2,-1.875E0));
#14061=DIRECTION('',(1.E0,0.E0,0.E0));
#14062=DIRECTION('',(0.E0,0.E0,-1.E0));
#14063=AXIS2_PLACEMENT_3D('',#14060,#14061,#14062);
#14064=PLANE('',#14063);
#14065=ORIENTED_EDGE('',*,*,#12240,.T.);
#14066=ORIENTED_EDGE('',*,*,#13900,.F.);
#14067=ORIENTED_EDGE('',*,*,#14054,.F.);
#14068=ORIENTED_EDGE('',*,*,#13818,.T.);
#14069=EDGE_LOOP('',(#14065,#14066,#14067,#14068));
#14070=FACE_OUTER_BOUND('',#14069,.F.);
#14072=CARTESIAN_POINT('',(1.725E0,7.5E-2,-2.1E0));
#14073=DIRECTION('',(-1.E0,0.E0,0.E0));
#14074=DIRECTION('',(0.E0,0.E0,1.E0));
#14075=AXIS2_PLACEMENT_3D('',#14072,#14073,#14074);
#14076=PLANE('',#14075);
#14077=ORIENTED_EDGE('',*,*,#12236,.F.);
#14078=ORIENTED_EDGE('',*,*,#13815,.T.);
#14080=ORIENTED_EDGE('',*,*,#14079,.T.);
#14081=ORIENTED_EDGE('',*,*,#13903,.F.);
#14082=EDGE_LOOP('',(#14077,#14078,#14080,#14081));
#14083=FACE_OUTER_BOUND('',#14082,.F.);
#14085=CARTESIAN_POINT('',(1.725E0,7.5E-2,-1.725E0));
#14086=DIRECTION('',(0.E0,0.E0,1.E0));
#14087=DIRECTION('',(1.E0,0.E0,0.E0));
#14088=AXIS2_PLACEMENT_3D('',#14085,#14086,#14087);
#14089=PLANE('',#14088);
#14090=ORIENTED_EDGE('',*,*,#12764,.T.);
#14091=ORIENTED_EDGE('',*,*,#13905,.F.);
#14092=ORIENTED_EDGE('',*,*,#14079,.F.);
#14093=ORIENTED_EDGE('',*,*,#13813,.T.);
#14094=EDGE_LOOP('',(#14090,#14091,#14092,#14093));
#14095=FACE_OUTER_BOUND('',#14094,.F.);
#14097=CARTESIAN_POINT('',(-2.1E0,-2.5E-2,1.1275E0));
#14098=DIRECTION('',(0.E0,0.E0,1.E0));
#14099=DIRECTION('',(1.E0,0.E0,0.E0));
#14100=AXIS2_PLACEMENT_3D('',#14097,#14098,#14099);
#14101=PLANE('',#14100);
#14102=ORIENTED_EDGE('',*,*,#11786,.T.);
#14104=ORIENTED_EDGE('',*,*,#14103,.T.);
#14106=ORIENTED_EDGE('',*,*,#14105,.T.);
#14107=ORIENTED_EDGE('',*,*,#12136,.F.);
#14108=EDGE_LOOP('',(#14102,#14104,#14106,#14107));
#14109=FACE_OUTER_BOUND('',#14108,.F.);
#14111=CARTESIAN_POINT('',(-1.7075625E0,-2.5E-2,9.75E-1));
#14112=DIRECTION('',(0.E0,1.E0,0.E0));
#14113=DIRECTION('',(1.E0,0.E0,0.E0));
#14114=AXIS2_PLACEMENT_3D('',#14111,#14112,#14113);
#14115=CYLINDRICAL_SURFACE('',#14114,2.575625E-1);
#14116=ORIENTED_EDGE('',*,*,#11784,.T.);
#14118=ORIENTED_EDGE('',*,*,#14117,.T.);
#14120=ORIENTED_EDGE('',*,*,#14119,.F.);
#14121=ORIENTED_EDGE('',*,*,#14103,.F.);
#14122=EDGE_LOOP('',(#14116,#14118,#14120,#14121));
#14123=FACE_OUTER_BOUND('',#14122,.F.);
#14125=CARTESIAN_POINT('',(-1.7075625E0,-2.5E-2,9.75E-1));
#14126=DIRECTION('',(0.E0,1.E0,0.E0));
#14127=DIRECTION('',(1.E0,0.E0,0.E0));
#14128=AXIS2_PLACEMENT_3D('',#14125,#14126,#14127);
#14129=CYLINDRICAL_SURFACE('',#14128,2.575625E-1);
#14130=ORIENTED_EDGE('',*,*,#11776,.T.);
#14132=ORIENTED_EDGE('',*,*,#14131,.T.);
#14134=ORIENTED_EDGE('',*,*,#14133,.F.);
#14136=ORIENTED_EDGE('',*,*,#14135,.F.);
#14137=EDGE_LOOP('',(#14130,#14132,#14134,#14136));
#14138=FACE_OUTER_BOUND('',#14137,.F.);
#14140=CARTESIAN_POINT('',(-1.6015E0,-2.5E-2,9.76E-1));
#14141=DIRECTION('',(0.E0,1.E0,0.E0));
#14142=DIRECTION('',(1.E0,0.E0,0.E0));
#14143=AXIS2_PLACEMENT_3D('',#14140,#14141,#14142);
#14144=CYLINDRICAL_SURFACE('',#14143,1.515E-1);
#14145=ORIENTED_EDGE('',*,*,#11782,.T.);
#14147=ORIENTED_EDGE('',*,*,#14146,.T.);
#14149=ORIENTED_EDGE('',*,*,#14148,.F.);
#14150=ORIENTED_EDGE('',*,*,#14117,.F.);
#14151=EDGE_LOOP('',(#14145,#14147,#14149,#14150));
#14152=FACE_OUTER_BOUND('',#14151,.F.);
#14154=CARTESIAN_POINT('',(-1.45E0,-2.5E-2,9.76E-1));
#14155=DIRECTION('',(1.E0,0.E0,0.E0));
#14156=DIRECTION('',(0.E0,0.E0,-1.E0));
#14157=AXIS2_PLACEMENT_3D('',#14154,#14155,#14156);
#14158=PLANE('',#14157);
#14159=ORIENTED_EDGE('',*,*,#11780,.T.);
#14161=ORIENTED_EDGE('',*,*,#14160,.T.);
#14163=ORIENTED_EDGE('',*,*,#14162,.F.);
#14164=ORIENTED_EDGE('',*,*,#14146,.F.);
#14165=EDGE_LOOP('',(#14159,#14161,#14163,#14164));
#14166=FACE_OUTER_BOUND('',#14165,.F.);
#14168=CARTESIAN_POINT('',(-1.6015E0,-2.5E-2,9.74E-1));
#14169=DIRECTION('',(0.E0,1.E0,0.E0));
#14170=DIRECTION('',(1.E0,0.E0,0.E0));
#14171=AXIS2_PLACEMENT_3D('',#14168,#14169,#14170);
#14172=CYLINDRICAL_SURFACE('',#14171,1.515E-1);
#14173=ORIENTED_EDGE('',*,*,#11778,.T.);
#14174=ORIENTED_EDGE('',*,*,#14135,.T.);
#14176=ORIENTED_EDGE('',*,*,#14175,.F.);
#14177=ORIENTED_EDGE('',*,*,#14160,.F.);
#14178=EDGE_LOOP('',(#14173,#14174,#14176,#14177));
#14179=FACE_OUTER_BOUND('',#14178,.F.);
#14181=CARTESIAN_POINT('',(0.E0,7.5E-2,0.E0));
#14182=DIRECTION('',(0.E0,1.E0,0.E0));
#14183=DIRECTION('',(1.E0,0.E0,0.E0));
#14184=AXIS2_PLACEMENT_3D('',#14181,#14182,#14183);
#14185=PLANE('',#14184);
#14186=ORIENTED_EDGE('',*,*,#12138,.F.);
#14187=ORIENTED_EDGE('',*,*,#14105,.F.);
#14188=ORIENTED_EDGE('',*,*,#14119,.T.);
#14189=ORIENTED_EDGE('',*,*,#14148,.T.);
#14190=ORIENTED_EDGE('',*,*,#14162,.T.);
#14191=ORIENTED_EDGE('',*,*,#14175,.T.);
#14192=ORIENTED_EDGE('',*,*,#14133,.T.);
#14194=ORIENTED_EDGE('',*,*,#14193,.F.);
#14195=EDGE_LOOP('',(#14186,#14187,#14188,#14189,#14190,#14191,#14192,#14194));
#14196=FACE_OUTER_BOUND('',#14195,.F.);
#14198=CARTESIAN_POINT('',(-1.6015E0,-2.5E-2,8.225E-1));
#14199=DIRECTION('',(0.E0,0.E0,-1.E0));
#14200=DIRECTION('',(-1.E0,0.E0,0.E0));
#14201=AXIS2_PLACEMENT_3D('',#14198,#14199,#14200);
#14202=PLANE('',#14201);
#14203=ORIENTED_EDGE('',*,*,#11774,.F.);
#14204=ORIENTED_EDGE('',*,*,#12140,.T.);
#14205=ORIENTED_EDGE('',*,*,#14193,.T.);
#14206=ORIENTED_EDGE('',*,*,#14131,.F.);
#14207=EDGE_LOOP('',(#14203,#14204,#14205,#14206));
#14208=FACE_OUTER_BOUND('',#14207,.F.);
#14210=CARTESIAN_POINT('',(-2.1E0,-2.5E-2,4.775E-1));
#14211=DIRECTION('',(0.E0,0.E0,1.E0));
#14212=DIRECTION('',(1.E0,0.E0,0.E0));
#14213=AXIS2_PLACEMENT_3D('',#14210,#14211,#14212);
#14214=PLANE('',#14213);
#14215=ORIENTED_EDGE('',*,*,#11770,.T.);
#14217=ORIENTED_EDGE('',*,*,#14216,.T.);
#14219=ORIENTED_EDGE('',*,*,#14218,.T.);
#14220=ORIENTED_EDGE('',*,*,#12143,.F.);
#14221=EDGE_LOOP('',(#14215,#14217,#14219,#14220));
#14222=FACE_OUTER_BOUND('',#14221,.F.);
#14224=CARTESIAN_POINT('',(-1.7075625E0,-2.5E-2,3.25E-1));
#14225=DIRECTION('',(0.E0,1.E0,0.E0));
#14226=DIRECTION('',(1.E0,0.E0,0.E0));
#14227=AXIS2_PLACEMENT_3D('',#14224,#14225,#14226);
#14228=CYLINDRICAL_SURFACE('',#14227,2.575625E-1);
#14229=ORIENTED_EDGE('',*,*,#11768,.T.);
#14231=ORIENTED_EDGE('',*,*,#14230,.T.);
#14233=ORIENTED_EDGE('',*,*,#14232,.F.);
#14234=ORIENTED_EDGE('',*,*,#14216,.F.);
#14235=EDGE_LOOP('',(#14229,#14231,#14233,#14234));
#14236=FACE_OUTER_BOUND('',#14235,.F.);
#14238=CARTESIAN_POINT('',(-1.7075625E0,-2.5E-2,3.25E-1));
#14239=DIRECTION('',(0.E0,1.E0,0.E0));
#14240=DIRECTION('',(1.E0,0.E0,0.E0));
#14241=AXIS2_PLACEMENT_3D('',#14238,#14239,#14240);
#14242=CYLINDRICAL_SURFACE('',#14241,2.575625E-1);
#14243=ORIENTED_EDGE('',*,*,#11760,.T.);
#14245=ORIENTED_EDGE('',*,*,#14244,.T.);
#14247=ORIENTED_EDGE('',*,*,#14246,.F.);
#14249=ORIENTED_EDGE('',*,*,#14248,.F.);
#14250=EDGE_LOOP('',(#14243,#14245,#14247,#14249));
#14251=FACE_OUTER_BOUND('',#14250,.F.);
#14253=CARTESIAN_POINT('',(-1.6015E0,-2.5E-2,3.26E-1));
#14254=DIRECTION('',(0.E0,1.E0,0.E0));
#14255=DIRECTION('',(1.E0,0.E0,0.E0));
#14256=AXIS2_PLACEMENT_3D('',#14253,#14254,#14255);
#14257=CYLINDRICAL_SURFACE('',#14256,1.515E-1);
#14258=ORIENTED_EDGE('',*,*,#11766,.T.);
#14260=ORIENTED_EDGE('',*,*,#14259,.T.);
#14262=ORIENTED_EDGE('',*,*,#14261,.F.);
#14263=ORIENTED_EDGE('',*,*,#14230,.F.);
#14264=EDGE_LOOP('',(#14258,#14260,#14262,#14263));
#14265=FACE_OUTER_BOUND('',#14264,.F.);
#14267=CARTESIAN_POINT('',(-1.45E0,-2.5E-2,3.26E-1));
#14268=DIRECTION('',(1.E0,0.E0,0.E0));
#14269=DIRECTION('',(0.E0,0.E0,-1.E0));
#14270=AXIS2_PLACEMENT_3D('',#14267,#14268,#14269);
#14271=PLANE('',#14270);
#14272=ORIENTED_EDGE('',*,*,#11764,.T.);
#14274=ORIENTED_EDGE('',*,*,#14273,.T.);
#14276=ORIENTED_EDGE('',*,*,#14275,.F.);
#14277=ORIENTED_EDGE('',*,*,#14259,.F.);
#14278=EDGE_LOOP('',(#14272,#14274,#14276,#14277));
#14279=FACE_OUTER_BOUND('',#14278,.F.);
#14281=CARTESIAN_POINT('',(-1.6015E0,-2.5E-2,3.24E-1));
#14282=DIRECTION('',(0.E0,1.E0,0.E0));
#14283=DIRECTION('',(1.E0,0.E0,0.E0));
#14284=AXIS2_PLACEMENT_3D('',#14281,#14282,#14283);
#14285=CYLINDRICAL_SURFACE('',#14284,1.515E-1);
#14286=ORIENTED_EDGE('',*,*,#11762,.T.);
#14287=ORIENTED_EDGE('',*,*,#14248,.T.);
#14289=ORIENTED_EDGE('',*,*,#14288,.F.);
#14290=ORIENTED_EDGE('',*,*,#14273,.F.);
#14291=EDGE_LOOP('',(#14286,#14287,#14289,#14290));
#14292=FACE_OUTER_BOUND('',#14291,.F.);
#14294=CARTESIAN_POINT('',(0.E0,7.5E-2,0.E0));
#14295=DIRECTION('',(0.E0,1.E0,0.E0));
#14296=DIRECTION('',(1.E0,0.E0,0.E0));
#14297=AXIS2_PLACEMENT_3D('',#14294,#14295,#14296);
#14298=PLANE('',#14297);
#14299=ORIENTED_EDGE('',*,*,#12145,.F.);
#14300=ORIENTED_EDGE('',*,*,#14218,.F.);
#14301=ORIENTED_EDGE('',*,*,#14232,.T.);
#14302=ORIENTED_EDGE('',*,*,#14261,.T.);
#14303=ORIENTED_EDGE('',*,*,#14275,.T.);
#14304=ORIENTED_EDGE('',*,*,#14288,.T.);
#14305=ORIENTED_EDGE('',*,*,#14246,.T.);
#14307=ORIENTED_EDGE('',*,*,#14306,.F.);
#14308=EDGE_LOOP('',(#14299,#14300,#14301,#14302,#14303,#14304,#14305,#14307));
#14309=FACE_OUTER_BOUND('',#14308,.F.);
#14311=CARTESIAN_POINT('',(-1.6015E0,-2.5E-2,1.725E-1));
#14312=DIRECTION('',(0.E0,0.E0,-1.E0));
#14313=DIRECTION('',(-1.E0,0.E0,0.E0));
#14314=AXIS2_PLACEMENT_3D('',#14311,#14312,#14313);
#14315=PLANE('',#14314);
#14316=ORIENTED_EDGE('',*,*,#11758,.F.);
#14317=ORIENTED_EDGE('',*,*,#12147,.T.);
#14318=ORIENTED_EDGE('',*,*,#14306,.T.);
#14319=ORIENTED_EDGE('',*,*,#14244,.F.);
#14320=EDGE_LOOP('',(#14316,#14317,#14318,#14319));
#14321=FACE_OUTER_BOUND('',#14320,.F.);
#14323=CARTESIAN_POINT('',(-2.1E0,-2.5E-2,-1.725E-1));
#14324=DIRECTION('',(0.E0,0.E0,1.E0));
#14325=DIRECTION('',(1.E0,0.E0,0.E0));
#14326=AXIS2_PLACEMENT_3D('',#14323,#14324,#14325);
#14327=PLANE('',#14326);
#14328=ORIENTED_EDGE('',*,*,#11754,.T.);
#14330=ORIENTED_EDGE('',*,*,#14329,.T.);
#14332=ORIENTED_EDGE('',*,*,#14331,.T.);
#14333=ORIENTED_EDGE('',*,*,#12150,.F.);
#14334=EDGE_LOOP('',(#14328,#14330,#14332,#14333));
#14335=FACE_OUTER_BOUND('',#14334,.F.);
#14337=CARTESIAN_POINT('',(-1.7075625E0,-2.5E-2,-3.25E-1));
#14338=DIRECTION('',(0.E0,1.E0,0.E0));
#14339=DIRECTION('',(1.E0,0.E0,0.E0));
#14340=AXIS2_PLACEMENT_3D('',#14337,#14338,#14339);
#14341=CYLINDRICAL_SURFACE('',#14340,2.575625E-1);
#14342=ORIENTED_EDGE('',*,*,#11752,.T.);
#14344=ORIENTED_EDGE('',*,*,#14343,.T.);
#14346=ORIENTED_EDGE('',*,*,#14345,.F.);
#14347=ORIENTED_EDGE('',*,*,#14329,.F.);
#14348=EDGE_LOOP('',(#14342,#14344,#14346,#14347));
#14349=FACE_OUTER_BOUND('',#14348,.F.);
#14351=CARTESIAN_POINT('',(-1.7075625E0,-2.5E-2,-3.25E-1));
#14352=DIRECTION('',(0.E0,1.E0,0.E0));
#14353=DIRECTION('',(1.E0,0.E0,0.E0));
#14354=AXIS2_PLACEMENT_3D('',#14351,#14352,#14353);
#14355=CYLINDRICAL_SURFACE('',#14354,2.575625E-1);
#14356=ORIENTED_EDGE('',*,*,#11744,.T.);
#14358=ORIENTED_EDGE('',*,*,#14357,.T.);
#14360=ORIENTED_EDGE('',*,*,#14359,.F.);
#14362=ORIENTED_EDGE('',*,*,#14361,.F.);
#14363=EDGE_LOOP('',(#14356,#14358,#14360,#14362));
#14364=FACE_OUTER_BOUND('',#14363,.F.);
#14366=CARTESIAN_POINT('',(-1.6015E0,-2.5E-2,-3.24E-1));
#14367=DIRECTION('',(0.E0,1.E0,0.E0));
#14368=DIRECTION('',(1.E0,0.E0,0.E0));
#14369=AXIS2_PLACEMENT_3D('',#14366,#14367,#14368);
#14370=CYLINDRICAL_SURFACE('',#14369,1.515E-1);
#14371=ORIENTED_EDGE('',*,*,#11750,.T.);
#14373=ORIENTED_EDGE('',*,*,#14372,.T.);
#14375=ORIENTED_EDGE('',*,*,#14374,.F.);
#14376=ORIENTED_EDGE('',*,*,#14343,.F.);
#14377=EDGE_LOOP('',(#14371,#14373,#14375,#14376));
#14378=FACE_OUTER_BOUND('',#14377,.F.);
#14380=CARTESIAN_POINT('',(-1.45E0,-2.5E-2,-3.24E-1));
#14381=DIRECTION('',(1.E0,0.E0,0.E0));
#14382=DIRECTION('',(0.E0,0.E0,-1.E0));
#14383=AXIS2_PLACEMENT_3D('',#14380,#14381,#14382);
#14384=PLANE('',#14383);
#14385=ORIENTED_EDGE('',*,*,#11748,.T.);
#14387=ORIENTED_EDGE('',*,*,#14386,.T.);
#14389=ORIENTED_EDGE('',*,*,#14388,.F.);
#14390=ORIENTED_EDGE('',*,*,#14372,.F.);
#14391=EDGE_LOOP('',(#14385,#14387,#14389,#14390));
#14392=FACE_OUTER_BOUND('',#14391,.F.);
#14394=CARTESIAN_POINT('',(-1.6015E0,-2.5E-2,-3.26E-1));
#14395=DIRECTION('',(0.E0,1.E0,0.E0));
#14396=DIRECTION('',(1.E0,0.E0,0.E0));
#14397=AXIS2_PLACEMENT_3D('',#14394,#14395,#14396);
#14398=CYLINDRICAL_SURFACE('',#14397,1.515E-1);
#14399=ORIENTED_EDGE('',*,*,#11746,.T.);
#14400=ORIENTED_EDGE('',*,*,#14361,.T.);
#14402=ORIENTED_EDGE('',*,*,#14401,.F.);
#14403=ORIENTED_EDGE('',*,*,#14386,.F.);
#14404=EDGE_LOOP('',(#14399,#14400,#14402,#14403));
#14405=FACE_OUTER_BOUND('',#14404,.F.);
#14407=CARTESIAN_POINT('',(0.E0,7.5E-2,0.E0));
#14408=DIRECTION('',(0.E0,1.E0,0.E0));
#14409=DIRECTION('',(1.E0,0.E0,0.E0));
#14410=AXIS2_PLACEMENT_3D('',#14407,#14408,#14409);
#14411=PLANE('',#14410);
#14412=ORIENTED_EDGE('',*,*,#12152,.F.);
#14413=ORIENTED_EDGE('',*,*,#14331,.F.);
#14414=ORIENTED_EDGE('',*,*,#14345,.T.);
#14415=ORIENTED_EDGE('',*,*,#14374,.T.);
#14416=ORIENTED_EDGE('',*,*,#14388,.T.);
#14417=ORIENTED_EDGE('',*,*,#14401,.T.);
#14418=ORIENTED_EDGE('',*,*,#14359,.T.);
#14420=ORIENTED_EDGE('',*,*,#14419,.F.);
#14421=EDGE_LOOP('',(#14412,#14413,#14414,#14415,#14416,#14417,#14418,#14420));
#14422=FACE_OUTER_BOUND('',#14421,.F.);
#14424=CARTESIAN_POINT('',(-1.6015E0,-2.5E-2,-4.775E-1));
#14425=DIRECTION('',(0.E0,0.E0,-1.E0));
#14426=DIRECTION('',(-1.E0,0.E0,0.E0));
#14427=AXIS2_PLACEMENT_3D('',#14424,#14425,#14426);
#14428=PLANE('',#14427);
#14429=ORIENTED_EDGE('',*,*,#11742,.F.);
#14430=ORIENTED_EDGE('',*,*,#12154,.T.);
#14431=ORIENTED_EDGE('',*,*,#14419,.T.);
#14432=ORIENTED_EDGE('',*,*,#14357,.F.);
#14433=EDGE_LOOP('',(#14429,#14430,#14431,#14432));
#14434=FACE_OUTER_BOUND('',#14433,.F.);
#14436=CARTESIAN_POINT('',(-1.05E0,-2.5E-2,-1.05E0));
#14437=DIRECTION('',(-1.E0,0.E0,0.E0));
#14438=DIRECTION('',(0.E0,0.E0,1.E0));
#14439=AXIS2_PLACEMENT_3D('',#14436,#14437,#14438);
#14440=PLANE('',#14439);
#14441=ORIENTED_EDGE('',*,*,#12004,.T.);
#14443=ORIENTED_EDGE('',*,*,#14442,.T.);
#14445=ORIENTED_EDGE('',*,*,#14444,.F.);
#14447=ORIENTED_EDGE('',*,*,#14446,.T.);
#14448=EDGE_LOOP('',(#14441,#14443,#14445,#14447));
#14449=FACE_OUTER_BOUND('',#14448,.F.);
#14451=CARTESIAN_POINT('',(-1.05E0,-2.5E-2,1.05E0));
#14452=DIRECTION('',(0.E0,0.E0,1.E0));
#14453=DIRECTION('',(1.E0,0.E0,0.E0));
#14454=AXIS2_PLACEMENT_3D('',#14451,#14452,#14453);
#14455=PLANE('',#14454);
#14456=ORIENTED_EDGE('',*,*,#12012,.T.);
#14458=ORIENTED_EDGE('',*,*,#14457,.T.);
#14460=ORIENTED_EDGE('',*,*,#14459,.F.);
#14461=ORIENTED_EDGE('',*,*,#14442,.F.);
#14462=EDGE_LOOP('',(#14456,#14458,#14460,#14461));
#14463=FACE_OUTER_BOUND('',#14462,.F.);
#14465=CARTESIAN_POINT('',(1.05E0,-2.5E-2,1.05E0));
#14466=DIRECTION('',(1.E0,0.E0,0.E0));
#14467=DIRECTION('',(0.E0,0.E0,-1.E0));
#14468=AXIS2_PLACEMENT_3D('',#14465,#14466,#14467);
#14469=PLANE('',#14468);
#14470=ORIENTED_EDGE('',*,*,#12010,.T.);
#14472=ORIENTED_EDGE('',*,*,#14471,.T.);
#14474=ORIENTED_EDGE('',*,*,#14473,.F.);
#14475=ORIENTED_EDGE('',*,*,#14457,.F.);
#14476=EDGE_LOOP('',(#14470,#14472,#14474,#14475));
#14477=FACE_OUTER_BOUND('',#14476,.F.);
#14479=CARTESIAN_POINT('',(1.05E0,-2.5E-2,-1.05E0));
#14480=DIRECTION('',(0.E0,0.E0,-1.E0));
#14481=DIRECTION('',(-1.E0,0.E0,0.E0));
#14482=AXIS2_PLACEMENT_3D('',#14479,#14480,#14481);
#14483=PLANE('',#14482);
#14484=ORIENTED_EDGE('',*,*,#12008,.T.);
#14486=ORIENTED_EDGE('',*,*,#14485,.F.);
#14488=ORIENTED_EDGE('',*,*,#14487,.F.);
#14489=ORIENTED_EDGE('',*,*,#14471,.F.);
#14490=EDGE_LOOP('',(#14484,#14486,#14488,#14489));
#14491=FACE_OUTER_BOUND('',#14490,.F.);
#14493=CARTESIAN_POINT('',(-9.E-1,2.5E-2,-9.E-1));
#14494=DIRECTION('',(-7.071067811865E-1,0.E0,-7.071067811865E-1));
#14495=DIRECTION('',(7.071067811865E-1,0.E0,-7.071067811865E-1));
#14496=AXIS2_PLACEMENT_3D('',#14493,#14494,#14495);
#14497=PLANE('',#14496);
#14498=ORIENTED_EDGE('',*,*,#12006,.F.);
#14499=ORIENTED_EDGE('',*,*,#14446,.F.);
#14501=ORIENTED_EDGE('',*,*,#14500,.F.);
#14502=ORIENTED_EDGE('',*,*,#14485,.T.);
#14503=EDGE_LOOP('',(#14498,#14499,#14501,#14502));
#14504=FACE_OUTER_BOUND('',#14503,.F.);
#14506=CARTESIAN_POINT('',(0.E0,7.5E-2,0.E0));
#14507=DIRECTION('',(0.E0,1.E0,0.E0));
#14508=DIRECTION('',(1.E0,0.E0,0.E0));
#14509=AXIS2_PLACEMENT_3D('',#14506,#14507,#14508);
#14510=PLANE('',#14509);
#14511=ORIENTED_EDGE('',*,*,#14500,.T.);
#14512=ORIENTED_EDGE('',*,*,#14444,.T.);
#14513=ORIENTED_EDGE('',*,*,#14459,.T.);
#14514=ORIENTED_EDGE('',*,*,#14473,.T.);
#14515=ORIENTED_EDGE('',*,*,#14487,.T.);
#14516=EDGE_LOOP('',(#14511,#14512,#14513,#14514,#14515));
#14517=FACE_OUTER_BOUND('',#14516,.F.);
#14519=CLOSED_SHELL('',(#12016,#12031,#12045,#12060,#12074,#12088,#12101,#12119,
#12180,#12192,#12254,#12268,#12282,#12297,#12311,#12325,#12338,#12355,#12367,
#12381,#12395,#12410,#12424,#12438,#12451,#12468,#12480,#12494,#12508,#12523,
#12537,#12551,#12564,#12581,#12593,#12607,#12621,#12636,#12650,#12664,#12677,
#12694,#12706,#12768,#12791,#12804,#12817,#12831,#12844,#12857,#12869,#12881,
#12895,#12909,#12924,#12938,#12952,#12965,#12982,#12994,#13008,#13022,#13037,
#13051,#13065,#13078,#13095,#13107,#13121,#13135,#13150,#13164,#13178,#13191,
#13208,#13220,#13281,#13295,#13317,#13330,#13343,#13356,#13369,#13382,#13394,
#13406,#13427,#13441,#13456,#13470,#13484,#13497,#13514,#13526,#13540,#13554,
#13569,#13583,#13597,#13610,#13627,#13639,#13653,#13667,#13682,#13696,#13710,
#13723,#13740,#13752,#13770,#13788,#13806,#13824,#13838,#13855,#13873,#13891,
#13909,#13922,#13934,#13946,#13959,#13971,#13984,#13996,#14009,#14021,#14034,
#14046,#14059,#14071,#14084,#14096,#14110,#14124,#14139,#14153,#14167,#14180,
#14197,#14209,#14223,#14237,#14252,#14266,#14280,#14293,#14310,#14322,#14336,
#14350,#14365,#14379,#14393,#14406,#14423,#14435,#14450,#14464,#14478,#14492,
#14505,#14518));
#14520=MANIFOLD_SOLID_BREP('',#14519);
#14521=FILL_AREA_STYLE_COLOUR('',#3);
#14522=FILL_AREA_STYLE('',(#14521));
#14523=SURFACE_STYLE_FILL_AREA(#14522);
#14524=SURFACE_SIDE_STYLE('',(#14523));
#14525=SURFACE_STYLE_USAGE(.BOTH.,#14524);
#14526=PRESENTATION_STYLE_ASSIGNMENT((#14525));
#7579=STYLED_ITEM('',(#14526),#14520);
#14529=PLANE_ANGLE_MEASURE_WITH_UNIT(PLANE_ANGLE_MEASURE(1.745329251994E-2),
#14528);
#14530=(CONVERSION_BASED_UNIT('DEGREE',#14529)NAMED_UNIT(*)PLANE_ANGLE_UNIT());
#14532=UNCERTAINTY_MEASURE_WITH_UNIT(LENGTH_MEASURE(2.592621155356E-4),#14527,
'distance_accuracy_value',
'Maximum model space distance between geometric entities at asserted connectivities');
#14534=CARTESIAN_POINT('',(0.E0,0.E0,0.E0));
#14535=DIRECTION('',(0.E0,0.E0,1.E0));
#14536=DIRECTION('',(1.E0,0.E0,0.E0));
#14539=PRODUCT_CONTEXT('',#7463,'mechanical');
#14540=PRODUCT('BODY','BODY','NOT SPECIFIED',(#14539));
#14541=PRODUCT_DEFINITION_FORMATION('39','LAST_VERSION',#14540);
#14549=DERIVED_UNIT_ELEMENT(#14548,2.E0);
#14550=DERIVED_UNIT((#14549));
#14551=MEASURE_REPRESENTATION_ITEM('surface area measure',AREA_MEASURE(
5.012251006177E1),#14550);
#14556=DERIVED_UNIT_ELEMENT(#14555,3.E0);
#14557=DERIVED_UNIT((#14556));
#14558=MEASURE_REPRESENTATION_ITEM('volume measure',VOLUME_MEASURE(
1.505316656652E1),#14557);
#14562=CARTESIAN_POINT('centre point',(-2.129950522922E-4,5.037075563285E-1,
-2.129950522923E-4));
#14567=DERIVED_UNIT_ELEMENT(#14566,2.E0);
#14568=DERIVED_UNIT((#14567));
#14569=MEASURE_REPRESENTATION_ITEM('surface area measure',AREA_MEASURE(
5.012251006177E1),#14568);
#14574=DERIVED_UNIT_ELEMENT(#14573,3.E0);
#14575=DERIVED_UNIT((#14574));
#14576=MEASURE_REPRESENTATION_ITEM('volume measure',VOLUME_MEASURE(
1.505316656652E1),#14575);
#14580=CARTESIAN_POINT('centre point',(-2.129950522922E-4,5.037075563285E-1,
-2.129950522923E-4));
#14585=DRAUGHTING_MODEL('Default',(#14597,#14598,#14614),#7512);
#14586=PRESENTATION_VIEW('Default',(#14605,#14618),#7512);
#14587=CARTESIAN_POINT('',(0.E0,0.E0,0.E0));
#14588=CARTESIAN_POINT('',(-3.295084078316E0,-2.351720032498E0,
1.201206818426E1));
#14589=DIRECTION('',(0.E0,0.E0,1.E0));
#14590=DIRECTION('',(1.E0,0.E0,0.E0));
#14591=AXIS2_PLACEMENT_3D('',#14588,#14589,#14590);
#14593=VIEW_VOLUME(.PARALLEL.,#14587,1.201206818426E1,1.201206818426E1,.T.,0.E0,
.F.,.T.,#14592);
#14594=CARTESIAN_POINT('',(1.642746263517E0,8.209895424041E0,9.517192343216E0));
#14595=DIRECTION('',(3.894183423087E-1,7.214918620107E-1,5.725406952575E-1));
#14596=DIRECTION('',(9.210609940029E-1,-3.050418666329E-1,-2.420663234065E-1));
#14597=AXIS2_PLACEMENT_3D('',#14594,#14595,#14596);
#14598=CAMERA_MODEL_D3_WITH_HLHSR('DEFAULT',#14597,#14593,.F.);
#14600=CARTESIAN_POINT('',(-5.236316165054E2,-3.737188286906E2,
1.908873501071E3));
#14601=DIRECTION('',(0.E0,0.E0,1.E0));
#14602=DIRECTION('',(1.E0,0.E0,0.E0));
#14603=AXIS2_PLACEMENT_3D('',#14600,#14601,#14602);
#14605=(CAMERA_IMAGE()CAMERA_IMAGE_3D_WITH_SCALE()GEOMETRIC_REPRESENTATION_ITEM(
)MAPPED_ITEM(#14599,#14604)REPRESENTATION_ITEM(''));
#14606=CARTESIAN_POINT('',(-3.295084078316E0,-2.351720032498E0,
1.201206818426E1));
#14607=DIRECTION('',(0.E0,0.E0,1.E0));
#14608=DIRECTION('',(1.E0,0.E0,0.E0));
#14609=AXIS2_PLACEMENT_3D('',#14606,#14607,#14608);
#14610=REPRESENTATION_MAP(#14609,#14538);
#14611=CARTESIAN_POINT('',(0.E0,0.E0));
#14612=DIRECTION('',(1.E0,0.E0));
#14613=AXIS2_PLACEMENT_2D('',#14611,#14612);
#14614=MAPPED_ITEM('',#14610,#14613);
#14615=CARTESIAN_POINT('',(-3.295084078316E0,-2.351720032498E0,
1.201206818426E1));
#14616=DIRECTION('',(0.E0,0.E0,1.E0));
#14617=DIRECTION('',(1.E0,0.E0,0.E0));
#14618=AXIS2_PLACEMENT_3D('',#14615,#14616,#14617);
#14619=REPRESENTATION_MAP(#14618,#14586);
#14620=CARTESIAN_POINT('',(0.E0,0.E0));
#14621=DIRECTION('',(1.E0,0.E0));
#14622=AXIS2_PLACEMENT_2D('',#14620,#14621);
#14623=MAPPED_ITEM('',#14619,#14622);
#14625=CARTESIAN_POINT('',(0.E0,0.E0));
#14626=DIRECTION('',(1.E0,0.E0));
#14627=AXIS2_PLACEMENT_2D('',#14625,#14626);
#14628=PLANAR_BOX('',1.E3,8.4375E2,#14627);
#14629=PRESENTATION_SIZE(#14624,#14628);
#14630=PRESENTATION_SET();
#14631=AREA_IN_SET(#14624,#14630);
#14632=APPLIED_PRESENTED_ITEM((#14542));
#14633=PRESENTED_ITEM_REPRESENTATION(#14630,#14632);
#14636=CARTESIAN_POINT('centre point',(-2.129950522922E-4,2.129950522923E-4,
5.287075563285E-1));
#14640=CARTESIAN_POINT('',(0.E0,0.E0,2.5E-2));
#14641=DIRECTION('',(0.E0,-1.E0,0.E0));
#14642=DIRECTION('',(1.E0,0.E0,0.E0));
#14643=AXIS2_PLACEMENT_3D('',#14640,#14641,#14642);
#14644=ITEM_DEFINED_TRANSFORMATION('','',#14537,#14643);
#14645=(REPRESENTATION_RELATIONSHIP('','',#14538,#7564)REPRESENTATION_RELATIONSHIP_WITH_TRANSFORMATION(#14644)SHAPE_REPRESENTATION_RELATIONSHIP());
#14646=CONTEXT_DEPENDENT_SHAPE_REPRESENTATION(#14645,#14635);
#14649=PLANE_ANGLE_MEASURE_WITH_UNIT(PLANE_ANGLE_MEASURE(1.745329251994E-2),
#14648);
#14650=(CONVERSION_BASED_UNIT('DEGREE',#14649)NAMED_UNIT(*)PLANE_ANGLE_UNIT());
#14652=UNCERTAINTY_MEASURE_WITH_UNIT(LENGTH_MEASURE(3.463963051073E-4),#14647,
'distance_accuracy_value',
'Maximum model space distance between geometric entities at asserted connectivities');
#14654=CARTESIAN_POINT('',(0.E0,0.E0,0.E0));
#14655=DIRECTION('',(0.E0,0.E0,1.E0));
#14656=DIRECTION('',(1.E0,0.E0,0.E0));
#14659=PRODUCT_DEFINITION_CONTEXT('part definition',#7463,'design');
#14660=PRODUCT_CONTEXT('',#7463,'mechanical');
#14661=PRODUCT('PIN1_AREA','PIN1_AREA','NOT SPECIFIED',(#14660));
#14662=PRODUCT_DEFINITION_FORMATION('13','LAST_VERSION',#14661);
#14666=DRAUGHTING_MODEL('Default',(#14678,#14679,#14695),#7512);
#14667=PRESENTATION_VIEW('Default',(#14686,#14699),#7512);
#14668=CARTESIAN_POINT('',(0.E0,0.E0,0.E0));
#14669=CARTESIAN_POINT('',(-2.796433334948E0,-1.003261963420E0,
6.086244192709E0));
#14670=DIRECTION('',(0.E0,0.E0,1.E0));
#14671=DIRECTION('',(1.E0,0.E0,0.E0));
#14672=AXIS2_PLACEMENT_3D('',#14669,#14670,#14671);
#14674=VIEW_VOLUME(.PARALLEL.,#14668,6.086244192709E0,6.086244192709E0,.T.,0.E0,
.F.,.T.,#14673);
#14675=CARTESIAN_POINT('',(-2.055905427399E-1,4.620567262408E0,
4.947426910995E0));
#14676=DIRECTION('',(3.894183423087E-1,7.214918620107E-1,5.725406952575E-1));
#14677=DIRECTION('',(9.210609940029E-1,-3.050418666329E-1,-2.420663234065E-1));
#14678=AXIS2_PLACEMENT_3D('',#14675,#14676,#14677);
#14679=CAMERA_MODEL_D3_WITH_HLHSR('DEFAULT',#14678,#14674,.F.);
#14681=CARTESIAN_POINT('',(-6.603339643380E2,-2.369046103460E2,
1.437171308708E3));
#14682=DIRECTION('',(0.E0,0.E0,1.E0));
#14683=DIRECTION('',(1.E0,0.E0,0.E0));
#14684=AXIS2_PLACEMENT_3D('',#14681,#14682,#14683);
#14686=(CAMERA_IMAGE()CAMERA_IMAGE_3D_WITH_SCALE()GEOMETRIC_REPRESENTATION_ITEM(
)MAPPED_ITEM(#14680,#14685)REPRESENTATION_ITEM(''));
#14687=CARTESIAN_POINT('',(-2.796433334948E0,-1.003261963420E0,
6.086244192709E0));
#14688=DIRECTION('',(0.E0,0.E0,1.E0));
#14689=DIRECTION('',(1.E0,0.E0,0.E0));
#14690=AXIS2_PLACEMENT_3D('',#14687,#14688,#14689);
#14691=REPRESENTATION_MAP(#14690,#14658);
#14692=CARTESIAN_POINT('',(0.E0,0.E0));
#14693=DIRECTION('',(1.E0,0.E0));
#14694=AXIS2_PLACEMENT_2D('',#14692,#14693);
#14695=MAPPED_ITEM('',#14691,#14694);
#14696=CARTESIAN_POINT('',(-2.796433334948E0,-1.003261963420E0,
6.086244192709E0));
#14697=DIRECTION('',(0.E0,0.E0,1.E0));
#14698=DIRECTION('',(1.E0,0.E0,0.E0));
#14699=AXIS2_PLACEMENT_3D('',#14696,#14697,#14698);
#14700=REPRESENTATION_MAP(#14699,#14667);
#14701=CARTESIAN_POINT('',(0.E0,0.E0));
#14702=DIRECTION('',(1.E0,0.E0));
#14703=AXIS2_PLACEMENT_2D('',#14701,#14702);
#14704=MAPPED_ITEM('',#14700,#14703);
#14706=CARTESIAN_POINT('',(0.E0,0.E0));
#14707=DIRECTION('',(1.E0,0.E0));
#14708=AXIS2_PLACEMENT_2D('',#14706,#14707);
#14709=PLANAR_BOX('',1.E3,8.4375E2,#14708);
#14710=PRESENTATION_SIZE(#14705,#14709);
#14711=PRESENTATION_SET();
#14712=AREA_IN_SET(#14705,#14711);
#14713=APPLIED_PRESENTED_ITEM((#14663));
#14714=PRESENTED_ITEM_REPRESENTATION(#14711,#14713);
#14717=CARTESIAN_POINT('',(0.E0,0.E0,1.E0));
#14718=DIRECTION('',(0.E0,-1.E0,0.E0));
#14719=DIRECTION('',(1.E0,0.E0,0.E0));
#14720=AXIS2_PLACEMENT_3D('',#14717,#14718,#14719);
#14721=ITEM_DEFINED_TRANSFORMATION('','',#14657,#14720);
#14722=(REPRESENTATION_RELATIONSHIP('','',#14658,#7564)REPRESENTATION_RELATIONSHIP_WITH_TRANSFORMATION(#14721)SHAPE_REPRESENTATION_RELATIONSHIP());
#14723=CONTEXT_DEPENDENT_SHAPE_REPRESENTATION(#14722,#14716);
#14726=PLANE_ANGLE_MEASURE_WITH_UNIT(PLANE_ANGLE_MEASURE(1.745329251994E-2),
#14725);
#14727=(CONVERSION_BASED_UNIT('DEGREE',#14726)NAMED_UNIT(*)PLANE_ANGLE_UNIT());
#14729=UNCERTAINTY_MEASURE_WITH_UNIT(LENGTH_MEASURE(2.4999E-4),#14724,
'distance_accuracy_value',
'Maximum model space distance between geometric entities at asserted connectivities');
#14731=CARTESIAN_POINT('',(0.E0,0.E0,0.E0));
#14732=DIRECTION('',(0.E0,0.E0,1.E0));
#14733=DIRECTION('',(1.E0,0.E0,0.E0));
#14735=MECHANICAL_DESIGN_GEOMETRIC_PRESENTATION_REPRESENTATION('',(#39,#47,#54,
#62,#70,#77,#84,#91,#98,#105,#112,#120,#128,#135,#143,#151,#158,#165,#172,#179,
#186,#193,#200,#207,#379,#30,#420,#428,#435,#443,#451,#458,#465,#472,#479,#486,
#493,#501,#509,#516,#524,#532,#539,#546,#553,#560,#567,#574,#581,#588,#755,#412,
#796,#804,#811,#819,#827,#834,#841,#848,#855,#862,#869,#877,#885,#892,#900,#908,
#915,#922,#929,#936,#943,#950,#957,#964,#1131,#788,#1172,#1180,#1187,#1195,
#1203,#1210,#1217,#1224,#1231,#1238,#1245,#1253,#1261,#1268,#1276,#1284,#1291,
#1298,#1305,#1312,#1319,#1326,#1333,#1340,#1507,#1164,#1548,#1556,#1563,#1571,
#1579,#1586,#1593,#1600,#1607,#1614,#1621,#1629,#1637,#1644,#1652,#1660,#1667,
#1674,#1681,#1688,#1695,#1702,#1709,#1716,#1882,#1540,#1924,#1932,#1939,#1947,
#1955,#1962,#1969,#1976,#1983,#1990,#1997,#2005,#2013,#2020,#2028,#2036,#2043,
#2050,#2057,#2064,#2071,#2078,#2085,#2092,#2258,#1916,#2300,#2308,#2315,#2323,
#2331,#2338,#2345,#2352,#2359,#2366,#2373,#2381,#2389,#2396,#2404,#2412,#2419,
#2426,#2433,#2440,#2447,#2454,#2461,#2468,#2634,#2292,#2676,#2684,#2691,#2699,
#2707,#2714,#2721,#2728,#2735,#2742,#2749,#2757,#2765,#2772,#2780,#2788,#2795,
#2802,#2809,#2816,#2823,#2830,#2837,#2844,#3010,#2668,#3052,#3060,#3067,#3075,
#3083,#3090,#3097,#3104,#3111,#3118,#3125,#3132,#3140,#3148,#3155,#3163,#3171,
#3178,#3185,#3192,#3199,#3206,#3213,#3220,#3386,#3044,#3428,#3436,#3443,#3451,
#3459,#3466,#3473,#3480,#3487,#3494,#3501,#3508,#3516,#3524,#3531,#3539,#3547,
#3554,#3561,#3568,#3575,#3582,#3589,#3596,#3762,#3420,#3804,#3812,#3819,#3827,
#3835,#3842,#3849,#3856,#3863,#3870,#3877,#3884,#3892,#3900,#3907,#3915,#3923,
#3930,#3937,#3944,#3951,#3958,#3965,#3972,#4138,#3796,#4180,#4188,#4195,#4203,
#4211,#4218,#4225,#4232,#4239,#4246,#4253,#4260,#4268,#4276,#4283,#4291,#4299,
#4306,#4313,#4320,#4327,#4334,#4341,#4348,#4514,#4172,#4556,#4564,#4571,#4579,
#4587,#4594,#4601,#4608,#4615,#4622,#4629,#4637,#4645,#4652,#4660,#4668,#4675,
#4682,#4689,#4696,#4703,#4710,#4717,#4724,#4890,#4548,#4932,#4940,#4947,#4955,
#4963,#4970,#4977,#4984,#4991,#4998,#5005,#5013,#5021,#5028,#5036,#5044,#5051,
#5058,#5065,#5072,#5079,#5086,#5093,#5100,#5266,#4924,#5308,#5316,#5323,#5331,
#5339,#5346,#5353,#5360,#5367,#5374,#5381,#5389,#5397,#5404,#5412,#5420,#5427,
#5434,#5441,#5448,#5455,#5462,#5469,#5476,#5642,#5300,#5684,#5692,#5699,#5707,
#5715,#5722,#5729,#5736,#5743,#5750,#5757,#5765,#5773,#5780,#5788,#5796,#5803,
#5810,#5817,#5824,#5831,#5838,#5845,#5852,#6018,#5676,#6059,#6066,#6073,#6080,
#6087,#6094,#6101,#6108,#6115,#6122,#6129,#6136,#6143,#6150,#6157,#6052,#6294,
#6301,#6308,#6315,#6322,#6329,#6336,#6343,#6350,#6357,#6364,#6371,#6378,#6385,
#6392,#6399,#6406,#6413,#6479,#6528,#6287,#6585,#6592,#6599,#6606,#6613,#6620,
#6627,#6634,#6641,#6648,#6655,#6662,#6669,#6676,#6683,#6690,#6697,#6704,#6770,
#6819,#6578,#6876,#6883,#6890,#6897,#6904,#6911,#6918,#6925,#6932,#6939,#6946,
#6953,#6960,#6967,#6974,#6981,#6988,#6995,#7061,#7110,#6869,#7167,#7174,#7181,
#7188,#7195,#7202,#7209,#7216,#7223,#7230,#7237,#7244,#7251,#7258,#7265,#7272,
#7279,#7286,#7352,#7401,#7160,#7586,#7593,#7600,#7608,#7616,#7623,#7631,#7639,
#7646,#7653,#7660,#7668,#7676,#7683,#7691,#7699,#7706,#7713,#7720,#7728,#7736,
#7743,#7751,#7759,#7766,#7773,#7780,#7787,#7795,#7803,#7810,#7818,#7826,#7833,
#7840,#7847,#7855,#7863,#7870,#7878,#7886,#7893,#7900,#7907,#7915,#7923,#7930,
#7938,#7946,#7953,#7960,#7967,#7975,#7983,#7990,#7998,#8006,#8013,#8020,#8027,
#8034,#8042,#8050,#8057,#8065,#8073,#8080,#8087,#8094,#8102,#8110,#8117,#8125,
#8133,#8140,#8147,#8154,#8162,#8170,#8177,#8185,#8193,#8200,#8207,#8214,#8222,
#8230,#8237,#8245,#8253,#8260,#8267,#8274,#8281,#8289,#8297,#8304,#8312,#8320,
#8327,#8334,#8341,#8349,#8357,#8364,#8372,#8380,#8387,#8394,#8401,#8409,#8417,
#8424,#8432,#8440,#8447,#8454,#8461,#8469,#8477,#8484,#8492,#8500,#8507,#8514,
#8521,#8528,#8536,#8544,#8551,#8559,#8567,#8574,#8581,#8588,#8595,#8602,#8609,
#8616,#8623,#8630,#8637,#8644,#8652,#8660,#8667,#8675,#8683,#8690,#8697,#8704,
#8711,#8718,#8725,#8732,#8739,#8746,#8753,#8760,#8767,#8774,#8781,#8788,#8795,
#8802,#8809,#8816,#8823,#8830,#8837,#8844,#8851,#8858,#8865,#8872,#8879,#8886,
#8893,#8900,#8907,#8914,#8921,#8928,#8935,#8942,#8949,#8956,#8963,#8970,#8977,
#8984,#8991,#8998,#9005,#9012,#9019,#9026,#9033,#9041,#9049,#9056,#9064,#9072,
#9079,#9086,#9093,#9100,#9107,#9114,#9121,#9128,#9136,#9144,#9151,#9159,#9167,
#9174,#9181,#9188,#9195,#9202,#9209,#9216,#9223,#9231,#9239,#9246,#9254,#9262,
#9269,#9276,#9283,#9290,#9297,#9304,#9311,#9318,#9326,#9334,#9341,#9349,#9357,
#9364,#9371,#9378,#9385,#9392,#9399,#9406,#9413,#9420,#9427,#9434,#9441,#9448,
#9455,#9462,#9469,#9476,#9483,#9490,#9497,#9504,#9511,#9518,#9525,#9533,#9541,
#9548,#9556,#9564,#9571,#9578,#9585,#9592,#9599,#9606,#9613,#9620,#9627,#9634,
#9641,#9648,#9655,#9663,#9671,#9678,#9686,#9694,#9701,#9708,#9715,#9722,#9729,
#9736,#9743,#9750,#9758,#9766,#9773,#9781,#9789,#9796,#9803,#9810,#9817,#9824,
#9831,#9838,#9845,#9853,#9861,#9868,#9876,#9884,#9891,#9898,#9905,#9912,#9919,
#9926,#9933,#9940,#9947,#9954,#9961,#9968,#9975,#9982,#9989,#9996,#10003,#10010,
#10017,#10024,#10031,#10038,#10045,#10052,#10059,#10067,#10075,#10082,#10090,
#10098,#10105,#10112,#10119,#10126,#10133,#10140,#10147,#10154,#10161,#10168,
#10175,#10182,#10189,#10196,#10203,#10210,#10218,#10226,#10233,#10241,#10249,
#10256,#10263,#10270,#10277,#10284,#10291,#10298,#10305,#10313,#10321,#10328,
#10336,#10344,#10351,#10358,#10365,#10372,#10379,#10386,#10393,#10400,#10408,
#10416,#10423,#10431,#10439,#10446,#10453,#10460,#10467,#10474,#10481,#10488,
#10495,#10502,#10509,#10516,#10523,#10530,#10537,#10544,#10551,#10558,#10565,
#10572,#10579,#10586,#10593,#10600,#10607,#10614,#10621,#10628,#10635,#10642,
#10649,#10656,#10663,#10670,#10677,#10684,#10691,#10698,#10705,#10712,#10719,
#10726,#10733,#10740,#10747,#10754,#10761,#10768,#10775,#10783,#10791,#10798,
#10806,#10814,#10821,#10828,#10835,#10842,#10849,#10856,#10863,#10870,#10878,
#10886,#10893,#10901,#10909,#10916,#10923,#10930,#10937,#10944,#10951,#10958,
#10965,#10973,#10981,#10988,#10996,#11004,#11011,#11018,#11025,#11032,#11039,
#11046,#11053,#11060,#11067,#11074,#11081,#11088,#13413,#7579),#14730);
#14736=PRODUCT_CONTEXT('',#7463,'mechanical');
#14737=PRODUCT('RGV0016D_ASM','RGV0016D_ASM','NOT SPECIFIED',(#14736));
#14738=PRODUCT_DEFINITION_FORMATION('93','LAST_VERSION',#14737);
#14741=DERIVED_UNIT_ELEMENT(#14740,2.E0);
#14742=DERIVED_UNIT((#14741));
#14743=MEASURE_REPRESENTATION_ITEM('surface area measure',AREA_MEASURE(
6.841741503247E1),#14742);
#14748=DERIVED_UNIT_ELEMENT(#14747,3.E0);
#14749=DERIVED_UNIT((#14748));
#14750=MEASURE_REPRESENTATION_ITEM('volume measure',VOLUME_MEASURE(
1.577427781116E1),#14749);
#14754=CARTESIAN_POINT('centre point',(6.775270556260E-5,-6.775270556248E-5,
5.069758862092E-1));
#14758=PRODUCT_RELATED_PRODUCT_CATEGORY('part','',(#14737,#7467,#14540,#14661));
#14759=DRAUGHTING_MODEL('Default',(#14771,#14772,#14788),#7512);
#14760=PRESENTATION_VIEW('Default',(#14779,#14792),#7512);
#14761=CARTESIAN_POINT('',(0.E0,0.E0,0.E0));
#14762=CARTESIAN_POINT('',(-3.649218837849E0,-2.200039351193E0,
1.292162300885E1));
#14763=DIRECTION('',(0.E0,0.E0,1.E0));
#14764=DIRECTION('',(1.E0,0.E0,0.E0));
#14765=AXIS2_PLACEMENT_3D('',#14762,#14763,#14764);
#14767=VIEW_VOLUME(.PARALLEL.,#14761,1.292162300885E1,1.292162300885E1,.T.,0.E0,
.F.,.T.,#14766);
#14768=CARTESIAN_POINT('',(1.670763881919E0,9.068443979613E0,1.000485803475E1));
#14769=DIRECTION('',(3.894183423087E-1,7.214918620107E-1,5.725406952575E-1));
#14770=DIRECTION('',(9.210609940029E-1,-3.050418666329E-1,-2.420663234065E-1));
#14771=AXIS2_PLACEMENT_3D('',#14768,#14769,#14770);
#14772=CAMERA_MODEL_D3_WITH_HLHSR('DEFAULT',#14771,#14767,.F.);
#14774=CARTESIAN_POINT('',(-5.456079132861E2,-3.289358443242E2,
1.931958613444E3));
#14775=DIRECTION('',(0.E0,0.E0,1.E0));
#14776=DIRECTION('',(1.E0,0.E0,0.E0));
#14777=AXIS2_PLACEMENT_3D('',#14774,#14775,#14776);
#14779=(CAMERA_IMAGE()CAMERA_IMAGE_3D_WITH_SCALE()GEOMETRIC_REPRESENTATION_ITEM(
)MAPPED_ITEM(#14773,#14778)REPRESENTATION_ITEM(''));
#14780=CARTESIAN_POINT('',(-3.649218837849E0,-2.200039351193E0,
1.292162300885E1));
#14781=DIRECTION('',(0.E0,0.E0,1.E0));
#14782=DIRECTION('',(1.E0,0.E0,0.E0));
#14783=AXIS2_PLACEMENT_3D('',#14780,#14781,#14782);
#14784=REPRESENTATION_MAP(#14783,#7564);
#14785=CARTESIAN_POINT('',(0.E0,0.E0));
#14786=DIRECTION('',(1.E0,0.E0));
#14787=AXIS2_PLACEMENT_2D('',#14785,#14786);
#14788=MAPPED_ITEM('',#14784,#14787);
#14789=CARTESIAN_POINT('',(-3.649218837849E0,-2.200039351193E0,
1.292162300885E1));
#14790=DIRECTION('',(0.E0,0.E0,1.E0));
#14791=DIRECTION('',(1.E0,0.E0,0.E0));
#14792=AXIS2_PLACEMENT_3D('',#14789,#14790,#14791);
#14793=REPRESENTATION_MAP(#14792,#14760);
#14794=CARTESIAN_POINT('',(0.E0,0.E0));
#14795=DIRECTION('',(1.E0,0.E0));
#14796=AXIS2_PLACEMENT_2D('',#14794,#14795);
#14797=MAPPED_ITEM('',#14793,#14796);
#14799=CARTESIAN_POINT('',(0.E0,0.E0));
#14800=DIRECTION('',(1.E0,0.E0));
#14801=AXIS2_PLACEMENT_2D('',#14799,#14800);
#14802=PLANAR_BOX('',1.E3,8.4375E2,#14801);
#14803=PRESENTATION_SIZE(#14798,#14802);
#14804=PRESENTATION_SET();
#14805=AREA_IN_SET(#14798,#14804);
#14806=APPLIED_PRESENTED_ITEM((#14739));
#14807=PRESENTED_ITEM_REPRESENTATION(#14804,#14806);
#1=COLOUR_RGB('',0.E0,4.3E-1,1.E0);
#2=COLOUR_RGB('',0.E0,6.6E-1,0.E0);
#3=COLOUR_RGB('',9.8039E-2,9.8039E-2,9.8039E-2);
#4=COLOUR_RGB('',1.80392E-1,2.7451E-1,9.8039E-2);
#5=COLOUR_RGB('',3.E-1,1.29412E-1,2.5098E-1);
#6=COLOUR_RGB('',3.13725E-1,3.13725E-1,3.13725E-1);
#7=COLOUR_RGB('',3.2E-1,4.9E-1,1.76471E-1);
#8=COLOUR_RGB('',3.5E-1,3.5E-1,3.5E-1);
#9=COLOUR_RGB('',3.92157E-1,3.92157E-1,3.92157E-1);
#10=COLOUR_RGB('',5.7E-1,0.E0,1.E0);
#11=COLOUR_RGB('',5.9E-1,3.E-1,0.E0);
#12=COLOUR_RGB('',6.E-1,6.E-1,6.E-1);
#13=COLOUR_RGB('',6.06796E-1,3.76214E-1,3.15534E-1);
#14=COLOUR_RGB('',6.2E-1,3.3E-1,2.3E-1);
#15=COLOUR_RGB('',6.35294E-1,6.86275E-1,7.4902E-1);
#16=COLOUR_RGB('',6.66667E-1,6.66667E-1,6.66667E-1);
#17=COLOUR_RGB('',6.9E-1,0.E0,0.E0);
#18=COLOUR_RGB('',7.E-1,7.E-1,7.E-1);
#19=COLOUR_RGB('',8.23529E-1,7.05882E-1,4.31373E-1);
#20=COLOUR_RGB('',8.39216E-1,8.90196E-1,7.68627E-1);
#21=COLOUR_RGB('',8.7E-1,7.5E-1,4.9E-1);
#22=COLOUR_RGB('',8.82353E-1,8.82353E-1,8.82353E-1);
#23=COLOUR_RGB('',9.80392E-1,9.80392E-1,9.80392E-1);
#24=COLOUR_RGB('',9.9E-1,1.E0,0.E0);
#25=COLOUR_RGB('',1.E0,5.E-1,0.E0);
#26=COLOUR_RGB('',1.E0,6.19608E-1,5.17647E-1);
#27=DRAUGHTING_PRE_DEFINED_COLOUR('white');
#28=COLOUR_RGB('',8.627450980392E-1,8.627450980392E-1,8.627450980392E-1);
#29=COLOUR_RGB('',1.E0,6.2E-1,5.2E-1);
#35=CIRCLE('',#34,1.515E-1);
#44=CIRCLE('',#43,2.575625E-1);
#59=CIRCLE('',#58,2.575625E-1);
#67=CIRCLE('',#66,1.515E-1);
#117=CIRCLE('',#116,2.575625E-1);
#125=CIRCLE('',#124,1.515E-1);
#140=CIRCLE('',#139,1.515E-1);
#148=CIRCLE('',#147,2.575625E-1);
#245=EDGE_CURVE('',#211,#238,#35,.T.);
#247=EDGE_CURVE('',#238,#230,#44,.T.);
#249=EDGE_CURVE('',#219,#230,#169,.T.);
#251=EDGE_CURVE('',#218,#219,#51,.T.);
#253=EDGE_CURVE('',#226,#218,#190,.T.);
#255=EDGE_CURVE('',#226,#234,#59,.T.);
#257=EDGE_CURVE('',#234,#210,#67,.T.);
#259=EDGE_CURVE('',#210,#211,#74,.T.);
#263=ADVANCED_FACE('',(#262),#244,.F.);
#269=EDGE_CURVE('',#238,#239,#81,.T.);
#272=EDGE_CURVE('',#211,#215,#88,.T.);
#274=EDGE_CURVE('',#215,#239,#125,.T.);
#278=ADVANCED_FACE('',(#277),#268,.T.);
#284=EDGE_CURVE('',#234,#235,#102,.T.);
#287=EDGE_CURVE('',#226,#227,#95,.T.);
#289=EDGE_CURVE('',#227,#235,#148,.T.);
#293=ADVANCED_FACE('',(#292),#283,.T.);
#300=EDGE_CURVE('',#239,#231,#117,.T.);
#302=EDGE_CURVE('',#230,#231,#176,.T.);
#307=ADVANCED_FACE('',(#306),#298,.T.);
#314=EDGE_CURVE('',#235,#214,#140,.T.);
#316=EDGE_CURVE('',#210,#214,#204,.T.);
#321=ADVANCED_FACE('',(#320),#312,.T.);
#327=EDGE_CURVE('',#223,#231,#109,.T.);
#331=EDGE_CURVE('',#214,#215,#132,.T.);
#335=EDGE_CURVE('',#227,#222,#155,.T.);
#337=EDGE_CURVE('',#222,#223,#162,.T.);
#341=ADVANCED_FACE('',(#340),#326,.T.);
#350=EDGE_CURVE('',#219,#223,#183,.T.);
#354=ADVANCED_FACE('',(#353),#346,.T.);
#363=EDGE_CURVE('',#218,#222,#197,.T.);
#367=ADVANCED_FACE('',(#366),#359,.F.);
#391=ADVANCED_FACE('',(#390),#384,.T.);
#403=ADVANCED_FACE('',(#402),#396,.T.);
#417=CIRCLE('',#416,1.515E-1);
#425=CIRCLE('',#424,2.575625E-1);
#440=CIRCLE('',#439,2.575625E-1);
#448=CIRCLE('',#447,1.515E-1);
#498=CIRCLE('',#497,2.575625E-1);
#506=CIRCLE('',#505,1.515E-1);
#521=CIRCLE('',#520,1.515E-1);
#529=CIRCLE('',#528,2.575625E-1);
#626=EDGE_CURVE('',#592,#619,#417,.T.);
#628=EDGE_CURVE('',#619,#611,#425,.T.);
#630=EDGE_CURVE('',#600,#611,#550,.T.);
#632=EDGE_CURVE('',#599,#600,#432,.T.);
#634=EDGE_CURVE('',#607,#599,#571,.T.);
#636=EDGE_CURVE('',#607,#615,#440,.T.);
#638=EDGE_CURVE('',#615,#591,#448,.T.);
#640=EDGE_CURVE('',#591,#592,#455,.T.);
#644=ADVANCED_FACE('',(#643),#625,.F.);
#650=EDGE_CURVE('',#619,#620,#462,.T.);
#653=EDGE_CURVE('',#592,#596,#469,.T.);
#655=EDGE_CURVE('',#596,#620,#506,.T.);
#659=ADVANCED_FACE('',(#658),#649,.T.);
#665=EDGE_CURVE('',#615,#616,#483,.T.);
#668=EDGE_CURVE('',#607,#608,#476,.T.);
#670=EDGE_CURVE('',#608,#616,#529,.T.);
#674=ADVANCED_FACE('',(#673),#664,.T.);
#681=EDGE_CURVE('',#620,#612,#498,.T.);
#683=EDGE_CURVE('',#611,#612,#557,.T.);
#688=ADVANCED_FACE('',(#687),#679,.T.);
#695=EDGE_CURVE('',#616,#595,#521,.T.);
#697=EDGE_CURVE('',#591,#595,#585,.T.);
#702=ADVANCED_FACE('',(#701),#693,.T.);
#708=EDGE_CURVE('',#604,#612,#490,.T.);
#712=EDGE_CURVE('',#595,#596,#513,.T.);
#716=EDGE_CURVE('',#608,#603,#536,.T.);
#718=EDGE_CURVE('',#603,#604,#543,.T.);
#722=ADVANCED_FACE('',(#721),#707,.T.);
#731=EDGE_CURVE('',#600,#604,#564,.T.);
#735=ADVANCED_FACE('',(#734),#727,.T.);
#744=EDGE_CURVE('',#599,#603,#578,.T.);
#748=ADVANCED_FACE('',(#747),#740,.F.);
#767=ADVANCED_FACE('',(#766),#760,.T.);
#779=ADVANCED_FACE('',(#778),#772,.T.);
#793=CIRCLE('',#792,1.515E-1);
#801=CIRCLE('',#800,2.575625E-1);
#816=CIRCLE('',#815,2.575625E-1);
#824=CIRCLE('',#823,1.515E-1);
#874=CIRCLE('',#873,2.575625E-1);
#882=CIRCLE('',#881,1.515E-1);
#897=CIRCLE('',#896,1.515E-1);
#905=CIRCLE('',#904,2.575625E-1);
#1002=EDGE_CURVE('',#968,#995,#793,.T.);
#1004=EDGE_CURVE('',#995,#987,#801,.T.);
#1006=EDGE_CURVE('',#976,#987,#926,.T.);
#1008=EDGE_CURVE('',#975,#976,#808,.T.);
#1010=EDGE_CURVE('',#983,#975,#947,.T.);
#1012=EDGE_CURVE('',#983,#991,#816,.T.);
#1014=EDGE_CURVE('',#991,#967,#824,.T.);
#1016=EDGE_CURVE('',#967,#968,#831,.T.);
#1020=ADVANCED_FACE('',(#1019),#1001,.F.);
#1026=EDGE_CURVE('',#995,#996,#838,.T.);
#1029=EDGE_CURVE('',#968,#972,#845,.T.);
#1031=EDGE_CURVE('',#972,#996,#882,.T.);
#1035=ADVANCED_FACE('',(#1034),#1025,.T.);
#1041=EDGE_CURVE('',#991,#992,#859,.T.);
#1044=EDGE_CURVE('',#983,#984,#852,.T.);
#1046=EDGE_CURVE('',#984,#992,#905,.T.);
#1050=ADVANCED_FACE('',(#1049),#1040,.T.);
#1057=EDGE_CURVE('',#996,#988,#874,.T.);
#1059=EDGE_CURVE('',#987,#988,#933,.T.);
#1064=ADVANCED_FACE('',(#1063),#1055,.T.);
#1071=EDGE_CURVE('',#992,#971,#897,.T.);
#1073=EDGE_CURVE('',#967,#971,#961,.T.);
#1078=ADVANCED_FACE('',(#1077),#1069,.T.);
#1084=EDGE_CURVE('',#980,#988,#866,.T.);
#1088=EDGE_CURVE('',#971,#972,#889,.T.);
#1092=EDGE_CURVE('',#984,#979,#912,.T.);
#1094=EDGE_CURVE('',#979,#980,#919,.T.);
#1098=ADVANCED_FACE('',(#1097),#1083,.T.);
#1107=EDGE_CURVE('',#976,#980,#940,.T.);
#1111=ADVANCED_FACE('',(#1110),#1103,.T.);
#1120=EDGE_CURVE('',#975,#979,#954,.T.);
#1124=ADVANCED_FACE('',(#1123),#1116,.F.);
#1143=ADVANCED_FACE('',(#1142),#1136,.T.);
#1155=ADVANCED_FACE('',(#1154),#1148,.T.);
#1169=CIRCLE('',#1168,1.515E-1);
#1177=CIRCLE('',#1176,2.575625E-1);
#1192=CIRCLE('',#1191,2.575625E-1);
#1200=CIRCLE('',#1199,1.515E-1);
#1250=CIRCLE('',#1249,2.575625E-1);
#1258=CIRCLE('',#1257,1.515E-1);
#1273=CIRCLE('',#1272,1.515E-1);
#1281=CIRCLE('',#1280,2.575625E-1);
#1378=EDGE_CURVE('',#1344,#1371,#1169,.T.);
#1380=EDGE_CURVE('',#1371,#1363,#1177,.T.);
#1382=EDGE_CURVE('',#1352,#1363,#1302,.T.);
#1384=EDGE_CURVE('',#1351,#1352,#1184,.T.);
#1386=EDGE_CURVE('',#1359,#1351,#1323,.T.);
#1388=EDGE_CURVE('',#1359,#1367,#1192,.T.);
#1390=EDGE_CURVE('',#1367,#1343,#1200,.T.);
#1392=EDGE_CURVE('',#1343,#1344,#1207,.T.);
#1396=ADVANCED_FACE('',(#1395),#1377,.F.);
#1402=EDGE_CURVE('',#1371,#1372,#1214,.T.);
#1405=EDGE_CURVE('',#1344,#1348,#1221,.T.);
#1407=EDGE_CURVE('',#1348,#1372,#1258,.T.);
#1411=ADVANCED_FACE('',(#1410),#1401,.T.);
#1417=EDGE_CURVE('',#1367,#1368,#1235,.T.);
#1420=EDGE_CURVE('',#1359,#1360,#1228,.T.);
#1422=EDGE_CURVE('',#1360,#1368,#1281,.T.);
#1426=ADVANCED_FACE('',(#1425),#1416,.T.);
#1433=EDGE_CURVE('',#1372,#1364,#1250,.T.);
#1435=EDGE_CURVE('',#1363,#1364,#1309,.T.);
#1440=ADVANCED_FACE('',(#1439),#1431,.T.);
#1447=EDGE_CURVE('',#1368,#1347,#1273,.T.);
#1449=EDGE_CURVE('',#1343,#1347,#1337,.T.);
#1454=ADVANCED_FACE('',(#1453),#1445,.T.);
#1460=EDGE_CURVE('',#1356,#1364,#1242,.T.);
#1464=EDGE_CURVE('',#1347,#1348,#1265,.T.);
#1468=EDGE_CURVE('',#1360,#1355,#1288,.T.);
#1470=EDGE_CURVE('',#1355,#1356,#1295,.T.);
#1474=ADVANCED_FACE('',(#1473),#1459,.T.);
#1483=EDGE_CURVE('',#1352,#1356,#1316,.T.);
#1487=ADVANCED_FACE('',(#1486),#1479,.T.);
#1496=EDGE_CURVE('',#1351,#1355,#1330,.T.);
#1500=ADVANCED_FACE('',(#1499),#1492,.F.);
#1519=ADVANCED_FACE('',(#1518),#1512,.T.);
#1531=ADVANCED_FACE('',(#1530),#1524,.T.);
#1545=CIRCLE('',#1544,1.515E-1);
#1553=CIRCLE('',#1552,2.575625E-1);
#1568=CIRCLE('',#1567,2.575625E-1);
#1576=CIRCLE('',#1575,1.515E-1);
#1626=CIRCLE('',#1625,2.575625E-1);
#1634=CIRCLE('',#1633,1.515E-1);
#1649=CIRCLE('',#1648,1.515E-1);
#1657=CIRCLE('',#1656,2.575625E-1);
#1754=EDGE_CURVE('',#1744,#1719,#1545,.T.);
#1756=EDGE_CURVE('',#1744,#1739,#1553,.T.);
#1758=EDGE_CURVE('',#1727,#1739,#1678,.T.);
#1760=EDGE_CURVE('',#1727,#1728,#1560,.T.);
#1762=EDGE_CURVE('',#1735,#1728,#1604,.T.);
#1764=EDGE_CURVE('',#1735,#1742,#1568,.T.);
#1766=EDGE_CURVE('',#1720,#1742,#1576,.T.);
#1768=EDGE_CURVE('',#1719,#1720,#1583,.T.);
#1772=ADVANCED_FACE('',(#1771),#1753,.T.);
#1778=EDGE_CURVE('',#1748,#1744,#1590,.T.);
#1781=EDGE_CURVE('',#1719,#1723,#1699,.T.);
#1783=EDGE_CURVE('',#1748,#1723,#1634,.T.);
#1787=ADVANCED_FACE('',(#1786),#1777,.T.);
#1794=EDGE_CURVE('',#1735,#1736,#1597,.T.);
#1796=EDGE_CURVE('',#1736,#1746,#1657,.T.);
#1798=EDGE_CURVE('',#1746,#1742,#1706,.T.);
#1802=ADVANCED_FACE('',(#1801),#1792,.T.);
#1810=EDGE_CURVE('',#1748,#1740,#1626,.T.);
#1812=EDGE_CURVE('',#1739,#1740,#1685,.T.);
#1816=ADVANCED_FACE('',(#1815),#1807,.T.);
#1822=EDGE_CURVE('',#1736,#1732,#1664,.T.);
#1826=EDGE_CURVE('',#1728,#1732,#1611,.T.);
#1830=ADVANCED_FACE('',(#1829),#1821,.F.);
#1836=EDGE_CURVE('',#1731,#1740,#1618,.T.);
#1840=EDGE_CURVE('',#1723,#1724,#1641,.T.);
#1842=EDGE_CURVE('',#1724,#1746,#1649,.T.);
#1846=EDGE_CURVE('',#1731,#1732,#1671,.T.);
#1850=ADVANCED_FACE('',(#1849),#1835,.F.);
#1859=EDGE_CURVE('',#1727,#1731,#1692,.T.);
#1863=ADVANCED_FACE('',(#1862),#1855,.F.);
#1875=ADVANCED_FACE('',(#1874),#1868,.F.);
#1889=EDGE_CURVE('',#1720,#1724,#1713,.T.);
#1895=ADVANCED_FACE('',(#1894),#1887,.F.);
#1907=ADVANCED_FACE('',(#1906),#1900,.T.);
#1921=CIRCLE('',#1920,1.515E-1);
#1929=CIRCLE('',#1928,2.575625E-1);
#1944=CIRCLE('',#1943,2.575625E-1);
#1952=CIRCLE('',#1951,1.515E-1);
#2002=CIRCLE('',#2001,2.575625E-1);
#2010=CIRCLE('',#2009,1.515E-1);
#2025=CIRCLE('',#2024,1.515E-1);
#2033=CIRCLE('',#2032,2.575625E-1);
#2130=EDGE_CURVE('',#2120,#2095,#1921,.T.);
#2132=EDGE_CURVE('',#2120,#2115,#1929,.T.);
#2134=EDGE_CURVE('',#2103,#2115,#2054,.T.);
#2136=EDGE_CURVE('',#2103,#2104,#1936,.T.);
#2138=EDGE_CURVE('',#2111,#2104,#1980,.T.);
#2140=EDGE_CURVE('',#2111,#2118,#1944,.T.);
#2142=EDGE_CURVE('',#2096,#2118,#1952,.T.);
#2144=EDGE_CURVE('',#2095,#2096,#1959,.T.);
#2148=ADVANCED_FACE('',(#2147),#2129,.T.);
#2154=EDGE_CURVE('',#2124,#2120,#1966,.T.);
#2157=EDGE_CURVE('',#2095,#2099,#2075,.T.);
#2159=EDGE_CURVE('',#2124,#2099,#2010,.T.);
#2163=ADVANCED_FACE('',(#2162),#2153,.T.);
#2170=EDGE_CURVE('',#2111,#2112,#1973,.T.);
#2172=EDGE_CURVE('',#2112,#2122,#2033,.T.);
#2174=EDGE_CURVE('',#2122,#2118,#2082,.T.);
#2178=ADVANCED_FACE('',(#2177),#2168,.T.);
#2186=EDGE_CURVE('',#2124,#2116,#2002,.T.);
#2188=EDGE_CURVE('',#2115,#2116,#2061,.T.);
#2192=ADVANCED_FACE('',(#2191),#2183,.T.);
#2198=EDGE_CURVE('',#2112,#2108,#2040,.T.);
#2202=EDGE_CURVE('',#2104,#2108,#1987,.T.);
#2206=ADVANCED_FACE('',(#2205),#2197,.F.);
#2212=EDGE_CURVE('',#2107,#2116,#1994,.T.);
#2216=EDGE_CURVE('',#2099,#2100,#2017,.T.);
#2218=EDGE_CURVE('',#2100,#2122,#2025,.T.);
#2222=EDGE_CURVE('',#2107,#2108,#2047,.T.);
#2226=ADVANCED_FACE('',(#2225),#2211,.F.);
#2235=EDGE_CURVE('',#2103,#2107,#2068,.T.);
#2239=ADVANCED_FACE('',(#2238),#2231,.F.);
#2251=ADVANCED_FACE('',(#2250),#2244,.F.);
#2265=EDGE_CURVE('',#2096,#2100,#2089,.T.);
#2271=ADVANCED_FACE('',(#2270),#2263,.F.);
#2283=ADVANCED_FACE('',(#2282),#2276,.T.);
#2297=CIRCLE('',#2296,1.515E-1);
#2305=CIRCLE('',#2304,2.575625E-1);
#2320=CIRCLE('',#2319,2.575625E-1);
#2328=CIRCLE('',#2327,1.515E-1);
#2378=CIRCLE('',#2377,2.575625E-1);
#2386=CIRCLE('',#2385,1.515E-1);
#2401=CIRCLE('',#2400,1.515E-1);
#2409=CIRCLE('',#2408,2.575625E-1);
#2506=EDGE_CURVE('',#2496,#2471,#2297,.T.);
#2508=EDGE_CURVE('',#2496,#2491,#2305,.T.);
#2510=EDGE_CURVE('',#2479,#2491,#2430,.T.);
#2512=EDGE_CURVE('',#2479,#2480,#2312,.T.);
#2514=EDGE_CURVE('',#2487,#2480,#2356,.T.);
#2516=EDGE_CURVE('',#2487,#2494,#2320,.T.);
#2518=EDGE_CURVE('',#2472,#2494,#2328,.T.);
#2520=EDGE_CURVE('',#2471,#2472,#2335,.T.);
#2524=ADVANCED_FACE('',(#2523),#2505,.T.);
#2530=EDGE_CURVE('',#2500,#2496,#2342,.T.);
#2533=EDGE_CURVE('',#2471,#2475,#2451,.T.);
#2535=EDGE_CURVE('',#2500,#2475,#2386,.T.);
#2539=ADVANCED_FACE('',(#2538),#2529,.T.);
#2546=EDGE_CURVE('',#2487,#2488,#2349,.T.);
#2548=EDGE_CURVE('',#2488,#2498,#2409,.T.);
#2550=EDGE_CURVE('',#2498,#2494,#2458,.T.);
#2554=ADVANCED_FACE('',(#2553),#2544,.T.);
#2562=EDGE_CURVE('',#2500,#2492,#2378,.T.);
#2564=EDGE_CURVE('',#2491,#2492,#2437,.T.);
#2568=ADVANCED_FACE('',(#2567),#2559,.T.);
#2574=EDGE_CURVE('',#2488,#2484,#2416,.T.);
#2578=EDGE_CURVE('',#2480,#2484,#2363,.T.);
#2582=ADVANCED_FACE('',(#2581),#2573,.F.);
#2588=EDGE_CURVE('',#2483,#2492,#2370,.T.);
#2592=EDGE_CURVE('',#2475,#2476,#2393,.T.);
#2594=EDGE_CURVE('',#2476,#2498,#2401,.T.);
#2598=EDGE_CURVE('',#2483,#2484,#2423,.T.);
#2602=ADVANCED_FACE('',(#2601),#2587,.F.);
#2611=EDGE_CURVE('',#2479,#2483,#2444,.T.);
#2615=ADVANCED_FACE('',(#2614),#2607,.F.);
#2627=ADVANCED_FACE('',(#2626),#2620,.F.);
#2641=EDGE_CURVE('',#2472,#2476,#2465,.T.);
#2647=ADVANCED_FACE('',(#2646),#2639,.F.);
#2659=ADVANCED_FACE('',(#2658),#2652,.T.);
#2673=CIRCLE('',#2672,1.515E-1);
#2681=CIRCLE('',#2680,2.575625E-1);
#2696=CIRCLE('',#2695,2.575625E-1);
#2704=CIRCLE('',#2703,1.515E-1);
#2754=CIRCLE('',#2753,2.575625E-1);
#2762=CIRCLE('',#2761,1.515E-1);
#2777=CIRCLE('',#2776,1.515E-1);
#2785=CIRCLE('',#2784,2.575625E-1);
#2882=EDGE_CURVE('',#2872,#2847,#2673,.T.);
#2884=EDGE_CURVE('',#2872,#2867,#2681,.T.);
#2886=EDGE_CURVE('',#2855,#2867,#2806,.T.);
#2888=EDGE_CURVE('',#2855,#2856,#2688,.T.);
#2890=EDGE_CURVE('',#2863,#2856,#2732,.T.);
#2892=EDGE_CURVE('',#2863,#2870,#2696,.T.);
#2894=EDGE_CURVE('',#2848,#2870,#2704,.T.);
#2896=EDGE_CURVE('',#2847,#2848,#2711,.T.);
#2900=ADVANCED_FACE('',(#2899),#2881,.T.);
#2906=EDGE_CURVE('',#2876,#2872,#2718,.T.);
#2909=EDGE_CURVE('',#2847,#2851,#2827,.T.);
#2911=EDGE_CURVE('',#2876,#2851,#2762,.T.);
#2915=ADVANCED_FACE('',(#2914),#2905,.T.);
#2922=EDGE_CURVE('',#2863,#2864,#2725,.T.);
#2924=EDGE_CURVE('',#2864,#2874,#2785,.T.);
#2926=EDGE_CURVE('',#2874,#2870,#2834,.T.);
#2930=ADVANCED_FACE('',(#2929),#2920,.T.);
#2938=EDGE_CURVE('',#2876,#2868,#2754,.T.);
#2940=EDGE_CURVE('',#2867,#2868,#2813,.T.);
#2944=ADVANCED_FACE('',(#2943),#2935,.T.);
#2950=EDGE_CURVE('',#2864,#2860,#2792,.T.);
#2954=EDGE_CURVE('',#2856,#2860,#2739,.T.);
#2958=ADVANCED_FACE('',(#2957),#2949,.F.);
#2964=EDGE_CURVE('',#2859,#2868,#2746,.T.);
#2968=EDGE_CURVE('',#2851,#2852,#2769,.T.);
#2970=EDGE_CURVE('',#2852,#2874,#2777,.T.);
#2974=EDGE_CURVE('',#2859,#2860,#2799,.T.);
#2978=ADVANCED_FACE('',(#2977),#2963,.F.);
#2987=EDGE_CURVE('',#2855,#2859,#2820,.T.);
#2991=ADVANCED_FACE('',(#2990),#2983,.F.);
#3003=ADVANCED_FACE('',(#3002),#2996,.F.);
#3017=EDGE_CURVE('',#2848,#2852,#2841,.T.);
#3023=ADVANCED_FACE('',(#3022),#3015,.F.);
#3035=ADVANCED_FACE('',(#3034),#3028,.T.);
#3049=CIRCLE('',#3048,1.515E-1);
#3057=CIRCLE('',#3056,2.575625E-1);
#3072=CIRCLE('',#3071,2.575625E-1);
#3080=CIRCLE('',#3079,1.515E-1);
#3137=CIRCLE('',#3136,2.575625E-1);
#3145=CIRCLE('',#3144,1.515E-1);
#3160=CIRCLE('',#3159,1.515E-1);
#3168=CIRCLE('',#3167,2.575625E-1);
#3258=EDGE_CURVE('',#3224,#3248,#3049,.T.);
#3260=EDGE_CURVE('',#3248,#3243,#3057,.T.);
#3262=EDGE_CURVE('',#3232,#3243,#3189,.T.);
#3264=EDGE_CURVE('',#3231,#3232,#3064,.T.);
#3266=EDGE_CURVE('',#3239,#3231,#3115,.T.);
#3268=EDGE_CURVE('',#3239,#3246,#3072,.T.);
#3270=EDGE_CURVE('',#3246,#3223,#3080,.T.);
#3272=EDGE_CURVE('',#3223,#3224,#3087,.T.);
#3276=ADVANCED_FACE('',(#3275),#3257,.F.);
#3282=EDGE_CURVE('',#3248,#3252,#3094,.T.);
#3285=EDGE_CURVE('',#3224,#3228,#3101,.T.);
#3287=EDGE_CURVE('',#3228,#3252,#3145,.T.);
#3291=ADVANCED_FACE('',(#3290),#3281,.T.);
#3298=EDGE_CURVE('',#3239,#3240,#3108,.T.);
#3300=EDGE_CURVE('',#3240,#3250,#3168,.T.);
#3302=EDGE_CURVE('',#3246,#3250,#3217,.T.);
#3306=ADVANCED_FACE('',(#3305),#3296,.T.);
#3314=EDGE_CURVE('',#3252,#3244,#3137,.T.);
#3316=EDGE_CURVE('',#3243,#3244,#3196,.T.);
#3320=ADVANCED_FACE('',(#3319),#3311,.T.);
#3326=EDGE_CURVE('',#3240,#3234,#3175,.T.);
#3330=EDGE_CURVE('',#3231,#3234,#3122,.T.);
#3334=ADVANCED_FACE('',(#3333),#3325,.T.);
#3340=EDGE_CURVE('',#3236,#3244,#3129,.T.);
#3344=EDGE_CURVE('',#3227,#3228,#3152,.T.);
#3346=EDGE_CURVE('',#3250,#3227,#3160,.T.);
#3350=EDGE_CURVE('',#3234,#3236,#3182,.T.);
#3354=ADVANCED_FACE('',(#3353),#3339,.T.);
#3363=EDGE_CURVE('',#3232,#3236,#3203,.T.);
#3367=ADVANCED_FACE('',(#3366),#3359,.T.);
#3379=ADVANCED_FACE('',(#3378),#3372,.F.);
#3393=EDGE_CURVE('',#3223,#3227,#3210,.T.);
#3399=ADVANCED_FACE('',(#3398),#3391,.T.);
#3411=ADVANCED_FACE('',(#3410),#3404,.T.);
#3425=CIRCLE('',#3424,1.515E-1);
#3433=CIRCLE('',#3432,2.575625E-1);
#3448=CIRCLE('',#3447,2.575625E-1);
#3456=CIRCLE('',#3455,1.515E-1);
#3513=CIRCLE('',#3512,2.575625E-1);
#3521=CIRCLE('',#3520,1.515E-1);
#3536=CIRCLE('',#3535,1.515E-1);
#3544=CIRCLE('',#3543,2.575625E-1);
#3634=EDGE_CURVE('',#3600,#3624,#3425,.T.);
#3636=EDGE_CURVE('',#3624,#3619,#3433,.T.);
#3638=EDGE_CURVE('',#3608,#3619,#3565,.T.);
#3640=EDGE_CURVE('',#3607,#3608,#3440,.T.);
#3642=EDGE_CURVE('',#3615,#3607,#3491,.T.);
#3644=EDGE_CURVE('',#3615,#3622,#3448,.T.);
#3646=EDGE_CURVE('',#3622,#3599,#3456,.T.);
#3648=EDGE_CURVE('',#3599,#3600,#3463,.T.);
#3652=ADVANCED_FACE('',(#3651),#3633,.F.);
#3658=EDGE_CURVE('',#3624,#3628,#3470,.T.);
#3661=EDGE_CURVE('',#3600,#3604,#3477,.T.);
#3663=EDGE_CURVE('',#3604,#3628,#3521,.T.);
#3667=ADVANCED_FACE('',(#3666),#3657,.T.);
#3674=EDGE_CURVE('',#3615,#3616,#3484,.T.);
#3676=EDGE_CURVE('',#3616,#3626,#3544,.T.);
#3678=EDGE_CURVE('',#3622,#3626,#3593,.T.);
#3682=ADVANCED_FACE('',(#3681),#3672,.T.);
#3690=EDGE_CURVE('',#3628,#3620,#3513,.T.);
#3692=EDGE_CURVE('',#3619,#3620,#3572,.T.);
#3696=ADVANCED_FACE('',(#3695),#3687,.T.);
#3702=EDGE_CURVE('',#3616,#3610,#3551,.T.);
#3706=EDGE_CURVE('',#3607,#3610,#3498,.T.);
#3710=ADVANCED_FACE('',(#3709),#3701,.T.);
#3716=EDGE_CURVE('',#3612,#3620,#3505,.T.);
#3720=EDGE_CURVE('',#3603,#3604,#3528,.T.);
#3722=EDGE_CURVE('',#3626,#3603,#3536,.T.);
#3726=EDGE_CURVE('',#3610,#3612,#3558,.T.);
#3730=ADVANCED_FACE('',(#3729),#3715,.T.);
#3739=EDGE_CURVE('',#3608,#3612,#3579,.T.);
#3743=ADVANCED_FACE('',(#3742),#3735,.T.);
#3755=ADVANCED_FACE('',(#3754),#3748,.F.);
#3769=EDGE_CURVE('',#3599,#3603,#3586,.T.);
#3775=ADVANCED_FACE('',(#3774),#3767,.T.);
#3787=ADVANCED_FACE('',(#3786),#3780,.T.);
#3801=CIRCLE('',#3800,1.515E-1);
#3809=CIRCLE('',#3808,2.575625E-1);
#3824=CIRCLE('',#3823,2.575625E-1);
#3832=CIRCLE('',#3831,1.515E-1);
#3889=CIRCLE('',#3888,2.575625E-1);
#3897=CIRCLE('',#3896,1.515E-1);
#3912=CIRCLE('',#3911,1.515E-1);
#3920=CIRCLE('',#3919,2.575625E-1);
#4010=EDGE_CURVE('',#3976,#4000,#3801,.T.);
#4012=EDGE_CURVE('',#4000,#3995,#3809,.T.);
#4014=EDGE_CURVE('',#3984,#3995,#3941,.T.);
#4016=EDGE_CURVE('',#3983,#3984,#3816,.T.);
#4018=EDGE_CURVE('',#3991,#3983,#3867,.T.);
#4020=EDGE_CURVE('',#3991,#3998,#3824,.T.);
#4022=EDGE_CURVE('',#3998,#3975,#3832,.T.);
#4024=EDGE_CURVE('',#3975,#3976,#3839,.T.);
#4028=ADVANCED_FACE('',(#4027),#4009,.F.);
#4034=EDGE_CURVE('',#4000,#4004,#3846,.T.);
#4037=EDGE_CURVE('',#3976,#3980,#3853,.T.);
#4039=EDGE_CURVE('',#3980,#4004,#3897,.T.);
#4043=ADVANCED_FACE('',(#4042),#4033,.T.);
#4050=EDGE_CURVE('',#3991,#3992,#3860,.T.);
#4052=EDGE_CURVE('',#3992,#4002,#3920,.T.);
#4054=EDGE_CURVE('',#3998,#4002,#3969,.T.);
#4058=ADVANCED_FACE('',(#4057),#4048,.T.);
#4066=EDGE_CURVE('',#4004,#3996,#3889,.T.);
#4068=EDGE_CURVE('',#3995,#3996,#3948,.T.);
#4072=ADVANCED_FACE('',(#4071),#4063,.T.);
#4078=EDGE_CURVE('',#3992,#3986,#3927,.T.);
#4082=EDGE_CURVE('',#3983,#3986,#3874,.T.);
#4086=ADVANCED_FACE('',(#4085),#4077,.T.);
#4092=EDGE_CURVE('',#3988,#3996,#3881,.T.);
#4096=EDGE_CURVE('',#3979,#3980,#3904,.T.);
#4098=EDGE_CURVE('',#4002,#3979,#3912,.T.);
#4102=EDGE_CURVE('',#3986,#3988,#3934,.T.);
#4106=ADVANCED_FACE('',(#4105),#4091,.T.);
#4115=EDGE_CURVE('',#3984,#3988,#3955,.T.);
#4119=ADVANCED_FACE('',(#4118),#4111,.T.);
#4131=ADVANCED_FACE('',(#4130),#4124,.F.);
#4145=EDGE_CURVE('',#3975,#3979,#3962,.T.);
#4151=ADVANCED_FACE('',(#4150),#4143,.T.);
#4163=ADVANCED_FACE('',(#4162),#4156,.T.);
#4177=CIRCLE('',#4176,1.515E-1);
#4185=CIRCLE('',#4184,2.575625E-1);
#4200=CIRCLE('',#4199,2.575625E-1);
#4208=CIRCLE('',#4207,1.515E-1);
#4265=CIRCLE('',#4264,2.575625E-1);
#4273=CIRCLE('',#4272,1.515E-1);
#4288=CIRCLE('',#4287,1.515E-1);
#4296=CIRCLE('',#4295,2.575625E-1);
#4386=EDGE_CURVE('',#4352,#4376,#4177,.T.);
#4388=EDGE_CURVE('',#4376,#4371,#4185,.T.);
#4390=EDGE_CURVE('',#4360,#4371,#4317,.T.);
#4392=EDGE_CURVE('',#4359,#4360,#4192,.T.);
#4394=EDGE_CURVE('',#4367,#4359,#4243,.T.);
#4396=EDGE_CURVE('',#4367,#4374,#4200,.T.);
#4398=EDGE_CURVE('',#4374,#4351,#4208,.T.);
#4400=EDGE_CURVE('',#4351,#4352,#4215,.T.);
#4404=ADVANCED_FACE('',(#4403),#4385,.F.);
#4410=EDGE_CURVE('',#4376,#4380,#4222,.T.);
#4413=EDGE_CURVE('',#4352,#4356,#4229,.T.);
#4415=EDGE_CURVE('',#4356,#4380,#4273,.T.);
#4419=ADVANCED_FACE('',(#4418),#4409,.T.);
#4426=EDGE_CURVE('',#4367,#4368,#4236,.T.);
#4428=EDGE_CURVE('',#4368,#4378,#4296,.T.);
#4430=EDGE_CURVE('',#4374,#4378,#4345,.T.);
#4434=ADVANCED_FACE('',(#4433),#4424,.T.);
#4442=EDGE_CURVE('',#4380,#4372,#4265,.T.);
#4444=EDGE_CURVE('',#4371,#4372,#4324,.T.);
#4448=ADVANCED_FACE('',(#4447),#4439,.T.);
#4454=EDGE_CURVE('',#4368,#4362,#4303,.T.);
#4458=EDGE_CURVE('',#4359,#4362,#4250,.T.);
#4462=ADVANCED_FACE('',(#4461),#4453,.T.);
#4468=EDGE_CURVE('',#4364,#4372,#4257,.T.);
#4472=EDGE_CURVE('',#4355,#4356,#4280,.T.);
#4474=EDGE_CURVE('',#4378,#4355,#4288,.T.);
#4478=EDGE_CURVE('',#4362,#4364,#4310,.T.);
#4482=ADVANCED_FACE('',(#4481),#4467,.T.);
#4491=EDGE_CURVE('',#4360,#4364,#4331,.T.);
#4495=ADVANCED_FACE('',(#4494),#4487,.T.);
#4507=ADVANCED_FACE('',(#4506),#4500,.F.);
#4521=EDGE_CURVE('',#4351,#4355,#4338,.T.);
#4527=ADVANCED_FACE('',(#4526),#4519,.T.);
#4539=ADVANCED_FACE('',(#4538),#4532,.T.);
#4553=CIRCLE('',#4552,1.515E-1);
#4561=CIRCLE('',#4560,2.575625E-1);
#4576=CIRCLE('',#4575,2.575625E-1);
#4584=CIRCLE('',#4583,1.515E-1);
#4634=CIRCLE('',#4633,2.575625E-1);
#4642=CIRCLE('',#4641,1.515E-1);
#4657=CIRCLE('',#4656,1.515E-1);
#4665=CIRCLE('',#4664,2.575625E-1);
#4762=EDGE_CURVE('',#4752,#4727,#4553,.T.);
#4764=EDGE_CURVE('',#4752,#4747,#4561,.T.);
#4766=EDGE_CURVE('',#4735,#4747,#4686,.T.);
#4768=EDGE_CURVE('',#4735,#4736,#4568,.T.);
#4770=EDGE_CURVE('',#4743,#4736,#4612,.T.);
#4772=EDGE_CURVE('',#4743,#4750,#4576,.T.);
#4774=EDGE_CURVE('',#4728,#4750,#4584,.T.);
#4776=EDGE_CURVE('',#4727,#4728,#4591,.T.);
#4780=ADVANCED_FACE('',(#4779),#4761,.T.);
#4786=EDGE_CURVE('',#4756,#4752,#4598,.T.);
#4789=EDGE_CURVE('',#4727,#4731,#4707,.T.);
#4791=EDGE_CURVE('',#4756,#4731,#4642,.T.);
#4795=ADVANCED_FACE('',(#4794),#4785,.T.);
#4802=EDGE_CURVE('',#4743,#4744,#4605,.T.);
#4804=EDGE_CURVE('',#4744,#4754,#4665,.T.);
#4806=EDGE_CURVE('',#4754,#4750,#4714,.T.);
#4810=ADVANCED_FACE('',(#4809),#4800,.T.);
#4818=EDGE_CURVE('',#4756,#4748,#4634,.T.);
#4820=EDGE_CURVE('',#4747,#4748,#4693,.T.);
#4824=ADVANCED_FACE('',(#4823),#4815,.T.);
#4830=EDGE_CURVE('',#4744,#4740,#4672,.T.);
#4834=EDGE_CURVE('',#4736,#4740,#4619,.T.);
#4838=ADVANCED_FACE('',(#4837),#4829,.F.);
#4844=EDGE_CURVE('',#4738,#4748,#4626,.T.);
#4848=EDGE_CURVE('',#4731,#4732,#4649,.T.);
#4850=EDGE_CURVE('',#4732,#4754,#4657,.T.);
#4854=EDGE_CURVE('',#4738,#4740,#4679,.T.);
#4858=ADVANCED_FACE('',(#4857),#4843,.F.);
#4867=EDGE_CURVE('',#4735,#4738,#4700,.T.);
#4871=ADVANCED_FACE('',(#4870),#4863,.F.);
#4883=ADVANCED_FACE('',(#4882),#4876,.F.);
#4897=EDGE_CURVE('',#4728,#4732,#4721,.T.);
#4903=ADVANCED_FACE('',(#4902),#4895,.F.);
#4915=ADVANCED_FACE('',(#4914),#4908,.T.);
#4929=CIRCLE('',#4928,1.515E-1);
#4937=CIRCLE('',#4936,2.575625E-1);
#4952=CIRCLE('',#4951,2.575625E-1);
#4960=CIRCLE('',#4959,1.515E-1);
#5010=CIRCLE('',#5009,2.575625E-1);
#5018=CIRCLE('',#5017,1.515E-1);
#5033=CIRCLE('',#5032,1.515E-1);
#5041=CIRCLE('',#5040,2.575625E-1);
#5138=EDGE_CURVE('',#5128,#5103,#4929,.T.);
#5140=EDGE_CURVE('',#5128,#5123,#4937,.T.);
#5142=EDGE_CURVE('',#5111,#5123,#5062,.T.);
#5144=EDGE_CURVE('',#5111,#5112,#4944,.T.);
#5146=EDGE_CURVE('',#5119,#5112,#4988,.T.);
#5148=EDGE_CURVE('',#5119,#5126,#4952,.T.);
#5150=EDGE_CURVE('',#5104,#5126,#4960,.T.);
#5152=EDGE_CURVE('',#5103,#5104,#4967,.T.);
#5156=ADVANCED_FACE('',(#5155),#5137,.T.);
#5162=EDGE_CURVE('',#5132,#5128,#4974,.T.);
#5165=EDGE_CURVE('',#5103,#5107,#5083,.T.);
#5167=EDGE_CURVE('',#5132,#5107,#5018,.T.);
#5171=ADVANCED_FACE('',(#5170),#5161,.T.);
#5178=EDGE_CURVE('',#5119,#5120,#4981,.T.);
#5180=EDGE_CURVE('',#5120,#5130,#5041,.T.);
#5182=EDGE_CURVE('',#5130,#5126,#5090,.T.);
#5186=ADVANCED_FACE('',(#5185),#5176,.T.);
#5194=EDGE_CURVE('',#5132,#5124,#5010,.T.);
#5196=EDGE_CURVE('',#5123,#5124,#5069,.T.);
#5200=ADVANCED_FACE('',(#5199),#5191,.T.);
#5206=EDGE_CURVE('',#5120,#5116,#5048,.T.);
#5210=EDGE_CURVE('',#5112,#5116,#4995,.T.);
#5214=ADVANCED_FACE('',(#5213),#5205,.F.);
#5220=EDGE_CURVE('',#5114,#5124,#5002,.T.);
#5224=EDGE_CURVE('',#5107,#5108,#5025,.T.);
#5226=EDGE_CURVE('',#5108,#5130,#5033,.T.);
#5230=EDGE_CURVE('',#5114,#5116,#5055,.T.);
#5234=ADVANCED_FACE('',(#5233),#5219,.F.);
#5243=EDGE_CURVE('',#5111,#5114,#5076,.T.);
#5247=ADVANCED_FACE('',(#5246),#5239,.F.);
#5259=ADVANCED_FACE('',(#5258),#5252,.F.);
#5273=EDGE_CURVE('',#5104,#5108,#5097,.T.);
#5279=ADVANCED_FACE('',(#5278),#5271,.F.);
#5291=ADVANCED_FACE('',(#5290),#5284,.T.);
#5305=CIRCLE('',#5304,1.515E-1);
#5313=CIRCLE('',#5312,2.575625E-1);
#5328=CIRCLE('',#5327,2.575625E-1);
#5336=CIRCLE('',#5335,1.515E-1);
#5386=CIRCLE('',#5385,2.575625E-1);
#5394=CIRCLE('',#5393,1.515E-1);
#5409=CIRCLE('',#5408,1.515E-1);
#5417=CIRCLE('',#5416,2.575625E-1);
#5514=EDGE_CURVE('',#5504,#5479,#5305,.T.);
#5516=EDGE_CURVE('',#5504,#5499,#5313,.T.);
#5518=EDGE_CURVE('',#5487,#5499,#5438,.T.);
#5520=EDGE_CURVE('',#5487,#5488,#5320,.T.);
#5522=EDGE_CURVE('',#5495,#5488,#5364,.T.);
#5524=EDGE_CURVE('',#5495,#5502,#5328,.T.);
#5526=EDGE_CURVE('',#5480,#5502,#5336,.T.);
#5528=EDGE_CURVE('',#5479,#5480,#5343,.T.);
#5532=ADVANCED_FACE('',(#5531),#5513,.T.);
#5538=EDGE_CURVE('',#5508,#5504,#5350,.T.);
#5541=EDGE_CURVE('',#5479,#5483,#5459,.T.);
#5543=EDGE_CURVE('',#5508,#5483,#5394,.T.);
#5547=ADVANCED_FACE('',(#5546),#5537,.T.);
#5554=EDGE_CURVE('',#5495,#5496,#5357,.T.);
#5556=EDGE_CURVE('',#5496,#5506,#5417,.T.);
#5558=EDGE_CURVE('',#5506,#5502,#5466,.T.);
#5562=ADVANCED_FACE('',(#5561),#5552,.T.);
#5570=EDGE_CURVE('',#5508,#5500,#5386,.T.);
#5572=EDGE_CURVE('',#5499,#5500,#5445,.T.);
#5576=ADVANCED_FACE('',(#5575),#5567,.T.);
#5582=EDGE_CURVE('',#5496,#5492,#5424,.T.);
#5586=EDGE_CURVE('',#5488,#5492,#5371,.T.);
#5590=ADVANCED_FACE('',(#5589),#5581,.F.);
#5596=EDGE_CURVE('',#5490,#5500,#5378,.T.);
#5600=EDGE_CURVE('',#5483,#5484,#5401,.T.);
#5602=EDGE_CURVE('',#5484,#5506,#5409,.T.);
#5606=EDGE_CURVE('',#5490,#5492,#5431,.T.);
#5610=ADVANCED_FACE('',(#5609),#5595,.F.);
#5619=EDGE_CURVE('',#5487,#5490,#5452,.T.);
#5623=ADVANCED_FACE('',(#5622),#5615,.F.);
#5635=ADVANCED_FACE('',(#5634),#5628,.F.);
#5649=EDGE_CURVE('',#5480,#5484,#5473,.T.);
#5655=ADVANCED_FACE('',(#5654),#5647,.F.);
#5667=ADVANCED_FACE('',(#5666),#5660,.T.);
#5681=CIRCLE('',#5680,1.515E-1);
#5689=CIRCLE('',#5688,2.575625E-1);
#5704=CIRCLE('',#5703,2.575625E-1);
#5712=CIRCLE('',#5711,1.515E-1);
#5762=CIRCLE('',#5761,2.575625E-1);
#5770=CIRCLE('',#5769,1.515E-1);
#5785=CIRCLE('',#5784,1.515E-1);
#5793=CIRCLE('',#5792,2.575625E-1);
#5890=EDGE_CURVE('',#5880,#5855,#5681,.T.);
#5892=EDGE_CURVE('',#5880,#5875,#5689,.T.);
#5894=EDGE_CURVE('',#5863,#5875,#5814,.T.);
#5896=EDGE_CURVE('',#5863,#5864,#5696,.T.);
#5898=EDGE_CURVE('',#5871,#5864,#5740,.T.);
#5900=EDGE_CURVE('',#5871,#5878,#5704,.T.);
#5902=EDGE_CURVE('',#5856,#5878,#5712,.T.);
#5904=EDGE_CURVE('',#5855,#5856,#5719,.T.);
#5908=ADVANCED_FACE('',(#5907),#5889,.T.);
#5914=EDGE_CURVE('',#5884,#5880,#5726,.T.);
#5917=EDGE_CURVE('',#5855,#5859,#5835,.T.);
#5919=EDGE_CURVE('',#5884,#5859,#5770,.T.);
#5923=ADVANCED_FACE('',(#5922),#5913,.T.);
#5930=EDGE_CURVE('',#5871,#5872,#5733,.T.);
#5932=EDGE_CURVE('',#5872,#5882,#5793,.T.);
#5934=EDGE_CURVE('',#5882,#5878,#5842,.T.);
#5938=ADVANCED_FACE('',(#5937),#5928,.T.);
#5946=EDGE_CURVE('',#5884,#5876,#5762,.T.);
#5948=EDGE_CURVE('',#5875,#5876,#5821,.T.);
#5952=ADVANCED_FACE('',(#5951),#5943,.T.);
#5958=EDGE_CURVE('',#5872,#5868,#5800,.T.);
#5962=EDGE_CURVE('',#5864,#5868,#5747,.T.);
#5966=ADVANCED_FACE('',(#5965),#5957,.F.);
#5972=EDGE_CURVE('',#5866,#5876,#5754,.T.);
#5976=EDGE_CURVE('',#5859,#5860,#5777,.T.);
#5978=EDGE_CURVE('',#5860,#5882,#5785,.T.);
#5982=EDGE_CURVE('',#5866,#5868,#5807,.T.);
#5986=ADVANCED_FACE('',(#5985),#5971,.F.);
#5995=EDGE_CURVE('',#5863,#5866,#5828,.T.);
#5999=ADVANCED_FACE('',(#5998),#5991,.F.);
#6011=ADVANCED_FACE('',(#6010),#6004,.F.);
#6025=EDGE_CURVE('',#5856,#5860,#5849,.T.);
#6031=ADVANCED_FACE('',(#6030),#6023,.F.);
#6043=ADVANCED_FACE('',(#6042),#6036,.T.);
#6183=EDGE_CURVE('',#6172,#6173,#6056,.T.);
#6185=EDGE_CURVE('',#6172,#6160,#6063,.T.);
#6187=EDGE_CURVE('',#6160,#6161,#6070,.T.);
#6189=EDGE_CURVE('',#6161,#6163,#6077,.T.);
#6191=EDGE_CURVE('',#6163,#6173,#6084,.T.);
#6195=ADVANCED_FACE('',(#6194),#6182,.F.);
#6202=EDGE_CURVE('',#6175,#6173,#6091,.T.);
#6204=EDGE_CURVE('',#6175,#6177,#6126,.T.);
#6206=EDGE_CURVE('',#6177,#6172,#6119,.T.);
#6210=ADVANCED_FACE('',(#6209),#6200,.T.);
#6218=EDGE_CURVE('',#6163,#6169,#6098,.T.);
#6220=EDGE_CURVE('',#6169,#6175,#6133,.T.);
#6224=ADVANCED_FACE('',(#6223),#6215,.T.);
#6231=EDGE_CURVE('',#6161,#6167,#6105,.T.);
#6233=EDGE_CURVE('',#6167,#6169,#6140,.T.);
#6238=ADVANCED_FACE('',(#6237),#6229,.T.);
#6245=EDGE_CURVE('',#6160,#6166,#6112,.T.);
#6247=EDGE_CURVE('',#6166,#6167,#6147,.T.);
#6252=ADVANCED_FACE('',(#6251),#6243,.T.);
#6259=EDGE_CURVE('',#6177,#6166,#6154,.T.);
#6265=ADVANCED_FACE('',(#6264),#6257,.T.);
#6278=ADVANCED_FACE('',(#6277),#6270,.T.);
#6443=EDGE_CURVE('',#6424,#6425,#6291,.T.);
#6445=EDGE_CURVE('',#6424,#6416,#6298,.T.);
#6447=EDGE_CURVE('',#6416,#6429,#6305,.T.);
#6449=EDGE_CURVE('',#6428,#6429,#6312,.T.);
#6451=EDGE_CURVE('',#6428,#6420,#6319,.T.);
#6453=EDGE_CURVE('',#6420,#6425,#6326,.T.);
#6457=ADVANCED_FACE('',(#6456),#6442,.F.);
#6464=EDGE_CURVE('',#6425,#6433,#6333,.T.);
#6466=EDGE_CURVE('',#6432,#6433,#6375,.T.);
#6468=EDGE_CURVE('',#6424,#6432,#6368,.T.);
#6472=ADVANCED_FACE('',(#6471),#6462,.F.);
#6487=EDGE_CURVE('',#6420,#6421,#6340,.T.);
#6489=EDGE_CURVE('',#6421,#6433,#6382,.T.);
#6493=ADVANCED_FACE('',(#6492),#6484,.T.);
#6499=EDGE_CURVE('',#6428,#6436,#6347,.T.);
#6501=EDGE_CURVE('',#6436,#6421,#6389,.T.);
#6507=ADVANCED_FACE('',(#6506),#6498,.T.);
#6514=EDGE_CURVE('',#6429,#6437,#6354,.T.);
#6516=EDGE_CURVE('',#6436,#6437,#6396,.T.);
#6521=ADVANCED_FACE('',(#6520),#6512,.F.);
#6536=EDGE_CURVE('',#6416,#6417,#6361,.T.);
#6538=EDGE_CURVE('',#6417,#6437,#6403,.T.);
#6542=ADVANCED_FACE('',(#6541),#6533,.T.);
#6549=EDGE_CURVE('',#6432,#6417,#6410,.T.);
#6555=ADVANCED_FACE('',(#6554),#6547,.T.);
#6569=ADVANCED_FACE('',(#6568),#6560,.T.);
#6734=EDGE_CURVE('',#6715,#6716,#6582,.T.);
#6736=EDGE_CURVE('',#6715,#6707,#6589,.T.);
#6738=EDGE_CURVE('',#6707,#6720,#6596,.T.);
#6740=EDGE_CURVE('',#6719,#6720,#6603,.T.);
#6742=EDGE_CURVE('',#6719,#6711,#6610,.T.);
#6744=EDGE_CURVE('',#6711,#6716,#6617,.T.);
#6748=ADVANCED_FACE('',(#6747),#6733,.F.);
#6755=EDGE_CURVE('',#6716,#6724,#6624,.T.);
#6757=EDGE_CURVE('',#6723,#6724,#6666,.T.);
#6759=EDGE_CURVE('',#6715,#6723,#6659,.T.);
#6763=ADVANCED_FACE('',(#6762),#6753,.F.);
#6778=EDGE_CURVE('',#6711,#6712,#6631,.T.);
#6780=EDGE_CURVE('',#6712,#6724,#6673,.T.);
#6784=ADVANCED_FACE('',(#6783),#6775,.T.);
#6790=EDGE_CURVE('',#6719,#6727,#6638,.T.);
#6792=EDGE_CURVE('',#6727,#6712,#6680,.T.);
#6798=ADVANCED_FACE('',(#6797),#6789,.T.);
#6805=EDGE_CURVE('',#6720,#6728,#6645,.T.);
#6807=EDGE_CURVE('',#6727,#6728,#6687,.T.);
#6812=ADVANCED_FACE('',(#6811),#6803,.F.);
#6827=EDGE_CURVE('',#6707,#6708,#6652,.T.);
#6829=EDGE_CURVE('',#6708,#6728,#6694,.T.);
#6833=ADVANCED_FACE('',(#6832),#6824,.T.);
#6840=EDGE_CURVE('',#6723,#6708,#6701,.T.);
#6846=ADVANCED_FACE('',(#6845),#6838,.T.);
#6860=ADVANCED_FACE('',(#6859),#6851,.T.);
#7025=EDGE_CURVE('',#7006,#7007,#6873,.T.);
#7027=EDGE_CURVE('',#7006,#6998,#6880,.T.);
#7029=EDGE_CURVE('',#6998,#7011,#6887,.T.);
#7031=EDGE_CURVE('',#7010,#7011,#6894,.T.);
#7033=EDGE_CURVE('',#7010,#7002,#6901,.T.);
#7035=EDGE_CURVE('',#7002,#7007,#6908,.T.);
#7039=ADVANCED_FACE('',(#7038),#7024,.F.);
#7046=EDGE_CURVE('',#7007,#7015,#6915,.T.);
#7048=EDGE_CURVE('',#7014,#7015,#6957,.T.);
#7050=EDGE_CURVE('',#7006,#7014,#6950,.T.);
#7054=ADVANCED_FACE('',(#7053),#7044,.F.);
#7069=EDGE_CURVE('',#7002,#7003,#6922,.T.);
#7071=EDGE_CURVE('',#7003,#7015,#6964,.T.);
#7075=ADVANCED_FACE('',(#7074),#7066,.T.);
#7081=EDGE_CURVE('',#7010,#7018,#6929,.T.);
#7083=EDGE_CURVE('',#7018,#7003,#6971,.T.);
#7089=ADVANCED_FACE('',(#7088),#7080,.T.);
#7096=EDGE_CURVE('',#7011,#7019,#6936,.T.);
#7098=EDGE_CURVE('',#7018,#7019,#6978,.T.);
#7103=ADVANCED_FACE('',(#7102),#7094,.F.);
#7118=EDGE_CURVE('',#6998,#6999,#6943,.T.);
#7120=EDGE_CURVE('',#6999,#7019,#6985,.T.);
#7124=ADVANCED_FACE('',(#7123),#7115,.T.);
#7131=EDGE_CURVE('',#7014,#6999,#6992,.T.);
#7137=ADVANCED_FACE('',(#7136),#7129,.T.);
#7151=ADVANCED_FACE('',(#7150),#7142,.T.);
#7316=EDGE_CURVE('',#7297,#7298,#7164,.T.);
#7318=EDGE_CURVE('',#7297,#7293,#7171,.T.);
#7320=EDGE_CURVE('',#7293,#7302,#7178,.T.);
#7322=EDGE_CURVE('',#7301,#7302,#7185,.T.);
#7324=EDGE_CURVE('',#7301,#7289,#7192,.T.);
#7326=EDGE_CURVE('',#7289,#7298,#7199,.T.);
#7330=ADVANCED_FACE('',(#7329),#7315,.F.);
#7337=EDGE_CURVE('',#7298,#7306,#7206,.T.);
#7339=EDGE_CURVE('',#7305,#7306,#7248,.T.);
#7341=EDGE_CURVE('',#7297,#7305,#7241,.T.);
#7345=ADVANCED_FACE('',(#7344),#7335,.F.);
#7360=EDGE_CURVE('',#7289,#7290,#7213,.T.);
#7362=EDGE_CURVE('',#7290,#7306,#7255,.T.);
#7366=ADVANCED_FACE('',(#7365),#7357,.T.);
#7372=EDGE_CURVE('',#7301,#7309,#7220,.T.);
#7374=EDGE_CURVE('',#7309,#7290,#7262,.T.);
#7380=ADVANCED_FACE('',(#7379),#7371,.T.);
#7387=EDGE_CURVE('',#7302,#7310,#7227,.T.);
#7389=EDGE_CURVE('',#7309,#7310,#7269,.T.);
#7394=ADVANCED_FACE('',(#7393),#7385,.F.);
#7409=EDGE_CURVE('',#7293,#7294,#7234,.T.);
#7411=EDGE_CURVE('',#7294,#7310,#7276,.T.);
#7415=ADVANCED_FACE('',(#7414),#7406,.T.);
#7422=EDGE_CURVE('',#7305,#7294,#7283,.T.);
#7428=ADVANCED_FACE('',(#7427),#7420,.T.);
#7442=ADVANCED_FACE('',(#7441),#7433,.T.);
#7451=(LENGTH_UNIT()NAMED_UNIT(*)SI_UNIT(.MILLI.,.METRE.));
#7452=(NAMED_UNIT(*)PLANE_ANGLE_UNIT()SI_UNIT($,.RADIAN.));
#7455=(NAMED_UNIT(*)SI_UNIT($,.STERADIAN.)SOLID_ANGLE_UNIT());
#7457=(GEOMETRIC_REPRESENTATION_CONTEXT(3)GLOBAL_UNCERTAINTY_ASSIGNED_CONTEXT((
#7456))GLOBAL_UNIT_ASSIGNED_CONTEXT((#7451,#7454,#7455))REPRESENTATION_CONTEXT(
'ID1','3'));
#7461=AXIS2_PLACEMENT_3D('',#7458,#7459,#7460);
#7462=ADVANCED_BREP_SHAPE_REPRESENTATION('',(#7461,#405,#781,#1157,#1533,#1909,
#2285,#2661,#3037,#3413,#3789,#4165,#4541,#4917,#5293,#5669,#6045,#6280,#6571,
#6862,#7153,#7444),#7457);
#7469=PRODUCT_DEFINITION('part definition','',#7468,#7465);
#7470=PRODUCT_DEFINITION_SHAPE('','SHAPE FOR FRAME.',#7469);
#7471=SHAPE_ASPECT('','solid data associated with FRAME',#7470,.F.);
#7472=PROPERTY_DEFINITION('',
'shape for solid data with which properties are associated',#7471);
#7473=SHAPE_REPRESENTATION('',(#7444),#7457);
#7474=SHAPE_DEFINITION_REPRESENTATION(#7472,#7473);
#7475=(LENGTH_UNIT()NAMED_UNIT(*)SI_UNIT(.MILLI.,.METRE.));
#7479=PROPERTY_DEFINITION('geometric validation property','area of FRAME',
#7471);
#7480=REPRESENTATION('surface area',(#7478),#7457);
#7481=PROPERTY_DEFINITION_REPRESENTATION(#7479,#7480);
#7482=(LENGTH_UNIT()NAMED_UNIT(*)SI_UNIT(.MILLI.,.METRE.));
#7486=PROPERTY_DEFINITION('geometric validation property','volume of FRAME',
#7471);
#7487=REPRESENTATION('volume',(#7485),#7457);
#7488=PROPERTY_DEFINITION_REPRESENTATION(#7486,#7487);
#7490=PROPERTY_DEFINITION('geometric validation property','centroid of FRAME',
#7471);
#7491=REPRESENTATION('centroid',(#7489),#7457);
#7492=PROPERTY_DEFINITION_REPRESENTATION(#7490,#7491);
#7493=(LENGTH_UNIT()NAMED_UNIT(*)SI_UNIT(.MILLI.,.METRE.));
#7497=PROPERTY_DEFINITION('geometric validation property','area of FRAME',
#7470);
#7498=REPRESENTATION('surface area',(#7496),#7457);
#7499=PROPERTY_DEFINITION_REPRESENTATION(#7497,#7498);
#7500=(LENGTH_UNIT()NAMED_UNIT(*)SI_UNIT(.MILLI.,.METRE.));
#7504=PROPERTY_DEFINITION('geometric validation property','volume of FRAME',
#7470);
#7505=REPRESENTATION('volume',(#7503),#7457);
#7506=PROPERTY_DEFINITION_REPRESENTATION(#7504,#7505);
#7508=PROPERTY_DEFINITION('geometric validation property','centroid of FRAME',
#7470);
#7509=REPRESENTATION('centroid',(#7507),#7457);
#7510=PROPERTY_DEFINITION_REPRESENTATION(#7508,#7509);
#7511=SHAPE_DEFINITION_REPRESENTATION(#7470,#7462);
#7520=PLANAR_BOX('',5.995777156562E0,5.058936975849E0,#7519);
#7527=CAMERA_USAGE(#7526,#7513);
#7532=PLANAR_BOX('',1.E3,8.4375E2,#7531);
#7552=PRESENTATION_AREA('',(#7551,#7556),#7512);
#7562=SHAPE_DEFINITION_REPRESENTATION(#7563,#7564);
#7563=PRODUCT_DEFINITION_SHAPE('','SHAPE FOR RGV0016D_ASM.',#14739);
#7564=SHAPE_REPRESENTATION('',(#7574,#14643,#14720,#14734),#14730);
#7565=NEXT_ASSEMBLY_USAGE_OCCURRENCE('0','Next assembly relationship','FRAME',
#14739,#7469,$);
#7566=PRODUCT_DEFINITION_SHAPE('Placement #0',
'Placement of FRAME with respect to RGV0016D_ASM',#7565);
#7568=PROPERTY_DEFINITION('geometric validation property','centroid of FRAME',
#7566);
#7569=REPRESENTATION('centroid',(#7567),#7457);
#7570=PROPERTY_DEFINITION_REPRESENTATION(#7568,#7569);
#7578=COLOUR_RGB('',1.E0,6.2E-1,5.2E-1);
#7605=CIRCLE('',#7604,2.575625E-1);
#7613=CIRCLE('',#7612,1.515E-1);
#7628=CIRCLE('',#7627,1.515E-1);
#7636=CIRCLE('',#7635,2.575625E-1);
#7665=CIRCLE('',#7664,2.575625E-1);
#7673=CIRCLE('',#7672,1.515E-1);
#7688=CIRCLE('',#7687,1.515E-1);
#7696=CIRCLE('',#7695,2.575625E-1);
#7725=CIRCLE('',#7724,2.575625E-1);
#7733=CIRCLE('',#7732,1.515E-1);
#7748=CIRCLE('',#7747,1.515E-1);
#7756=CIRCLE('',#7755,2.575625E-1);
#7792=CIRCLE('',#7791,2.575625E-1);
#7800=CIRCLE('',#7799,1.515E-1);
#7815=CIRCLE('',#7814,1.515E-1);
#7823=CIRCLE('',#7822,2.575625E-1);
#7852=CIRCLE('',#7851,2.575625E-1);
#7860=CIRCLE('',#7859,1.515E-1);
#7875=CIRCLE('',#7874,1.515E-1);
#7883=CIRCLE('',#7882,2.575625E-1);
#7912=CIRCLE('',#7911,2.575625E-1);
#7920=CIRCLE('',#7919,1.515E-1);
#7935=CIRCLE('',#7934,1.515E-1);
#7943=CIRCLE('',#7942,2.575625E-1);
#7972=CIRCLE('',#7971,2.575625E-1);
#7980=CIRCLE('',#7979,1.515E-1);
#7995=CIRCLE('',#7994,1.515E-1);
#8003=CIRCLE('',#8002,2.575625E-1);
#8039=CIRCLE('',#8038,2.575625E-1);
#8047=CIRCLE('',#8046,1.515E-1);
#8062=CIRCLE('',#8061,1.515E-1);
#8070=CIRCLE('',#8069,2.575625E-1);
#8099=CIRCLE('',#8098,2.575625E-1);
#8107=CIRCLE('',#8106,1.515E-1);
#8122=CIRCLE('',#8121,1.515E-1);
#8130=CIRCLE('',#8129,2.575625E-1);
#8159=CIRCLE('',#8158,2.575625E-1);
#8167=CIRCLE('',#8166,1.515E-1);
#8182=CIRCLE('',#8181,1.515E-1);
#8190=CIRCLE('',#8189,2.575625E-1);
#8219=CIRCLE('',#8218,2.575625E-1);
#8227=CIRCLE('',#8226,1.515E-1);
#8242=CIRCLE('',#8241,1.515E-1);
#8250=CIRCLE('',#8249,2.575625E-1);
#8286=CIRCLE('',#8285,2.575625E-1);
#8294=CIRCLE('',#8293,1.515E-1);
#8309=CIRCLE('',#8308,1.515E-1);
#8317=CIRCLE('',#8316,2.575625E-1);
#8346=CIRCLE('',#8345,2.575625E-1);
#8354=CIRCLE('',#8353,1.515E-1);
#8369=CIRCLE('',#8368,1.515E-1);
#8377=CIRCLE('',#8376,2.575625E-1);
#8406=CIRCLE('',#8405,2.575625E-1);
#8414=CIRCLE('',#8413,1.515E-1);
#8429=CIRCLE('',#8428,1.515E-1);
#8437=CIRCLE('',#8436,2.575625E-1);
#8466=CIRCLE('',#8465,2.575625E-1);
#8474=CIRCLE('',#8473,1.515E-1);
#8489=CIRCLE('',#8488,1.515E-1);
#8497=CIRCLE('',#8496,2.575625E-1);
#8533=CIRCLE('',#8532,2.575625E-1);
#8541=CIRCLE('',#8540,1.515E-1);
#8556=CIRCLE('',#8555,1.515E-1);
#8564=CIRCLE('',#8563,2.575625E-1);
#8649=CIRCLE('',#8648,2.575625E-1);
#8657=CIRCLE('',#8656,1.515E-1);
#8672=CIRCLE('',#8671,1.515E-1);
#8680=CIRCLE('',#8679,2.575625E-1);
#9038=CIRCLE('',#9037,2.575625E-1);
#9046=CIRCLE('',#9045,1.515E-1);
#9061=CIRCLE('',#9060,1.515E-1);
#9069=CIRCLE('',#9068,2.575625E-1);
#9133=CIRCLE('',#9132,2.575625E-1);
#9141=CIRCLE('',#9140,1.515E-1);
#9156=CIRCLE('',#9155,1.515E-1);
#9164=CIRCLE('',#9163,2.575625E-1);
#9228=CIRCLE('',#9227,2.575625E-1);
#9236=CIRCLE('',#9235,1.515E-1);
#9251=CIRCLE('',#9250,1.515E-1);
#9259=CIRCLE('',#9258,2.575625E-1);
#9323=CIRCLE('',#9322,2.575625E-1);
#9331=CIRCLE('',#9330,1.515E-1);
#9346=CIRCLE('',#9345,1.515E-1);
#9354=CIRCLE('',#9353,2.575625E-1);
#9530=CIRCLE('',#9529,2.575625E-1);
#9538=CIRCLE('',#9537,1.515E-1);
#9553=CIRCLE('',#9552,1.515E-1);
#9561=CIRCLE('',#9560,2.575625E-1);
#9660=CIRCLE('',#9659,2.575625E-1);
#9668=CIRCLE('',#9667,1.515E-1);
#9683=CIRCLE('',#9682,1.515E-1);
#9691=CIRCLE('',#9690,2.575625E-1);
#9755=CIRCLE('',#9754,2.575625E-1);
#9763=CIRCLE('',#9762,1.515E-1);
#9778=CIRCLE('',#9777,1.515E-1);
#9786=CIRCLE('',#9785,2.575625E-1);
#9850=CIRCLE('',#9849,2.575625E-1);
#9858=CIRCLE('',#9857,1.515E-1);
#9873=CIRCLE('',#9872,1.515E-1);
#9881=CIRCLE('',#9880,2.575625E-1);
#10064=CIRCLE('',#10063,2.575625E-1);
#10072=CIRCLE('',#10071,1.515E-1);
#10087=CIRCLE('',#10086,1.515E-1);
#10095=CIRCLE('',#10094,2.575625E-1);
#10215=CIRCLE('',#10214,2.575625E-1);
#10223=CIRCLE('',#10222,1.515E-1);
#10238=CIRCLE('',#10237,1.515E-1);
#10246=CIRCLE('',#10245,2.575625E-1);
#10310=CIRCLE('',#10309,2.575625E-1);
#10318=CIRCLE('',#10317,1.515E-1);
#10333=CIRCLE('',#10332,1.515E-1);
#10341=CIRCLE('',#10340,2.575625E-1);
#10405=CIRCLE('',#10404,2.575625E-1);
#10413=CIRCLE('',#10412,1.515E-1);
#10428=CIRCLE('',#10427,1.515E-1);
#10436=CIRCLE('',#10435,2.575625E-1);
#10780=CIRCLE('',#10779,2.575625E-1);
#10788=CIRCLE('',#10787,1.515E-1);
#10803=CIRCLE('',#10802,1.515E-1);
#10811=CIRCLE('',#10810,2.575625E-1);
#10875=CIRCLE('',#10874,2.575625E-1);
#10883=CIRCLE('',#10882,1.515E-1);
#10898=CIRCLE('',#10897,1.515E-1);
#10906=CIRCLE('',#10905,2.575625E-1);
#10970=CIRCLE('',#10969,2.575625E-1);
#10978=CIRCLE('',#10977,1.515E-1);
#10993=CIRCLE('',#10992,1.515E-1);
#11001=CIRCLE('',#11000,2.575625E-1);
#11738=EDGE_CURVE('',#11117,#11118,#7583,.T.);
#11740=EDGE_CURVE('',#11117,#11129,#7590,.T.);
#11742=EDGE_CURVE('',#11129,#11130,#7597,.T.);
#11744=EDGE_CURVE('',#11468,#11130,#7605,.T.);
#11746=EDGE_CURVE('',#11466,#11468,#7613,.T.);
#11748=EDGE_CURVE('',#11464,#11466,#7620,.T.);
#11750=EDGE_CURVE('',#11463,#11464,#7628,.T.);
#11752=EDGE_CURVE('',#11126,#11463,#7636,.T.);
#11754=EDGE_CURVE('',#11125,#11126,#7643,.T.);
#11756=EDGE_CURVE('',#11125,#11137,#7650,.T.);
#11758=EDGE_CURVE('',#11137,#11138,#7657,.T.);
#11760=EDGE_CURVE('',#11476,#11138,#7665,.T.);
#11762=EDGE_CURVE('',#11474,#11476,#7673,.T.);
#11764=EDGE_CURVE('',#11472,#11474,#7680,.T.);
#11766=EDGE_CURVE('',#11471,#11472,#7688,.T.);
#11768=EDGE_CURVE('',#11134,#11471,#7696,.T.);
#11770=EDGE_CURVE('',#11133,#11134,#7703,.T.);
#11772=EDGE_CURVE('',#11133,#11145,#7710,.T.);
#11774=EDGE_CURVE('',#11145,#11146,#7717,.T.);
#11776=EDGE_CURVE('',#11484,#11146,#7725,.T.);
#11778=EDGE_CURVE('',#11482,#11484,#7733,.T.);
#11780=EDGE_CURVE('',#11480,#11482,#7740,.T.);
#11782=EDGE_CURVE('',#11479,#11480,#7748,.T.);
#11784=EDGE_CURVE('',#11142,#11479,#7756,.T.);
#11786=EDGE_CURVE('',#11141,#11142,#7763,.T.);
#11788=EDGE_CURVE('',#11141,#11100,#7770,.T.);
#11790=EDGE_CURVE('',#11100,#11213,#7777,.T.);
#11792=EDGE_CURVE('',#11213,#11214,#7784,.T.);
#11794=EDGE_CURVE('',#11551,#11214,#7792,.T.);
#11796=EDGE_CURVE('',#11551,#11552,#7800,.T.);
#11798=EDGE_CURVE('',#11552,#11554,#7807,.T.);
#11800=EDGE_CURVE('',#11554,#11556,#7815,.T.);
#11802=EDGE_CURVE('',#11218,#11556,#7823,.T.);
#11804=EDGE_CURVE('',#11217,#11218,#7830,.T.);
#11806=EDGE_CURVE('',#11217,#11221,#7837,.T.);
#11808=EDGE_CURVE('',#11221,#11222,#7844,.T.);
#11810=EDGE_CURVE('',#11559,#11222,#7852,.T.);
#11812=EDGE_CURVE('',#11559,#11560,#7860,.T.);
#11814=EDGE_CURVE('',#11560,#11562,#7867,.T.);
#11816=EDGE_CURVE('',#11562,#11564,#7875,.T.);
#11818=EDGE_CURVE('',#11226,#11564,#7883,.T.);
#11820=EDGE_CURVE('',#11225,#11226,#7890,.T.);
#11822=EDGE_CURVE('',#11225,#11229,#7897,.T.);
#11824=EDGE_CURVE('',#11229,#11230,#7904,.T.);
#11826=EDGE_CURVE('',#11567,#11230,#7912,.T.);
#11828=EDGE_CURVE('',#11567,#11568,#7920,.T.);
#11830=EDGE_CURVE('',#11568,#11570,#7927,.T.);
#11832=EDGE_CURVE('',#11570,#11572,#7935,.T.);
#11834=EDGE_CURVE('',#11234,#11572,#7943,.T.);
#11836=EDGE_CURVE('',#11233,#11234,#7950,.T.);
#11838=EDGE_CURVE('',#11233,#11237,#7957,.T.);
#11840=EDGE_CURVE('',#11237,#11238,#7964,.T.);
#11842=EDGE_CURVE('',#11575,#11238,#7972,.T.);
#11844=EDGE_CURVE('',#11575,#11576,#7980,.T.);
#11846=EDGE_CURVE('',#11576,#11578,#7987,.T.);
#11848=EDGE_CURVE('',#11578,#11580,#7995,.T.);
#11850=EDGE_CURVE('',#11242,#11580,#8003,.T.);
#11852=EDGE_CURVE('',#11241,#11242,#8010,.T.);
#11854=EDGE_CURVE('',#11241,#11102,#8017,.T.);
#11856=EDGE_CURVE('',#11102,#11173,#8024,.T.);
#11858=EDGE_CURVE('',#11173,#11174,#8031,.T.);
#11860=EDGE_CURVE('',#11511,#11174,#8039,.T.);
#11862=EDGE_CURVE('',#11511,#11512,#8047,.T.);
#11864=EDGE_CURVE('',#11512,#11514,#8054,.T.);
#11866=EDGE_CURVE('',#11514,#11516,#8062,.T.);
#11868=EDGE_CURVE('',#11178,#11516,#8070,.T.);
#11870=EDGE_CURVE('',#11177,#11178,#8077,.T.);
#11872=EDGE_CURVE('',#11177,#11165,#8084,.T.);
#11874=EDGE_CURVE('',#11165,#11166,#8091,.T.);
#11876=EDGE_CURVE('',#11503,#11166,#8099,.T.);
#11878=EDGE_CURVE('',#11503,#11504,#8107,.T.);
#11880=EDGE_CURVE('',#11504,#11506,#8114,.T.);
#11882=EDGE_CURVE('',#11506,#11508,#8122,.T.);
#11884=EDGE_CURVE('',#11170,#11508,#8130,.T.);
#11886=EDGE_CURVE('',#11169,#11170,#8137,.T.);
#11888=EDGE_CURVE('',#11169,#11157,#8144,.T.);
#11890=EDGE_CURVE('',#11157,#11158,#8151,.T.);
#11892=EDGE_CURVE('',#11495,#11158,#8159,.T.);
#11894=EDGE_CURVE('',#11495,#11496,#8167,.T.);
#11896=EDGE_CURVE('',#11496,#11498,#8174,.T.);
#11898=EDGE_CURVE('',#11498,#11500,#8182,.T.);
#11900=EDGE_CURVE('',#11162,#11500,#8190,.T.);
#11902=EDGE_CURVE('',#11161,#11162,#8197,.T.);
#11904=EDGE_CURVE('',#11161,#11149,#8204,.T.);
#11906=EDGE_CURVE('',#11149,#11150,#8211,.T.);
#11908=EDGE_CURVE('',#11487,#11150,#8219,.T.);
#11910=EDGE_CURVE('',#11487,#11488,#8227,.T.);
#11912=EDGE_CURVE('',#11488,#11490,#8234,.T.);
#11914=EDGE_CURVE('',#11490,#11492,#8242,.T.);
#11916=EDGE_CURVE('',#11154,#11492,#8250,.T.);
#11918=EDGE_CURVE('',#11153,#11154,#8257,.T.);
#11920=EDGE_CURVE('',#11153,#11104,#8264,.T.);
#11922=EDGE_CURVE('',#11104,#11209,#8271,.T.);
#11924=EDGE_CURVE('',#11209,#11210,#8278,.T.);
#11926=EDGE_CURVE('',#11548,#11210,#8286,.T.);
#11928=EDGE_CURVE('',#11546,#11548,#8294,.T.);
#11930=EDGE_CURVE('',#11544,#11546,#8301,.T.);
#11932=EDGE_CURVE('',#11543,#11544,#8309,.T.);
#11934=EDGE_CURVE('',#11206,#11543,#8317,.T.);
#11936=EDGE_CURVE('',#11205,#11206,#8324,.T.);
#11938=EDGE_CURVE('',#11205,#11201,#8331,.T.);
#11940=EDGE_CURVE('',#11201,#11202,#8338,.T.);
#11942=EDGE_CURVE('',#11540,#11202,#8346,.T.);
#11944=EDGE_CURVE('',#11538,#11540,#8354,.T.);
#11946=EDGE_CURVE('',#11536,#11538,#8361,.T.);
#11948=EDGE_CURVE('',#11535,#11536,#8369,.T.);
#11950=EDGE_CURVE('',#11198,#11535,#8377,.T.);
#11952=EDGE_CURVE('',#11197,#11198,#8384,.T.);
#11954=EDGE_CURVE('',#11197,#11193,#8391,.T.);
#11956=EDGE_CURVE('',#11193,#11194,#8398,.T.);
#11958=EDGE_CURVE('',#11532,#11194,#8406,.T.);
#11960=EDGE_CURVE('',#11530,#11532,#8414,.T.);
#11962=EDGE_CURVE('',#11528,#11530,#8421,.T.);
#11964=EDGE_CURVE('',#11527,#11528,#8429,.T.);
#11966=EDGE_CURVE('',#11190,#11527,#8437,.T.);
#11968=EDGE_CURVE('',#11189,#11190,#8444,.T.);
#11970=EDGE_CURVE('',#11189,#11185,#8451,.T.);
#11972=EDGE_CURVE('',#11185,#11186,#8458,.T.);
#11974=EDGE_CURVE('',#11524,#11186,#8466,.T.);
#11976=EDGE_CURVE('',#11522,#11524,#8474,.T.);
#11978=EDGE_CURVE('',#11520,#11522,#8481,.T.);
#11980=EDGE_CURVE('',#11519,#11520,#8489,.T.);
#11982=EDGE_CURVE('',#11182,#11519,#8497,.T.);
#11984=EDGE_CURVE('',#11181,#11182,#8504,.T.);
#11986=EDGE_CURVE('',#11181,#11098,#8511,.T.);
#11988=EDGE_CURVE('',#11098,#11121,#8518,.T.);
#11990=EDGE_CURVE('',#11121,#11122,#8525,.T.);
#11992=EDGE_CURVE('',#11460,#11122,#8533,.T.);
#11994=EDGE_CURVE('',#11458,#11460,#8541,.T.);
#11996=EDGE_CURVE('',#11456,#11458,#8548,.T.);
#11998=EDGE_CURVE('',#11455,#11456,#8556,.T.);
#12000=EDGE_CURVE('',#11118,#11455,#8564,.T.);
#12004=EDGE_CURVE('',#11245,#11246,#8571,.T.);
#12006=EDGE_CURVE('',#11245,#11252,#8578,.T.);
#12008=EDGE_CURVE('',#11250,#11252,#8585,.T.);
#12010=EDGE_CURVE('',#11248,#11250,#8592,.T.);
#12012=EDGE_CURVE('',#11246,#11248,#8599,.T.);
#12016=ADVANCED_FACE('',(#12003,#12015),#11737,.F.);
#12023=EDGE_CURVE('',#11118,#11610,#8606,.T.);
#12025=EDGE_CURVE('',#11610,#11255,#8641,.T.);
#12027=EDGE_CURVE('',#11117,#11255,#8778,.T.);
#12031=ADVANCED_FACE('',(#12030),#12021,.F.);
#12038=EDGE_CURVE('',#11455,#11606,#8613,.T.);
#12040=EDGE_CURVE('',#11610,#11606,#8649,.T.);
#12045=ADVANCED_FACE('',(#12044),#12036,.F.);
#12052=EDGE_CURVE('',#11122,#11612,#8841,.T.);
#12054=EDGE_CURVE('',#11608,#11612,#8680,.T.);
#12056=EDGE_CURVE('',#11460,#11608,#8627,.T.);
#12060=ADVANCED_FACE('',(#12059),#12050,.F.);
#12067=EDGE_CURVE('',#11456,#11391,#8620,.T.);
#12069=EDGE_CURVE('',#11606,#11391,#8657,.T.);
#12074=ADVANCED_FACE('',(#12073),#12065,.F.);
#12081=EDGE_CURVE('',#11458,#11392,#8634,.T.);
#12083=EDGE_CURVE('',#11391,#11392,#8664,.T.);
#12088=ADVANCED_FACE('',(#12087),#12079,.F.);
#12096=EDGE_CURVE('',#11392,#11608,#8672,.T.);
#12101=ADVANCED_FACE('',(#12100),#12093,.F.);
#12107=EDGE_CURVE('',#11255,#11256,#8694,.T.);
#12115=EDGE_CURVE('',#11256,#11612,#8687,.T.);
#12119=ADVANCED_FACE('',(#12118),#12106,.F.);
#12126=EDGE_CURVE('',#11121,#11256,#8701,.T.);
#12129=EDGE_CURVE('',#11098,#11091,#8708,.T.);
#12131=EDGE_CURVE('',#11091,#11092,#10144,.T.);
#12133=EDGE_CURVE('',#11100,#11092,#9909,.T.);
#12136=EDGE_CURVE('',#11141,#11267,#8715,.T.);
#12138=EDGE_CURVE('',#11267,#11268,#8722,.T.);
#12140=EDGE_CURVE('',#11145,#11268,#8729,.T.);
#12143=EDGE_CURVE('',#11133,#11263,#8736,.T.);
#12145=EDGE_CURVE('',#11263,#11264,#8743,.T.);
#12147=EDGE_CURVE('',#11137,#11264,#8750,.T.);
#12150=EDGE_CURVE('',#11125,#11259,#8757,.T.);
#12152=EDGE_CURVE('',#11259,#11260,#8764,.T.);
#12154=EDGE_CURVE('',#11129,#11260,#8771,.T.);
#12160=EDGE_CURVE('',#11327,#11328,#8785,.T.);
#12162=EDGE_CURVE('',#11328,#11336,#8792,.T.);
#12164=EDGE_CURVE('',#11335,#11336,#8799,.T.);
#12166=EDGE_CURVE('',#11327,#11335,#8806,.T.);
#12170=EDGE_CURVE('',#11331,#11332,#8813,.T.);
#12172=EDGE_CURVE('',#11332,#11340,#8820,.T.);
#12174=EDGE_CURVE('',#11339,#11340,#8827,.T.);
#12176=EDGE_CURVE('',#11331,#11339,#8834,.T.);
#12180=ADVANCED_FACE('',(#12159,#12169,#12179),#12124,.T.);
#12192=ADVANCED_FACE('',(#12191),#12185,.F.);
#12198=EDGE_CURVE('',#11181,#11302,#8848,.T.);
#12200=EDGE_CURVE('',#11302,#11304,#8855,.T.);
#12202=EDGE_CURVE('',#11185,#11304,#8862,.T.);
#12205=EDGE_CURVE('',#11189,#11306,#8869,.T.);
#12207=EDGE_CURVE('',#11306,#11308,#8876,.T.);
#12209=EDGE_CURVE('',#11193,#11308,#8883,.T.);
#12212=EDGE_CURVE('',#11197,#11310,#8890,.T.);
#12214=EDGE_CURVE('',#11310,#11312,#8897,.T.);
#12216=EDGE_CURVE('',#11201,#11312,#8904,.T.);
#12219=EDGE_CURVE('',#11205,#11314,#8911,.T.);
#12221=EDGE_CURVE('',#11314,#11316,#8918,.T.);
#12223=EDGE_CURVE('',#11209,#11316,#8925,.T.);
#12226=EDGE_CURVE('',#11104,#11096,#8932,.T.);
#12228=EDGE_CURVE('',#11096,#11091,#10151,.T.);
#12234=EDGE_CURVE('',#11375,#11376,#8939,.T.);
#12236=EDGE_CURVE('',#11376,#11384,#8946,.T.);
#12238=EDGE_CURVE('',#11383,#11384,#8953,.T.);
#12240=EDGE_CURVE('',#11375,#11383,#8960,.T.);
#12244=EDGE_CURVE('',#11379,#11380,#8967,.T.);
#12246=EDGE_CURVE('',#11380,#11388,#8974,.T.);
#12248=EDGE_CURVE('',#11387,#11388,#8981,.T.);
#12250=EDGE_CURVE('',#11379,#11387,#8988,.T.);
#12254=ADVANCED_FACE('',(#12233,#12243,#12253),#12197,.T.);
#12261=EDGE_CURVE('',#11182,#11663,#8995,.T.);
#12263=EDGE_CURVE('',#11663,#11302,#9030,.T.);
#12268=ADVANCED_FACE('',(#12267),#12259,.F.);
#12275=EDGE_CURVE('',#11519,#11664,#9002,.T.);
#12277=EDGE_CURVE('',#11663,#11664,#9038,.T.);
#12282=ADVANCED_FACE('',(#12281),#12273,.F.);
#12289=EDGE_CURVE('',#11186,#11668,#9083,.T.);
#12291=EDGE_CURVE('',#11667,#11668,#9069,.T.);
#12293=EDGE_CURVE('',#11524,#11667,#9016,.T.);
#12297=ADVANCED_FACE('',(#12296),#12287,.F.);
#12304=EDGE_CURVE('',#11520,#11423,#9009,.T.);
#12306=EDGE_CURVE('',#11664,#11423,#9046,.T.);
#12311=ADVANCED_FACE('',(#12310),#12302,.F.);
#12318=EDGE_CURVE('',#11522,#11424,#9023,.T.);
#12320=EDGE_CURVE('',#11423,#11424,#9053,.T.);
#12325=ADVANCED_FACE('',(#12324),#12316,.F.);
#12333=EDGE_CURVE('',#11424,#11667,#9061,.T.);
#12338=ADVANCED_FACE('',(#12337),#12330,.F.);
#12351=EDGE_CURVE('',#11304,#11668,#9076,.T.);
#12355=ADVANCED_FACE('',(#12354),#12343,.F.);
#12367=ADVANCED_FACE('',(#12366),#12360,.F.);
#12374=EDGE_CURVE('',#11190,#11655,#9090,.T.);
#12376=EDGE_CURVE('',#11655,#11306,#9125,.T.);
#12381=ADVANCED_FACE('',(#12380),#12372,.F.);
#12388=EDGE_CURVE('',#11527,#11656,#9097,.T.);
#12390=EDGE_CURVE('',#11655,#11656,#9133,.T.);
#12395=ADVANCED_FACE('',(#12394),#12386,.F.);
#12402=EDGE_CURVE('',#11194,#11660,#9178,.T.);
#12404=EDGE_CURVE('',#11659,#11660,#9164,.T.);
#12406=EDGE_CURVE('',#11532,#11659,#9111,.T.);
#12410=ADVANCED_FACE('',(#12409),#12400,.F.);
#12417=EDGE_CURVE('',#11528,#11427,#9104,.T.);
#12419=EDGE_CURVE('',#11656,#11427,#9141,.T.);
#12424=ADVANCED_FACE('',(#12423),#12415,.F.);
#12431=EDGE_CURVE('',#11530,#11428,#9118,.T.);
#12433=EDGE_CURVE('',#11427,#11428,#9148,.T.);
#12438=ADVANCED_FACE('',(#12437),#12429,.F.);
#12446=EDGE_CURVE('',#11428,#11659,#9156,.T.);
#12451=ADVANCED_FACE('',(#12450),#12443,.F.);
#12464=EDGE_CURVE('',#11308,#11660,#9171,.T.);
#12468=ADVANCED_FACE('',(#12467),#12456,.F.);
#12480=ADVANCED_FACE('',(#12479),#12473,.F.);
#12487=EDGE_CURVE('',#11198,#11647,#9185,.T.);
#12489=EDGE_CURVE('',#11647,#11310,#9220,.T.);
#12494=ADVANCED_FACE('',(#12493),#12485,.F.);
#12501=EDGE_CURVE('',#11535,#11648,#9192,.T.);
#12503=EDGE_CURVE('',#11647,#11648,#9228,.T.);
#12508=ADVANCED_FACE('',(#12507),#12499,.F.);
#12515=EDGE_CURVE('',#11202,#11652,#9273,.T.);
#12517=EDGE_CURVE('',#11651,#11652,#9259,.T.);
#12519=EDGE_CURVE('',#11540,#11651,#9206,.T.);
#12523=ADVANCED_FACE('',(#12522),#12513,.F.);
#12530=EDGE_CURVE('',#11536,#11431,#9199,.T.);
#12532=EDGE_CURVE('',#11648,#11431,#9236,.T.);
#12537=ADVANCED_FACE('',(#12536),#12528,.F.);
#12544=EDGE_CURVE('',#11538,#11432,#9213,.T.);
#12546=EDGE_CURVE('',#11431,#11432,#9243,.T.);
#12551=ADVANCED_FACE('',(#12550),#12542,.F.);
#12559=EDGE_CURVE('',#11432,#11651,#9251,.T.);
#12564=ADVANCED_FACE('',(#12563),#12556,.F.);
#12577=EDGE_CURVE('',#11312,#11652,#9266,.T.);
#12581=ADVANCED_FACE('',(#12580),#12569,.F.);
#12593=ADVANCED_FACE('',(#12592),#12586,.F.);
#12600=EDGE_CURVE('',#11206,#11639,#9280,.T.);
#12602=EDGE_CURVE('',#11639,#11314,#9315,.T.);
#12607=ADVANCED_FACE('',(#12606),#12598,.F.);
#12614=EDGE_CURVE('',#11543,#11640,#9287,.T.);
#12616=EDGE_CURVE('',#11639,#11640,#9323,.T.);
#12621=ADVANCED_FACE('',(#12620),#12612,.F.);
#12628=EDGE_CURVE('',#11210,#11644,#9368,.T.);
#12630=EDGE_CURVE('',#11643,#11644,#9354,.T.);
#12632=EDGE_CURVE('',#11548,#11643,#9301,.T.);
#12636=ADVANCED_FACE('',(#12635),#12626,.F.);
#12643=EDGE_CURVE('',#11544,#11435,#9294,.T.);
#12645=EDGE_CURVE('',#11640,#11435,#9331,.T.);
#12650=ADVANCED_FACE('',(#12649),#12641,.F.);
#12657=EDGE_CURVE('',#11546,#11436,#9308,.T.);
#12659=EDGE_CURVE('',#11435,#11436,#9338,.T.);
#12664=ADVANCED_FACE('',(#12663),#12655,.F.);
#12672=EDGE_CURVE('',#11436,#11643,#9346,.T.);
#12677=ADVANCED_FACE('',(#12676),#12669,.F.);
#12690=EDGE_CURVE('',#11316,#11644,#9361,.T.);
#12694=ADVANCED_FACE('',(#12693),#12682,.F.);
#12706=ADVANCED_FACE('',(#12705),#12699,.F.);
#12712=EDGE_CURVE('',#11287,#11288,#9375,.T.);
#12714=EDGE_CURVE('',#11149,#11287,#9382,.T.);
#12717=EDGE_CURVE('',#11161,#11292,#9389,.T.);
#12719=EDGE_CURVE('',#11291,#11292,#9396,.T.);
#12721=EDGE_CURVE('',#11157,#11291,#9403,.T.);
#12724=EDGE_CURVE('',#11169,#11296,#9410,.T.);
#12726=EDGE_CURVE('',#11295,#11296,#9417,.T.);
#12728=EDGE_CURVE('',#11165,#11295,#9424,.T.);
#12731=EDGE_CURVE('',#11177,#11300,#9431,.T.);
#12733=EDGE_CURVE('',#11299,#11300,#9438,.T.);
#12735=EDGE_CURVE('',#11173,#11299,#9445,.T.);
#12738=EDGE_CURVE('',#11102,#11094,#9452,.T.);
#12740=EDGE_CURVE('',#11094,#11096,#10158,.T.);
#12744=EDGE_CURVE('',#11153,#11288,#9459,.T.);
#12748=EDGE_CURVE('',#11359,#11360,#9466,.T.);
#12750=EDGE_CURVE('',#11360,#11368,#9473,.T.);
#12752=EDGE_CURVE('',#11367,#11368,#9480,.T.);
#12754=EDGE_CURVE('',#11359,#11367,#9487,.T.);
#12758=EDGE_CURVE('',#11363,#11364,#9494,.T.);
#12760=EDGE_CURVE('',#11364,#11372,#9501,.T.);
#12762=EDGE_CURVE('',#11371,#11372,#9508,.T.);
#12764=EDGE_CURVE('',#11363,#11371,#9515,.T.);
#12768=ADVANCED_FACE('',(#12747,#12757,#12767),#12711,.T.);
#12775=EDGE_CURVE('',#11695,#11288,#9522,.T.);
#12777=EDGE_CURVE('',#11695,#11696,#9530,.T.);
#12779=EDGE_CURVE('',#11408,#11696,#9538,.T.);
#12781=EDGE_CURVE('',#11407,#11408,#9545,.T.);
#12783=EDGE_CURVE('',#11699,#11407,#9553,.T.);
#12785=EDGE_CURVE('',#11699,#11700,#9561,.T.);
#12787=EDGE_CURVE('',#11287,#11700,#9568,.T.);
#12791=ADVANCED_FACE('',(#12790),#12773,.T.);
#12798=EDGE_CURVE('',#11154,#11695,#9575,.T.);
#12804=ADVANCED_FACE('',(#12803),#12796,.T.);
#12811=EDGE_CURVE('',#11696,#11492,#9589,.T.);
#12817=ADVANCED_FACE('',(#12816),#12809,.F.);
#12824=EDGE_CURVE('',#11150,#11700,#9610,.T.);
#12827=EDGE_CURVE('',#11699,#11487,#9603,.T.);
#12831=ADVANCED_FACE('',(#12830),#12822,.F.);
#12838=EDGE_CURVE('',#11490,#11408,#9582,.T.);
#12844=ADVANCED_FACE('',(#12843),#12836,.F.);
#12851=EDGE_CURVE('',#11488,#11407,#9596,.T.);
#12857=ADVANCED_FACE('',(#12856),#12849,.T.);
#12869=ADVANCED_FACE('',(#12868),#12862,.F.);
#12881=ADVANCED_FACE('',(#12880),#12874,.T.);
#12888=EDGE_CURVE('',#11162,#11687,#9617,.T.);
#12890=EDGE_CURVE('',#11687,#11292,#9652,.T.);
#12895=ADVANCED_FACE('',(#12894),#12886,.T.);
#12902=EDGE_CURVE('',#11688,#11500,#9631,.T.);
#12904=EDGE_CURVE('',#11687,#11688,#9660,.T.);
#12909=ADVANCED_FACE('',(#12908),#12900,.F.);
#12916=EDGE_CURVE('',#11158,#11692,#9705,.T.);
#12918=EDGE_CURVE('',#11691,#11692,#9691,.T.);
#12920=EDGE_CURVE('',#11691,#11495,#9645,.T.);
#12924=ADVANCED_FACE('',(#12923),#12914,.F.);
#12931=EDGE_CURVE('',#11498,#11412,#9624,.T.);
#12933=EDGE_CURVE('',#11412,#11688,#9668,.T.);
#12938=ADVANCED_FACE('',(#12937),#12929,.F.);
#12945=EDGE_CURVE('',#11496,#11411,#9638,.T.);
#12947=EDGE_CURVE('',#11411,#11412,#9675,.T.);
#12952=ADVANCED_FACE('',(#12951),#12943,.T.);
#12960=EDGE_CURVE('',#11691,#11411,#9683,.T.);
#12965=ADVANCED_FACE('',(#12964),#12957,.F.);
#12978=EDGE_CURVE('',#11291,#11692,#9698,.T.);
#12982=ADVANCED_FACE('',(#12981),#12970,.T.);
#12994=ADVANCED_FACE('',(#12993),#12987,.T.);
#13001=EDGE_CURVE('',#11170,#11679,#9712,.T.);
#13003=EDGE_CURVE('',#11679,#11296,#9747,.T.);
#13008=ADVANCED_FACE('',(#13007),#12999,.T.);
#13015=EDGE_CURVE('',#11680,#11508,#9726,.T.);
#13017=EDGE_CURVE('',#11679,#11680,#9755,.T.);
#13022=ADVANCED_FACE('',(#13021),#13013,.F.);
#13029=EDGE_CURVE('',#11166,#11684,#9800,.T.);
#13031=EDGE_CURVE('',#11683,#11684,#9786,.T.);
#13033=EDGE_CURVE('',#11683,#11503,#9740,.T.);
#13037=ADVANCED_FACE('',(#13036),#13027,.F.);
#13044=EDGE_CURVE('',#11506,#11416,#9719,.T.);
#13046=EDGE_CURVE('',#11416,#11680,#9763,.T.);
#13051=ADVANCED_FACE('',(#13050),#13042,.F.);
#13058=EDGE_CURVE('',#11504,#11415,#9733,.T.);
#13060=EDGE_CURVE('',#11415,#11416,#9770,.T.);
#13065=ADVANCED_FACE('',(#13064),#13056,.T.);
#13073=EDGE_CURVE('',#11683,#11415,#9778,.T.);
#13078=ADVANCED_FACE('',(#13077),#13070,.F.);
#13091=EDGE_CURVE('',#11295,#11684,#9793,.T.);
#13095=ADVANCED_FACE('',(#13094),#13083,.T.);
#13107=ADVANCED_FACE('',(#13106),#13100,.T.);
#13114=EDGE_CURVE('',#11178,#11671,#9807,.T.);
#13116=EDGE_CURVE('',#11671,#11300,#9842,.T.);
#13121=ADVANCED_FACE('',(#13120),#13112,.T.);
#13128=EDGE_CURVE('',#11672,#11516,#9821,.T.);
#13130=EDGE_CURVE('',#11671,#11672,#9850,.T.);
#13135=ADVANCED_FACE('',(#13134),#13126,.F.);
#13142=EDGE_CURVE('',#11174,#11676,#9895,.T.);
#13144=EDGE_CURVE('',#11675,#11676,#9881,.T.);
#13146=EDGE_CURVE('',#11675,#11511,#9835,.T.);
#13150=ADVANCED_FACE('',(#13149),#13140,.F.);
#13157=EDGE_CURVE('',#11514,#11420,#9814,.T.);
#13159=EDGE_CURVE('',#11420,#11672,#9858,.T.);
#13164=ADVANCED_FACE('',(#13163),#13155,.F.);
#13171=EDGE_CURVE('',#11512,#11419,#9828,.T.);
#13173=EDGE_CURVE('',#11419,#11420,#9865,.T.);
#13178=ADVANCED_FACE('',(#13177),#13169,.T.);
#13186=EDGE_CURVE('',#11675,#11419,#9873,.T.);
#13191=ADVANCED_FACE('',(#13190),#13183,.F.);
#13204=EDGE_CURVE('',#11299,#11676,#9888,.T.);
#13208=ADVANCED_FACE('',(#13207),#13196,.T.);
#13220=ADVANCED_FACE('',(#13219),#13213,.T.);
#13226=EDGE_CURVE('',#11213,#11270,#9902,.T.);
#13230=EDGE_CURVE('',#11092,#11094,#10165,.T.);
#13234=EDGE_CURVE('',#11241,#11284,#9916,.T.);
#13236=EDGE_CURVE('',#11282,#11284,#9923,.T.);
#13238=EDGE_CURVE('',#11237,#11282,#9930,.T.);
#13241=EDGE_CURVE('',#11233,#11280,#9937,.T.);
#13243=EDGE_CURVE('',#11278,#11280,#9944,.T.);
#13245=EDGE_CURVE('',#11229,#11278,#9951,.T.);
#13248=EDGE_CURVE('',#11225,#11276,#9958,.T.);
#13250=EDGE_CURVE('',#11274,#11276,#9965,.T.);
#13252=EDGE_CURVE('',#11221,#11274,#9972,.T.);
#13255=EDGE_CURVE('',#11217,#11272,#9979,.T.);
#13257=EDGE_CURVE('',#11270,#11272,#9986,.T.);
#13261=EDGE_CURVE('',#11343,#11344,#9993,.T.);
#13263=EDGE_CURVE('',#11344,#11352,#10000,.T.);
#13265=EDGE_CURVE('',#11351,#11352,#10007,.T.);
#13267=EDGE_CURVE('',#11343,#11351,#10014,.T.);
#13271=EDGE_CURVE('',#11347,#11348,#10021,.T.);
#13273=EDGE_CURVE('',#11348,#11356,#10028,.T.);
#13275=EDGE_CURVE('',#11355,#11356,#10035,.T.);
#13277=EDGE_CURVE('',#11347,#11355,#10042,.T.);
#13281=ADVANCED_FACE('',(#13260,#13270,#13280),#13225,.T.);
#13289=EDGE_CURVE('',#11270,#11708,#10102,.T.);
#13291=EDGE_CURVE('',#11214,#11708,#10049,.T.);
#13295=ADVANCED_FACE('',(#13294),#13286,.T.);
#13302=EDGE_CURVE('',#11703,#11272,#10056,.T.);
#13304=EDGE_CURVE('',#11703,#11704,#10064,.T.);
#13306=EDGE_CURVE('',#11440,#11704,#10072,.T.);
#13308=EDGE_CURVE('',#11439,#11440,#10079,.T.);
#13310=EDGE_CURVE('',#11707,#11439,#10087,.T.);
#13312=EDGE_CURVE('',#11707,#11708,#10095,.T.);
#13317=ADVANCED_FACE('',(#13316),#13300,.T.);
#13324=EDGE_CURVE('',#11218,#11703,#10109,.T.);
#13330=ADVANCED_FACE('',(#13329),#13322,.T.);
#13337=EDGE_CURVE('',#11704,#11556,#10123,.T.);
#13343=ADVANCED_FACE('',(#13342),#13335,.F.);
#13352=EDGE_CURVE('',#11707,#11551,#10137,.T.);
#13356=ADVANCED_FACE('',(#13355),#13348,.F.);
#13363=EDGE_CURVE('',#11554,#11440,#10116,.T.);
#13369=ADVANCED_FACE('',(#13368),#13361,.F.);
#13376=EDGE_CURVE('',#11552,#11439,#10130,.T.);
#13382=ADVANCED_FACE('',(#13381),#13374,.T.);
#13394=ADVANCED_FACE('',(#13393),#13387,.F.);
#13406=ADVANCED_FACE('',(#13405),#13399,.T.);
#13420=EDGE_CURVE('',#11242,#11727,#10172,.T.);
#13422=EDGE_CURVE('',#11727,#11284,#10207,.T.);
#13427=ADVANCED_FACE('',(#13426),#13418,.T.);
#13434=EDGE_CURVE('',#11728,#11580,#10186,.T.);
#13436=EDGE_CURVE('',#11727,#11728,#10215,.T.);
#13441=ADVANCED_FACE('',(#13440),#13432,.F.);
#13448=EDGE_CURVE('',#11238,#11732,#10260,.T.);
#13450=EDGE_CURVE('',#11731,#11732,#10246,.T.);
#13452=EDGE_CURVE('',#11731,#11575,#10200,.T.);
#13456=ADVANCED_FACE('',(#13455),#13446,.F.);
#13463=EDGE_CURVE('',#11578,#11452,#10179,.T.);
#13465=EDGE_CURVE('',#11452,#11728,#10223,.T.);
#13470=ADVANCED_FACE('',(#13469),#13461,.F.);
#13477=EDGE_CURVE('',#11576,#11451,#10193,.T.);
#13479=EDGE_CURVE('',#11451,#11452,#10230,.T.);
#13484=ADVANCED_FACE('',(#13483),#13475,.T.);
#13492=EDGE_CURVE('',#11731,#11451,#10238,.T.);
#13497=ADVANCED_FACE('',(#13496),#13489,.F.);
#13510=EDGE_CURVE('',#11282,#11732,#10253,.T.);
#13514=ADVANCED_FACE('',(#13513),#13502,.T.);
#13526=ADVANCED_FACE('',(#13525),#13519,.T.);
#13533=EDGE_CURVE('',#11234,#11719,#10267,.T.);
#13535=EDGE_CURVE('',#11719,#11280,#10302,.T.);
#13540=ADVANCED_FACE('',(#13539),#13531,.T.);
#13547=EDGE_CURVE('',#11720,#11572,#10281,.T.);
#13549=EDGE_CURVE('',#11719,#11720,#10310,.T.);
#13554=ADVANCED_FACE('',(#13553),#13545,.F.);
#13561=EDGE_CURVE('',#11230,#11724,#10355,.T.);
#13563=EDGE_CURVE('',#11723,#11724,#10341,.T.);
#13565=EDGE_CURVE('',#11723,#11567,#10295,.T.);
#13569=ADVANCED_FACE('',(#13568),#13559,.F.);
#13576=EDGE_CURVE('',#11570,#11448,#10274,.T.);
#13578=EDGE_CURVE('',#11448,#11720,#10318,.T.);
#13583=ADVANCED_FACE('',(#13582),#13574,.F.);
#13590=EDGE_CURVE('',#11568,#11447,#10288,.T.);
#13592=EDGE_CURVE('',#11447,#11448,#10325,.T.);
#13597=ADVANCED_FACE('',(#13596),#13588,.T.);
#13605=EDGE_CURVE('',#11723,#11447,#10333,.T.);
#13610=ADVANCED_FACE('',(#13609),#13602,.F.);
#13623=EDGE_CURVE('',#11278,#11724,#10348,.T.);
#13627=ADVANCED_FACE('',(#13626),#13615,.T.);
#13639=ADVANCED_FACE('',(#13638),#13632,.T.);
#13646=EDGE_CURVE('',#11226,#11711,#10362,.T.);
#13648=EDGE_CURVE('',#11711,#11276,#10397,.T.);
#13653=ADVANCED_FACE('',(#13652),#13644,.T.);
#13660=EDGE_CURVE('',#11712,#11564,#10376,.T.);
#13662=EDGE_CURVE('',#11711,#11712,#10405,.T.);
#13667=ADVANCED_FACE('',(#13666),#13658,.F.);
#13674=EDGE_CURVE('',#11222,#11716,#10450,.T.);
#13676=EDGE_CURVE('',#11715,#11716,#10436,.T.);
#13678=EDGE_CURVE('',#11715,#11559,#10390,.T.);
#13682=ADVANCED_FACE('',(#13681),#13672,.F.);
#13689=EDGE_CURVE('',#11562,#11444,#10369,.T.);
#13691=EDGE_CURVE('',#11444,#11712,#10413,.T.);
#13696=ADVANCED_FACE('',(#13695),#13687,.F.);
#13703=EDGE_CURVE('',#11560,#11443,#10383,.T.);
#13705=EDGE_CURVE('',#11443,#11444,#10420,.T.);
#13710=ADVANCED_FACE('',(#13709),#13701,.T.);
#13718=EDGE_CURVE('',#11715,#11443,#10428,.T.);
#13723=ADVANCED_FACE('',(#13722),#13715,.F.);
#13736=EDGE_CURVE('',#11274,#11716,#10443,.T.);
#13740=ADVANCED_FACE('',(#13739),#13728,.T.);
#13752=ADVANCED_FACE('',(#13751),#13745,.T.);
#13759=EDGE_CURVE('',#11595,#11327,#10457,.T.);
#13761=EDGE_CURVE('',#11380,#11595,#10464,.T.);
#13764=EDGE_CURVE('',#11591,#11379,#10471,.T.);
#13766=EDGE_CURVE('',#11328,#11591,#10478,.T.);
#13770=ADVANCED_FACE('',(#13769),#13757,.T.);
#13777=EDGE_CURVE('',#11323,#11331,#10485,.T.);
#13779=EDGE_CURVE('',#11344,#11323,#10492,.T.);
#13782=EDGE_CURVE('',#11319,#11343,#10499,.T.);
#13784=EDGE_CURVE('',#11332,#11319,#10506,.T.);
#13788=ADVANCED_FACE('',(#13787),#13775,.T.);
#13795=EDGE_CURVE('',#11583,#11347,#10513,.T.);
#13797=EDGE_CURVE('',#11360,#11583,#10520,.T.);
#13800=EDGE_CURVE('',#11587,#11359,#10527,.T.);
#13802=EDGE_CURVE('',#11348,#11587,#10534,.T.);
#13806=ADVANCED_FACE('',(#13805),#13793,.T.);
#13813=EDGE_CURVE('',#11603,#11363,#10541,.T.);
#13815=EDGE_CURVE('',#11376,#11603,#10548,.T.);
#13818=EDGE_CURVE('',#11599,#11375,#10555,.T.);
#13820=EDGE_CURVE('',#11364,#11599,#10562,.T.);
#13824=ADVANCED_FACE('',(#13823),#13811,.T.);
#13831=EDGE_CURVE('',#11596,#11335,#10597,.T.);
#13833=EDGE_CURVE('',#11595,#11596,#10569,.T.);
#13838=ADVANCED_FACE('',(#13837),#13829,.F.);
#13845=EDGE_CURVE('',#11336,#11592,#10576,.T.);
#13847=EDGE_CURVE('',#11592,#11387,#10583,.T.);
#13850=EDGE_CURVE('',#11388,#11596,#10590,.T.);
#13855=ADVANCED_FACE('',(#13854),#13843,.F.);
#13862=EDGE_CURVE('',#11340,#11320,#10604,.T.);
#13864=EDGE_CURVE('',#11320,#11351,#10611,.T.);
#13867=EDGE_CURVE('',#11352,#11324,#10618,.T.);
#13869=EDGE_CURVE('',#11324,#11339,#10625,.T.);
#13873=ADVANCED_FACE('',(#13872),#13860,.F.);
#13880=EDGE_CURVE('',#11356,#11588,#10632,.T.);
#13882=EDGE_CURVE('',#11588,#11367,#10639,.T.);
#13885=EDGE_CURVE('',#11368,#11584,#10646,.T.);
#13887=EDGE_CURVE('',#11584,#11355,#10653,.T.);
#13891=ADVANCED_FACE('',(#13890),#13878,.F.);
#13898=EDGE_CURVE('',#11372,#11600,#10660,.T.);
#13900=EDGE_CURVE('',#11600,#11383,#10667,.T.);
#13903=EDGE_CURVE('',#11384,#11604,#10674,.T.);
#13905=EDGE_CURVE('',#11604,#11371,#10681,.T.);
#13909=ADVANCED_FACE('',(#13908),#13896,.F.);
#13917=EDGE_CURVE('',#11591,#11592,#10688,.T.);
#13922=ADVANCED_FACE('',(#13921),#13914,.F.);
#13934=ADVANCED_FACE('',(#13933),#13927,.F.);
#13946=ADVANCED_FACE('',(#13945),#13939,.F.);
#13954=EDGE_CURVE('',#11319,#11320,#10695,.T.);
#13959=ADVANCED_FACE('',(#13958),#13951,.F.);
#13971=ADVANCED_FACE('',(#13970),#13964,.F.);
#13979=EDGE_CURVE('',#11323,#11324,#10702,.T.);
#13984=ADVANCED_FACE('',(#13983),#13976,.F.);
#13996=ADVANCED_FACE('',(#13995),#13989,.F.);
#14004=EDGE_CURVE('',#11587,#11588,#10709,.T.);
#14009=ADVANCED_FACE('',(#14008),#14001,.F.);
#14021=ADVANCED_FACE('',(#14020),#14014,.F.);
#14029=EDGE_CURVE('',#11583,#11584,#10716,.T.);
#14034=ADVANCED_FACE('',(#14033),#14026,.F.);
#14046=ADVANCED_FACE('',(#14045),#14039,.F.);
#14054=EDGE_CURVE('',#11599,#11600,#10723,.T.);
#14059=ADVANCED_FACE('',(#14058),#14051,.F.);
#14071=ADVANCED_FACE('',(#14070),#14064,.F.);
#14079=EDGE_CURVE('',#11603,#11604,#10730,.T.);
#14084=ADVANCED_FACE('',(#14083),#14076,.F.);
#14096=ADVANCED_FACE('',(#14095),#14089,.F.);
#14103=EDGE_CURVE('',#11142,#11634,#10737,.T.);
#14105=EDGE_CURVE('',#11634,#11267,#10772,.T.);
#14110=ADVANCED_FACE('',(#14109),#14101,.F.);
#14117=EDGE_CURVE('',#11479,#11630,#10744,.T.);
#14119=EDGE_CURVE('',#11634,#11630,#10780,.T.);
#14124=ADVANCED_FACE('',(#14123),#14115,.F.);
#14131=EDGE_CURVE('',#11146,#11636,#10825,.T.);
#14133=EDGE_CURVE('',#11632,#11636,#10811,.T.);
#14135=EDGE_CURVE('',#11484,#11632,#10758,.T.);
#14139=ADVANCED_FACE('',(#14138),#14129,.F.);
#14146=EDGE_CURVE('',#11480,#11403,#10751,.T.);
#14148=EDGE_CURVE('',#11630,#11403,#10788,.T.);
#14153=ADVANCED_FACE('',(#14152),#14144,.F.);
#14160=EDGE_CURVE('',#11482,#11404,#10765,.T.);
#14162=EDGE_CURVE('',#11403,#11404,#10795,.T.);
#14167=ADVANCED_FACE('',(#14166),#14158,.F.);
#14175=EDGE_CURVE('',#11404,#11632,#10803,.T.);
#14180=ADVANCED_FACE('',(#14179),#14172,.F.);
#14193=EDGE_CURVE('',#11268,#11636,#10818,.T.);
#14197=ADVANCED_FACE('',(#14196),#14185,.F.);
#14209=ADVANCED_FACE('',(#14208),#14202,.F.);
#14216=EDGE_CURVE('',#11134,#11626,#10832,.T.);
#14218=EDGE_CURVE('',#11626,#11263,#10867,.T.);
#14223=ADVANCED_FACE('',(#14222),#14214,.F.);
#14230=EDGE_CURVE('',#11471,#11622,#10839,.T.);
#14232=EDGE_CURVE('',#11626,#11622,#10875,.T.);
#14237=ADVANCED_FACE('',(#14236),#14228,.F.);
#14244=EDGE_CURVE('',#11138,#11628,#10920,.T.);
#14246=EDGE_CURVE('',#11624,#11628,#10906,.T.);
#14248=EDGE_CURVE('',#11476,#11624,#10853,.T.);
#14252=ADVANCED_FACE('',(#14251),#14242,.F.);
#14259=EDGE_CURVE('',#11472,#11399,#10846,.T.);
#14261=EDGE_CURVE('',#11622,#11399,#10883,.T.);
#14266=ADVANCED_FACE('',(#14265),#14257,.F.);
#14273=EDGE_CURVE('',#11474,#11400,#10860,.T.);
#14275=EDGE_CURVE('',#11399,#11400,#10890,.T.);
#14280=ADVANCED_FACE('',(#14279),#14271,.F.);
#14288=EDGE_CURVE('',#11400,#11624,#10898,.T.);
#14293=ADVANCED_FACE('',(#14292),#14285,.F.);
#14306=EDGE_CURVE('',#11264,#11628,#10913,.T.);
#14310=ADVANCED_FACE('',(#14309),#14298,.F.);
#14322=ADVANCED_FACE('',(#14321),#14315,.F.);
#14329=EDGE_CURVE('',#11126,#11618,#10927,.T.);
#14331=EDGE_CURVE('',#11618,#11259,#10962,.T.);
#14336=ADVANCED_FACE('',(#14335),#14327,.F.);
#14343=EDGE_CURVE('',#11463,#11614,#10934,.T.);
#14345=EDGE_CURVE('',#11618,#11614,#10970,.T.);
#14350=ADVANCED_FACE('',(#14349),#14341,.F.);
#14357=EDGE_CURVE('',#11130,#11620,#11015,.T.);
#14359=EDGE_CURVE('',#11616,#11620,#11001,.T.);
#14361=EDGE_CURVE('',#11468,#11616,#10948,.T.);
#14365=ADVANCED_FACE('',(#14364),#14355,.F.);
#14372=EDGE_CURVE('',#11464,#11395,#10941,.T.);
#14374=EDGE_CURVE('',#11614,#11395,#10978,.T.);
#14379=ADVANCED_FACE('',(#14378),#14370,.F.);
#14386=EDGE_CURVE('',#11466,#11396,#10955,.T.);
#14388=EDGE_CURVE('',#11395,#11396,#10985,.T.);
#14393=ADVANCED_FACE('',(#14392),#14384,.F.);
#14401=EDGE_CURVE('',#11396,#11616,#10993,.T.);
#14406=ADVANCED_FACE('',(#14405),#14398,.F.);
#14419=EDGE_CURVE('',#11260,#11620,#11008,.T.);
#14423=ADVANCED_FACE('',(#14422),#14411,.F.);
#14435=ADVANCED_FACE('',(#14434),#14428,.F.);
#14442=EDGE_CURVE('',#11246,#11107,#11029,.T.);
#14444=EDGE_CURVE('',#11114,#11107,#11064,.T.);
#14446=EDGE_CURVE('',#11114,#11245,#11022,.T.);
#14450=ADVANCED_FACE('',(#14449),#14440,.F.);
#14457=EDGE_CURVE('',#11248,#11108,#11036,.T.);
#14459=EDGE_CURVE('',#11107,#11108,#11071,.T.);
#14464=ADVANCED_FACE('',(#14463),#14455,.F.);
#14471=EDGE_CURVE('',#11250,#11110,#11050,.T.);
#14473=EDGE_CURVE('',#11108,#11110,#11078,.T.);
#14478=ADVANCED_FACE('',(#14477),#14469,.F.);
#14485=EDGE_CURVE('',#11113,#11252,#11043,.T.);
#14487=EDGE_CURVE('',#11110,#11113,#11085,.T.);
#14492=ADVANCED_FACE('',(#14491),#14483,.F.);
#14500=EDGE_CURVE('',#11113,#11114,#11057,.T.);
#14505=ADVANCED_FACE('',(#14504),#14497,.F.);
#14518=ADVANCED_FACE('',(#14517),#14510,.F.);
#14527=(LENGTH_UNIT()NAMED_UNIT(*)SI_UNIT(.MILLI.,.METRE.));
#14528=(NAMED_UNIT(*)PLANE_ANGLE_UNIT()SI_UNIT($,.RADIAN.));
#14531=(NAMED_UNIT(*)SI_UNIT($,.STERADIAN.)SOLID_ANGLE_UNIT());
#14533=(GEOMETRIC_REPRESENTATION_CONTEXT(3)GLOBAL_UNCERTAINTY_ASSIGNED_CONTEXT((
#14532))GLOBAL_UNIT_ASSIGNED_CONTEXT((#14527,#14530,#14531))REPRESENTATION_CONTEXT('ID2','3'));
#14537=AXIS2_PLACEMENT_3D('',#14534,#14535,#14536);
#14538=ADVANCED_BREP_SHAPE_REPRESENTATION('',(#14537,#14520),#14533);
#14542=PRODUCT_DEFINITION('part definition','',#14541,#7465);
#14543=PRODUCT_DEFINITION_SHAPE('','SHAPE FOR BODY.',#14542);
#14544=SHAPE_ASPECT('','solid data associated with BODY',#14543,.F.);
#14545=PROPERTY_DEFINITION('',
'shape for solid data with which properties are associated',#14544);
#14546=SHAPE_REPRESENTATION('',(#14520),#14533);
#14547=SHAPE_DEFINITION_REPRESENTATION(#14545,#14546);
#14548=(LENGTH_UNIT()NAMED_UNIT(*)SI_UNIT(.MILLI.,.METRE.));
#14552=PROPERTY_DEFINITION('geometric validation property','area of BODY',
#14544);
#14553=REPRESENTATION('surface area',(#14551),#14533);
#14554=PROPERTY_DEFINITION_REPRESENTATION(#14552,#14553);
#14555=(LENGTH_UNIT()NAMED_UNIT(*)SI_UNIT(.MILLI.,.METRE.));
#14559=PROPERTY_DEFINITION('geometric validation property','volume of BODY',
#14544);
#14560=REPRESENTATION('volume',(#14558),#14533);
#14561=PROPERTY_DEFINITION_REPRESENTATION(#14559,#14560);
#14563=PROPERTY_DEFINITION('geometric validation property','centroid of BODY',
#14544);
#14564=REPRESENTATION('centroid',(#14562),#14533);
#14565=PROPERTY_DEFINITION_REPRESENTATION(#14563,#14564);
#14566=(LENGTH_UNIT()NAMED_UNIT(*)SI_UNIT(.MILLI.,.METRE.));
#14570=PROPERTY_DEFINITION('geometric validation property','area of BODY',
#14543);
#14571=REPRESENTATION('surface area',(#14569),#14533);
#14572=PROPERTY_DEFINITION_REPRESENTATION(#14570,#14571);
#14573=(LENGTH_UNIT()NAMED_UNIT(*)SI_UNIT(.MILLI.,.METRE.));
#14577=PROPERTY_DEFINITION('geometric validation property','volume of BODY',
#14543);
#14578=REPRESENTATION('volume',(#14576),#14533);
#14579=PROPERTY_DEFINITION_REPRESENTATION(#14577,#14578);
#14581=PROPERTY_DEFINITION('geometric validation property','centroid of BODY',
#14543);
#14582=REPRESENTATION('centroid',(#14580),#14533);
#14583=PROPERTY_DEFINITION_REPRESENTATION(#14581,#14582);
#14584=SHAPE_DEFINITION_REPRESENTATION(#14543,#14538);
#14592=PLANAR_BOX('',6.292752336664E0,5.309509784060E0,#14591);
#14599=CAMERA_USAGE(#14598,#14585);
#14604=PLANAR_BOX('',1.E3,8.4375E2,#14603);
#14624=PRESENTATION_AREA('',(#14623,#14628),#7512);
#14634=NEXT_ASSEMBLY_USAGE_OCCURRENCE('1','Next assembly relationship','BODY',
#14739,#14542,$);
#14635=PRODUCT_DEFINITION_SHAPE('Placement #1',
'Placement of BODY with respect to RGV0016D_ASM',#14634);
#14637=PROPERTY_DEFINITION('geometric validation property','centroid of BODY',
#14635);
#14638=REPRESENTATION('centroid',(#14636),#14533);
#14639=PROPERTY_DEFINITION_REPRESENTATION(#14637,#14638);
#14647=(LENGTH_UNIT()NAMED_UNIT(*)SI_UNIT(.MILLI.,.METRE.));
#14648=(NAMED_UNIT(*)PLANE_ANGLE_UNIT()SI_UNIT($,.RADIAN.));
#14651=(NAMED_UNIT(*)SI_UNIT($,.STERADIAN.)SOLID_ANGLE_UNIT());
#14653=(GEOMETRIC_REPRESENTATION_CONTEXT(3)GLOBAL_UNCERTAINTY_ASSIGNED_CONTEXT((
#14652))GLOBAL_UNIT_ASSIGNED_CONTEXT((#14647,#14650,#14651))REPRESENTATION_CONTEXT('ID3','3'));
#14657=AXIS2_PLACEMENT_3D('',#14654,#14655,#14656);
#14658=SHAPE_REPRESENTATION('',(#14657),#14653);
#14663=PRODUCT_DEFINITION('part definition','',#14662,#14659);
#14664=PRODUCT_DEFINITION_SHAPE('','SHAPE FOR PIN1_AREA.',#14663);
#14665=SHAPE_DEFINITION_REPRESENTATION(#14664,#14658);
#14673=PLANAR_BOX('',4.234877328704E0,3.573177746094E0,#14672);
#14680=CAMERA_USAGE(#14679,#14666);
#14685=PLANAR_BOX('',1.E3,8.4375E2,#14684);
#14705=PRESENTATION_AREA('',(#14704,#14709),#7512);
#14715=NEXT_ASSEMBLY_USAGE_OCCURRENCE('2','Next assembly relationship',
'PIN1_AREA',#14739,#14663,$);
#14716=PRODUCT_DEFINITION_SHAPE('Placement #2',
'Placement of PIN1_AREA with respect to RGV0016D_ASM',#14715);
#14724=(LENGTH_UNIT()NAMED_UNIT(*)SI_UNIT(.MILLI.,.METRE.));
#14725=(NAMED_UNIT(*)PLANE_ANGLE_UNIT()SI_UNIT($,.RADIAN.));
#14728=(NAMED_UNIT(*)SI_UNIT($,.STERADIAN.)SOLID_ANGLE_UNIT());
#14730=(GEOMETRIC_REPRESENTATION_CONTEXT(3)GLOBAL_UNCERTAINTY_ASSIGNED_CONTEXT((
#14729))GLOBAL_UNIT_ASSIGNED_CONTEXT((#14724,#14727,#14728))REPRESENTATION_CONTEXT('ID4','3'));
#14734=AXIS2_PLACEMENT_3D('',#14731,#14732,#14733);
#14739=PRODUCT_DEFINITION('part definition','',#14738,#14659);
#14740=(LENGTH_UNIT()NAMED_UNIT(*)SI_UNIT(.MILLI.,.METRE.));
#14744=PROPERTY_DEFINITION('geometric validation property',
'area of RGV0016D_ASM',#7563);
#14745=REPRESENTATION('surface area',(#14743),#14730);
#14746=PROPERTY_DEFINITION_REPRESENTATION(#14744,#14745);
#14747=(LENGTH_UNIT()NAMED_UNIT(*)SI_UNIT(.MILLI.,.METRE.));
#14751=PROPERTY_DEFINITION('geometric validation property',
'volume of RGV0016D_ASM',#7563);
#14752=REPRESENTATION('volume',(#14750),#14730);
#14753=PROPERTY_DEFINITION_REPRESENTATION(#14751,#14752);
#14755=PROPERTY_DEFINITION('geometric validation property',
'centroid of RGV0016D_ASM',#7563);
#14756=REPRESENTATION('centroid',(#14754),#14730);
#14757=PROPERTY_DEFINITION_REPRESENTATION(#14755,#14756);
#14766=PLANAR_BOX('',6.688353942432E0,5.643298638927E0,#14765);
#14773=CAMERA_USAGE(#14772,#14759);
#14778=PLANAR_BOX('',1.E3,8.4375E2,#14777);
#14798=PRESENTATION_AREA('',(#14797,#14802),#7512);
ENDSEC;
END-ISO-10303-21;
