ISO-10303-21;
HEADER;
FILE_DESCRIPTION (( 'STEP AP214' ),
    '1' );
FILE_NAME ('CUI_DEVICES_TS02-66-43-BK-100-SCR-D.step',
    '2021-12-18T19:12:36',
    ( '' ),
    ( '' ),
    'SwSTEP 2.0',
    'SolidWorks 2021',
    '' );
FILE_SCHEMA (( 'AUTOMOTIVE_DESIGN' ));
ENDSEC;

DATA;
#1 = EDGE_CURVE ( 'NONE', #3173, #1653, #1492, .T. ) ;
#2 = DIRECTION ( 'NONE',  ( 1.000000000000000000, 0.0000000000000000000, 0.0000000000000000000 ) ) ;
#3 = CARTESIAN_POINT ( 'NONE',  ( 0.1259842519685039353, 0.001910576577067480157, 0.07480314960629921850 ) ) ;
#4 = EDGE_LOOP ( 'NONE', ( #3117, #3126, #3321, #1732 ) ) ;
#5 = LINE ( 'NONE', #3529, #2194 ) ;
#6 = CARTESIAN_POINT ( 'NONE',  ( -0.08858267716535432601, 0.1377952755905511861, -0.1122047244094488139 ) ) ;
#7 = VERTEX_POINT ( 'NONE', #2291 ) ;
#8 = DIRECTION ( 'NONE',  ( 1.000000000000000000, 0.0000000000000000000, 0.0000000000000000000 ) ) ;
#9 = EDGE_CURVE ( 'NONE', #341, #2531, #2305, .T. ) ;
#10 = DIRECTION ( 'NONE',  ( 0.0000000000000000000, 0.0000000000000000000, -1.000000000000000000 ) ) ;
#11 = ORIENTED_EDGE ( 'NONE', *, *, #1, .T. ) ;
#12 = VERTEX_POINT ( 'NONE', #758 ) ;
#13 = CARTESIAN_POINT ( 'NONE',  ( 0.1122047244094488277, 0.1377952755905511861, 0.1181102362204724532 ) ) ;
#14 = CARTESIAN_POINT ( 'NONE',  ( -0.1259842519685039353, 0.001910576577067480157, 0.1023622047244094474 ) ) ;
#15 = ORIENTED_EDGE ( 'NONE', *, *, #2243, .F. ) ;
#16 = PRESENTATION_LAYER_ASSIGNMENT (  '', '', ( #1118 ) ) ;
#17 = CARTESIAN_POINT ( 'NONE',  ( 0.1181102362204724532, -0.003937007874015747977, -0.04921259842519685318 ) ) ;
#18 = ADVANCED_FACE ( 'NONE', ( #1220 ), #2916, .F. ) ;
#19 = CARTESIAN_POINT ( 'NONE',  ( -0.1259842519685039353, 0.001910576577067484277, -0.07480314960629921850 ) ) ;
#20 = AXIS2_PLACEMENT_3D ( 'NONE', #2019, #2236, #64 ) ;
#21 = CIRCLE ( 'NONE', #1285, 0.007874015748031499423 ) ;
#22 = AXIS2_PLACEMENT_3D ( 'NONE', #2470, #3023, #578 ) ;
#23 = CARTESIAN_POINT ( 'NONE',  ( -0.1181102362204724532, 0.1377952755905511861, 0.1181102362204724532 ) ) ;
#24 = VECTOR ( 'NONE', #2100, 39.37007874015748143 ) ;
#25 = CARTESIAN_POINT ( 'NONE',  ( -0.1328516659854228621, -0.03344851307380460742, 0.1070731206436911498 ) ) ;
#26 = VECTOR ( 'NONE', #975, 39.37007874015748143 ) ;
#27 =( GEOMETRIC_REPRESENTATION_CONTEXT ( 3 ) GLOBAL_UNCERTAINTY_ASSIGNED_CONTEXT ( ( #1908 ) ) GLOBAL_UNIT_ASSIGNED_CONTEXT ( ( #968, #2622, #2638 ) ) REPRESENTATION_CONTEXT ( 'NONE', 'WORKASPACE' ) );
#28 = ORIENTED_EDGE ( 'NONE', *, *, #3374, .T. ) ;
#29 = EDGE_CURVE ( 'NONE', #1246, #708, #1552, .T. ) ;
#30 = CARTESIAN_POINT ( 'NONE',  ( -0.1408568301426933178, -0.03510474995793744224, 0.1023622047244094474 ) ) ;
#31 = VECTOR ( 'NONE', #1608, 39.37007874015748143 ) ;
#32 = VECTOR ( 'NONE', #76, 39.37007874015748143 ) ;
#33 = ORIENTED_EDGE ( 'NONE', *, *, #1417, .F. ) ;
#34 = CARTESIAN_POINT ( 'NONE',  ( 0.08858267716535432601, 0.1299212598425196763, 0.08858267716535432601 ) ) ;
#35 = ADVANCED_FACE ( 'NONE', ( #203 ), #1244, .T. ) ;
#36 = CARTESIAN_POINT ( 'NONE',  ( -0.1189390950157675347, -0.001605939811570186943, 0.1023622047244094474 ) ) ;
#37 = AXIS2_PLACEMENT_3D ( 'NONE', #1227, #1207, #622 ) ;
#38 = CYLINDRICAL_SURFACE ( 'NONE', #1698, 0.005905511811023620231 ) ;
#39 = CARTESIAN_POINT ( 'NONE',  ( 0.1280139404404702919, -0.04283040298287204423, -0.07501445166377776474 ) ) ;
#40 = DIRECTION ( 'NONE',  ( 1.000000000000000000, 1.019578823124772320E-44, 4.701977403289159841E-30 ) ) ;
#41 = VERTEX_POINT ( 'NONE', #2385 ) ;
#42 = DIRECTION ( 'NONE',  ( 0.0000000000000000000, 0.0000000000000000000, 1.000000000000000000 ) ) ;
#43 = CARTESIAN_POINT ( 'NONE',  ( 0.1338584372998307126, -0.03149606299212598381, -0.1023622047244094474 ) ) ;
#44 = ORIENTED_EDGE ( 'NONE', *, *, #2633, .T. ) ;
#45 = EDGE_CURVE ( 'NONE', #2970, #112, #999, .T. ) ;
#46 = EDGE_LOOP ( 'NONE', ( #1770, #2752 ) ) ;
#47 = DIRECTION ( 'NONE',  ( 0.0000000000000000000, 0.0000000000000000000, -1.000000000000000000 ) ) ;
#48 = ORIENTED_EDGE ( 'NONE', *, *, #768, .F. ) ;
#49 = LINE ( 'NONE', #878, #2765 ) ;
#50 = CARTESIAN_POINT ( 'NONE',  ( -0.1181102362204724532, 0.0000000000000000000, 0.04921259842519685318 ) ) ;
#51 = PLANE ( 'NONE',  #2989 ) ;
#52 = DIRECTION ( 'NONE',  ( 0.0000000000000000000, -1.000000000000000000, 0.0000000000000000000 ) ) ;
#53 = EDGE_LOOP ( 'NONE', ( #2692, #3323, #202, #1264 ) ) ;
#54 = CARTESIAN_POINT ( 'NONE',  ( 0.1338584372998307126, -0.03149606299212598381, 0.07480314960629921850 ) ) ;
#55 = CARTESIAN_POINT ( 'NONE',  ( -0.1259842519685039353, 0.001910576577067480157, 0.07480314960629921850 ) ) ;
#56 = EDGE_CURVE ( 'NONE', #382, #3366, #2756, .T. ) ;
#57 = EDGE_CURVE ( 'NONE', #1643, #2241, #1342, .T. ) ;
#58 = ORIENTED_EDGE ( 'NONE', *, *, #1203, .F. ) ;
#59 = CARTESIAN_POINT ( 'NONE',  ( 0.08858267716535432601, 0.1496062992125984370, 0.08858267716535432601 ) ) ;
#60 = EDGE_CURVE ( 'NONE', #1100, #3241, #3189, .T. ) ;
#61 = EDGE_CURVE ( 'NONE', #3314, #1885, #741, .T. ) ;
#62 = ORIENTED_EDGE ( 'NONE', *, *, #3417, .F. ) ;
#63 = DIRECTION ( 'NONE',  ( 0.0000000000000000000, -1.000000000000000000, 0.0000000000000000000 ) ) ;
#64 = DIRECTION ( 'NONE',  ( 0.0000000000000000000, 0.0000000000000000000, -1.000000000000000000 ) ) ;
#65 = DIRECTION ( 'NONE',  ( 0.0000000000000000000, 1.000000000000000000, 0.0000000000000000000 ) ) ;
#66 = EDGE_LOOP ( 'NONE', ( #2273, #1041, #1219, #355 ) ) ;
#67 = CARTESIAN_POINT ( 'NONE',  ( 0.1181102362204724532, 0.001910576577067484277, 0.1023622047244094474 ) ) ;
#68 = CARTESIAN_POINT ( 'NONE',  ( -0.1352200082310885954, -0.04603634211220338640, 0.1023622047244094474 ) ) ;
#69 = EDGE_CURVE ( 'NONE', #1351, #112, #2869, .T. ) ;
#70 = ADVANCED_BREP_SHAPE_REPRESENTATION ( 'CUI_DEVICES_TS02-66-43-BK-100-SCR-D', ( #1783, #679, #1829, #603, #618, #3028, #3010 ), #156 ) ;
#71 = VERTEX_POINT ( 'NONE', #701 ) ;
#72 = ORIENTED_EDGE ( 'NONE', *, *, #2565, .F. ) ;
#73 = ADVANCED_FACE ( 'NONE', ( #2880 ), #995, .T. ) ;
#74 = AXIS2_PLACEMENT_3D ( 'NONE', #303, #1923, #3526 ) ;
#75 = AXIS2_PLACEMENT_3D ( 'NONE', #306, #1955, #376 ) ;
#76 = DIRECTION ( 'NONE',  ( -0.8887958910435519444, -0.4583032446580520558, 0.0000000000000000000 ) ) ;
#77 = AXIS2_PLACEMENT_3D ( 'NONE', #2356, #751, #1314 ) ;
#78 = ORIENTED_EDGE ( 'NONE', *, *, #645, .F. ) ;
#79 = LINE ( 'NONE', #3069, #3520 ) ;
#80 = VECTOR ( 'NONE', #2853, 39.37007874015748143 ) ;
#81 = VECTOR ( 'NONE', #1528, 39.37007874015748143 ) ;
#82 = VERTEX_POINT ( 'NONE', #2045 ) ;
#83 = CIRCLE ( 'NONE', #1583, 0.005905511811023620231 ) ;
#84 =( CONVERSION_BASED_UNIT ( 'INCH', #2532 ) LENGTH_UNIT ( ) NAMED_UNIT ( #1903 ) );
#85 = CARTESIAN_POINT ( 'NONE',  ( 0.1417324530478622224, -0.03149606299212598381, 0.1023622047244094474 ) ) ;
#86 = AXIS2_PLACEMENT_3D ( 'NONE', #2296, #369, #2567 ) ;
#87 = FACE_OUTER_BOUND ( 'NONE', #501, .T. ) ;
#88 = CARTESIAN_POINT ( 'NONE',  ( 0.0000000000000000000, 0.1299212598425196763, 0.07283464566929134798 ) ) ;
#89 = ORIENTED_EDGE ( 'NONE', *, *, #3228, .F. ) ;
#90 = CARTESIAN_POINT ( 'NONE',  ( -0.1338584372998307126, -0.03149606299212598381, 0.07480314960629921850 ) ) ;
#91 = DIRECTION ( 'NONE',  ( 0.0000000000000000000, 0.0000000000000000000, -1.000000000000000000 ) ) ;
#92 = AXIS2_PLACEMENT_3D ( 'NONE', #2905, #2888, #1287 ) ;
#93 = PRESENTATION_STYLE_ASSIGNMENT (( #2800 ) ) ;
#94 = ORIENTED_EDGE ( 'NONE', *, *, #713, .F. ) ;
#95 = LINE ( 'NONE', #1175, #719 ) ;
#96 = ORIENTED_EDGE ( 'NONE', *, *, #1372, .T. ) ;
#97 = DIRECTION ( 'NONE',  ( 0.0000000000000000000, 1.000000000000000000, 0.0000000000000000000 ) ) ;
#98 = ADVANCED_FACE ( 'NONE', ( #435 ), #1534, .F. ) ;
#99 = EDGE_CURVE ( 'NONE', #2978, #3364, #164, .T. ) ;
#100 = EDGE_LOOP ( 'NONE', ( #1132, #1615, #337, #2179 ) ) ;
#101 = DIRECTION ( 'NONE',  ( 0.0000000000000000000, 1.000000000000000000, 0.0000000000000000000 ) ) ;
#102 = DIRECTION ( 'NONE',  ( 0.0000000000000000000, 0.0000000000000000000, -1.000000000000000000 ) ) ;
#103 = CARTESIAN_POINT ( 'NONE',  ( 0.1259842519685039353, 0.001910576577067480157, -0.1023622047244094474 ) ) ;
#104 = EDGE_LOOP ( 'NONE', ( #1163, #2954, #1431, #1577 ) ) ;
#105 = PLANE ( 'NONE',  #710 ) ;
#106 = DIRECTION ( 'NONE',  ( -0.4583032446580520558, -0.8887958910435519444, 0.0000000000000000000 ) ) ;
#107 = FACE_BOUND ( 'NONE', #2561, .T. ) ;
#108 = ORIENTED_EDGE ( 'NONE', *, *, #1386, .T. ) ;
#109 = VERTEX_POINT ( 'NONE', #2629 ) ;
#110 = ORIENTED_EDGE ( 'NONE', *, *, #1153, .F. ) ;
#111 = DIRECTION ( 'NONE',  ( 0.0000000000000000000, 0.0000000000000000000, 1.000000000000000000 ) ) ;
#112 = VERTEX_POINT ( 'NONE', #3477 ) ;
#113 = CARTESIAN_POINT ( 'NONE',  ( 0.1181102362204724532, 0.1299212598425196763, -0.1122047244094488277 ) ) ;
#114 = CARTESIAN_POINT ( 'NONE',  ( 0.1352200082310885954, -0.04603634211220338640, -0.07480314960629921850 ) ) ;
#115 = CYLINDRICAL_SURFACE ( 'NONE', #658, 0.007874015748031499423 ) ;
#116 = EDGE_CURVE ( 'NONE', #1152, #636, #3459, .T. ) ;
#117 = CARTESIAN_POINT ( 'NONE',  ( -0.1122047244094488277, 0.1299212598425196763, 0.1122047244094488277 ) ) ;
#118 = DIRECTION ( 'NONE',  ( 0.0000000000000000000, 0.0000000000000000000, -1.000000000000000000 ) ) ;
#119 = ORIENTED_EDGE ( 'NONE', *, *, #2422, .F. ) ;
#120 = PLANE ( 'NONE',  #653 ) ;
#121 = CARTESIAN_POINT ( 'NONE',  ( 0.0000000000000000000, 0.1299212598425196763, 0.06889763779527559306 ) ) ;
#122 = DIRECTION ( 'NONE',  ( 1.000000000000000000, 0.0000000000000000000, 0.0000000000000000000 ) ) ;
#123 = ORIENTED_EDGE ( 'NONE', *, *, #2034, .F. ) ;
#124 = EDGE_CURVE ( 'NONE', #775, #3001, #1568, .T. ) ;
#125 = ORIENTED_EDGE ( 'NONE', *, *, #2801, .F. ) ;
#126 = ORIENTED_EDGE ( 'NONE', *, *, #1490, .T. ) ;
#127 = CIRCLE ( 'NONE', #1504, 0.06765548959564783582 ) ;
#128 = DIRECTION ( 'NONE',  ( 0.0000000000000000000, 0.0000000000000000000, 1.000000000000000000 ) ) ;
#129 = AXIS2_PLACEMENT_3D ( 'NONE', #231, #842, #2448 ) ;
#130 = AXIS2_PLACEMENT_3D ( 'NONE', #1671, #2686, #2455 ) ;
#131 = ORIENTED_EDGE ( 'NONE', *, *, #1456, .F. ) ;
#132 = LINE ( 'NONE', #2295, #3456 ) ;
#133 =( GEOMETRIC_REPRESENTATION_CONTEXT ( 3 ) GLOBAL_UNCERTAINTY_ASSIGNED_CONTEXT ( ( #3295 ) ) GLOBAL_UNIT_ASSIGNED_CONTEXT ( ( #2694, #2169, #2204 ) ) REPRESENTATION_CONTEXT ( 'NONE', 'WORKASPACE' ) );
#134 = CARTESIAN_POINT ( 'NONE',  ( 0.1259842519685039353, 0.001910576577067480157, -0.07480314960629921850 ) ) ;
#135 = CYLINDRICAL_SURFACE ( 'NONE', #2881, 0.02362204724409448092 ) ;
#136 = FACE_BOUND ( 'NONE', #560, .T. ) ;
#137 = ORIENTED_EDGE ( 'NONE', *, *, #1724, .T. ) ;
#138 = VECTOR ( 'NONE', #1790, 39.37007874015748143 ) ;
#139 = EDGE_CURVE ( 'NONE', #2238, #1702, #3382, .T. ) ;
#140 = LINE ( 'NONE', #2586, #2255 ) ;
#141 = DIRECTION ( 'NONE',  ( 1.000000000000000000, 0.0000000000000000000, 0.0000000000000000000 ) ) ;
#142 = AXIS2_PLACEMENT_3D ( 'NONE', #2518, #63, #2866 ) ;
#143 = LINE ( 'NONE', #410, #2701 ) ;
#144 = ORIENTED_EDGE ( 'NONE', *, *, #933, .T. ) ;
#145 = EDGE_CURVE ( 'NONE', #2168, #1303, #488, .T. ) ;
#146 = EDGE_CURVE ( 'NONE', #590, #3324, #1616, .T. ) ;
#147 = VECTOR ( 'NONE', #1457, 39.37007874015748143 ) ;
#148 = CARTESIAN_POINT ( 'NONE',  ( -0.1122047244094488277, 0.0000000000000000000, -0.1122047244094488277 ) ) ;
#149 = CARTESIAN_POINT ( 'NONE',  ( -0.08858267716535432601, 0.1496062992125984370, 0.08858267716535432601 ) ) ;
#150 = VECTOR ( 'NONE', #2336, 39.37007874015748143 ) ;
#151 = EDGE_LOOP ( 'NONE', ( #2803, #482, #3376, #1119 ) ) ;
#152 = CARTESIAN_POINT ( 'NONE',  ( -0.08858267716535432601, 0.1299212598425196763, 0.1122047244094488139 ) ) ;
#153 = CARTESIAN_POINT ( 'NONE',  ( -0.1122047244094488277, 0.0000000000000000000, -0.1181102362204724532 ) ) ;
#154 = EDGE_LOOP ( 'NONE', ( #2112, #3334, #2044, #2577 ) ) ;
#155 = LINE ( 'NONE', #1271, #1181 ) ;
#156 =( GEOMETRIC_REPRESENTATION_CONTEXT ( 3 ) GLOBAL_UNCERTAINTY_ASSIGNED_CONTEXT ( ( #3440 ) ) GLOBAL_UNIT_ASSIGNED_CONTEXT ( ( #1930, #2704, #2159 ) ) REPRESENTATION_CONTEXT ( 'NONE', 'WORKASPACE' ) );
#157 = CARTESIAN_POINT ( 'NONE',  ( 0.1122047244094488277, 0.0000000000000000000, -0.1122047244094488277 ) ) ;
#158 = LINE ( 'NONE', #1254, #1001 ) ;
#159 = ORIENTED_EDGE ( 'NONE', *, *, #3330, .T. ) ;
#160 = CARTESIAN_POINT ( 'NONE',  ( -0.08858267716535432601, 0.1496062992125984370, -0.06496062992125983815 ) ) ;
#161 = SURFACE_STYLE_USAGE ( .BOTH. , #2612 ) ;
#162 = CARTESIAN_POINT ( 'NONE',  ( 0.1122047244094488277, 0.1299212598425196763, -0.1181102362204724532 ) ) ;
#163 = ORIENTED_EDGE ( 'NONE', *, *, #3261, .F. ) ;
#164 = LINE ( 'NONE', #1261, #3221 ) ;
#165 = EDGE_CURVE ( 'NONE', #1882, #1200, #21, .T. ) ;
#166 = EDGE_LOOP ( 'NONE', ( #1824, #1747, #2468, #989 ) ) ;
#167 = LINE ( 'NONE', #1265, #559 ) ;
#168 = LINE ( 'NONE', #210, #1180 ) ;
#169 = VERTEX_POINT ( 'NONE', #1889 ) ;
#170 = EDGE_CURVE ( 'NONE', #1049, #2109, #2699, .T. ) ;
#171 = CARTESIAN_POINT ( 'NONE',  ( -0.1408568301426933178, -0.03510474995793744224, 0.1023622047244094474 ) ) ;
#172 = CARTESIAN_POINT ( 'NONE',  ( 0.08858267716535432601, 0.1377952755905511861, -0.08858267716535432601 ) ) ;
#173 = FACE_BOUND ( 'NONE', #3019, .T. ) ;
#174 = ORIENTED_EDGE ( 'NONE', *, *, #3338, .T. ) ;
#175 = LINE ( 'NONE', #973, #3166 ) ;
#176 = CARTESIAN_POINT ( 'NONE',  ( 0.1185480476730569055, -0.06118778250134625923, 0.1023622047244094474 ) ) ;
#177 = DIRECTION ( 'NONE',  ( 0.0000000000000000000, 0.0000000000000000000, 1.000000000000000000 ) ) ;
#178 = LINE ( 'NONE', #1048, #2643 ) ;
#179 = ORIENTED_EDGE ( 'NONE', *, *, #1120, .T. ) ;
#180 = CARTESIAN_POINT ( 'NONE',  ( -0.08858267716535432601, 0.1496062992125984370, 0.08858267716535432601 ) ) ;
#181 = DIRECTION ( 'NONE',  ( 0.0000000000000000000, 1.000000000000000000, 0.0000000000000000000 ) ) ;
#182 = ORIENTED_EDGE ( 'NONE', *, *, #287, .F. ) ;
#183 = EDGE_CURVE ( 'NONE', #639, #2922, #812, .T. ) ;
#184 = CARTESIAN_POINT ( 'NONE',  ( 0.1259842519685039353, 0.001910576577067480157, 0.1023622047244094474 ) ) ;
#185 = CARTESIAN_POINT ( 'NONE',  ( 0.08858267716535432601, 0.1496062992125984370, -0.08858267716535432601 ) ) ;
#186 = FILL_AREA_STYLE ('',( #1541 ) ) ;
#187 = CARTESIAN_POINT ( 'NONE',  ( 0.1408568301426933178, -0.03510474995793744224, 0.1023622047244094474 ) ) ;
#188 = ORIENTED_EDGE ( 'NONE', *, *, #912, .F. ) ;
#189 = FACE_OUTER_BOUND ( 'NONE', #1993, .T. ) ;
#190 = CARTESIAN_POINT ( 'NONE',  ( 0.1408568301426933178, -0.03510474995793744224, 0.07480314960629921850 ) ) ;
#191 = AXIS2_PLACEMENT_3D ( 'NONE', #1877, #1904, #2187 ) ;
#192 = VECTOR ( 'NONE', #2418, 39.37007874015748143 ) ;
#193 = DIRECTION ( 'NONE',  ( 1.000000000000000000, 0.0000000000000000000, 0.0000000000000000000 ) ) ;
#194 = ORIENTED_EDGE ( 'NONE', *, *, #2508, .F. ) ;
#195 = EDGE_LOOP ( 'NONE', ( #1363, #522 ) ) ;
#196 = AXIS2_PLACEMENT_3D ( 'NONE', #1928, #1333, #2420 ) ;
#197 = DIRECTION ( 'NONE',  ( 0.0000000000000000000, 0.0000000000000000000, 1.000000000000000000 ) ) ;
#198 = EDGE_CURVE ( 'NONE', #1551, #3241, #2973, .T. ) ;
#199 = AXIS2_PLACEMENT_3D ( 'NONE', #2106, #3190, #742 ) ;
#200 = CIRCLE ( 'NONE', #1629, 0.02362204724409448092 ) ;
#201 = DIRECTION ( 'NONE',  ( 0.0000000000000000000, 0.0000000000000000000, 1.000000000000000000 ) ) ;
#202 = ORIENTED_EDGE ( 'NONE', *, *, #912, .T. ) ;
#203 = FACE_OUTER_BOUND ( 'NONE', #3014, .T. ) ;
#204 = AXIS2_PLACEMENT_3D ( 'NONE', #692, #101, #1467 ) ;
#205 = CARTESIAN_POINT ( 'NONE',  ( 0.1181102362204724532, 0.03543307086614173179, 0.1023622047244094474 ) ) ;
#206 = CIRCLE ( 'NONE', #2493, 0.02362204724409448092 ) ;
#207 = ORIENTED_EDGE ( 'NONE', *, *, #1532, .F. ) ;
#208 = CARTESIAN_POINT ( 'NONE',  ( -0.08858267716535432601, 0.1377952755905511861, 0.06496062992125983815 ) ) ;
#209 = AXIS2_PLACEMENT_3D ( 'NONE', #2180, #1895, #244 ) ;
#210 = CARTESIAN_POINT ( 'NONE',  ( -8.437527159479795937E-18, 0.1299212598425196763, -0.06889763779527559306 ) ) ;
#211 = FACE_OUTER_BOUND ( 'NONE', #428, .T. ) ;
#212 = ORIENTED_EDGE ( 'NONE', *, *, #2171, .T. ) ;
#213 = DIRECTION ( 'NONE',  ( 0.8887958910435519444, 0.4583032446580520558, 0.0000000000000000000 ) ) ;
#214 = EDGE_CURVE ( 'NONE', #3458, #1765, #3507, .T. ) ;
#215 = EDGE_CURVE ( 'NONE', #1794, #795, #1352, .T. ) ;
#216 =( LENGTH_UNIT ( ) NAMED_UNIT ( * ) SI_UNIT ( $, .METRE. ) );
#217 = VERTEX_POINT ( 'NONE', #3006 ) ;
#218 = ORIENTED_EDGE ( 'NONE', *, *, #3493, .T. ) ;
#219 = DIRECTION ( 'NONE',  ( -0.8887958910435520554, 0.4583032446580521113, 0.0000000000000000000 ) ) ;
#220 = VERTEX_POINT ( 'NONE', #3021 ) ;
#221 = CARTESIAN_POINT ( 'NONE',  ( 0.08858267716535432601, 0.1496062992125984370, 0.08858267716535432601 ) ) ;
#222 = ADVANCED_FACE ( 'NONE', ( #852 ), #1906, .F. ) ;
#223 = CARTESIAN_POINT ( 'NONE',  ( -0.1122047244094488277, 0.1377952755905511861, 0.1181102362204724532 ) ) ;
#224 = DIRECTION ( 'NONE',  ( -1.000000000000000000, 0.0000000000000000000, 0.0000000000000000000 ) ) ;
#225 = UNCERTAINTY_MEASURE_WITH_UNIT (LENGTH_MEASURE( 1.000000000000000082E-05 ), #1599, 'distance_accuracy_value', 'NONE');
#226 = CARTESIAN_POINT ( 'NONE',  ( -0.1185480476730569055, -0.06118778250134625923, 0.09251968503937008093 ) ) ;
#227 = ORIENTED_EDGE ( 'NONE', *, *, #1745, .F. ) ;
#228 = ORIENTED_EDGE ( 'NONE', *, *, #260, .T. ) ;
#229 = DIRECTION ( 'NONE',  ( -0.1936873206075088449, -0.3756213745151027461, 0.9063077870366497146 ) ) ;
#230 = DIRECTION ( 'NONE',  ( 0.0000000000000000000, 0.0000000000000000000, 1.000000000000000000 ) ) ;
#231 = CARTESIAN_POINT ( 'NONE',  ( 0.1181102362204724532, 0.1377952755905511861, -0.1181102362204724532 ) ) ;
#232 = ORIENTED_EDGE ( 'NONE', *, *, #57, .T. ) ;
#233 = ORIENTED_EDGE ( 'NONE', *, *, #2104, .T. ) ;
#234 =( LENGTH_UNIT ( ) NAMED_UNIT ( * ) SI_UNIT ( $, .METRE. ) );
#235 = EDGE_CURVE ( 'NONE', #2411, #1995, #5, .T. ) ;
#236 = LINE ( 'NONE', #1111, #534 ) ;
#237 = ORIENTED_EDGE ( 'NONE', *, *, #1051, .T. ) ;
#238 = CARTESIAN_POINT ( 'NONE',  ( 0.1352200082310885954, -0.04603634211220338640, -0.1023622047244094474 ) ) ;
#239 = PLANE ( 'NONE',  #196 ) ;
#240 = EDGE_CURVE ( 'NONE', #1620, #392, #2737, .T. ) ;
#241 = DIRECTION ( 'NONE',  ( 0.0000000000000000000, 0.0000000000000000000, -1.000000000000000000 ) ) ;
#242 = DIRECTION ( 'NONE',  ( 0.0000000000000000000, 0.0000000000000000000, 1.000000000000000000 ) ) ;
#243 = EDGE_LOOP ( 'NONE', ( #665, #297, #2381, #2384 ) ) ;
#244 = DIRECTION ( 'NONE',  ( 0.0000000000000000000, 0.0000000000000000000, 1.000000000000000000 ) ) ;
#245 = ORIENTED_EDGE ( 'NONE', *, *, #214, .T. ) ;
#246 = VERTEX_POINT ( 'NONE', #1635 ) ;
#247 = LENGTH_MEASURE_WITH_UNIT ( LENGTH_MEASURE( 0.02539999999999999897 ), #234 );
#248 = CIRCLE ( 'NONE', #649, 0.02362204724409448092 ) ;
#249 = AXIS2_PLACEMENT_3D ( 'NONE', #667, #1167, #2818 ) ;
#250 = DIRECTION ( 'NONE',  ( 1.000000000000000000, 0.0000000000000000000, -1.445602896647339903E-16 ) ) ;
#251 = EDGE_CURVE ( 'NONE', #3528, #2439, #535, .T. ) ;
#252 = CYLINDRICAL_SURFACE ( 'NONE', #74, 0.007874015748031499423 ) ;
#253 = AXIS2_PLACEMENT_3D ( 'NONE', #3409, #3180, #479 ) ;
#254 = ORIENTED_EDGE ( 'NONE', *, *, #3492, .F. ) ;
#255 = PRESENTATION_LAYER_ASSIGNMENT (  '', '', ( #1970 ) ) ;
#256 = CARTESIAN_POINT ( 'NONE',  ( -0.1280139404404702919, -0.04283040298287204423, 0.07501445166377776474 ) ) ;
#257 = FACE_OUTER_BOUND ( 'NONE', #532, .T. ) ;
#258 = STYLED_ITEM ( 'NONE', ( #1258 ), #1829 ) ;
#259 = MECHANICAL_DESIGN_GEOMETRIC_PRESENTATION_REPRESENTATION (  '', ( #1118 ), #27 ) ;
#260 = EDGE_CURVE ( 'NONE', #7, #1531, #277, .T. ) ;
#261 = EDGE_CURVE ( 'NONE', #775, #3153, #2702, .T. ) ;
#262 = AXIS2_PLACEMENT_3D ( 'NONE', #2671, #1370, #1642 ) ;
#263 = VECTOR ( 'NONE', #1522, 39.37007874015748143 ) ;
#264 = CARTESIAN_POINT ( 'NONE',  ( -0.1259842519685039353, 0.001910576577067480157, -0.07480314960629921850 ) ) ;
#265 = VERTEX_POINT ( 'NONE', #238 ) ;
#266 = ORIENTED_EDGE ( 'NONE', *, *, #366, .T. ) ;
#267 = VECTOR ( 'NONE', #2690, 39.37007874015748143 ) ;
#268 = LINE ( 'NONE', #1101, #377 ) ;
#269 = EDGE_CURVE ( 'NONE', #1177, #2933, #419, .T. ) ;
#270 = LINE ( 'NONE', #2729, #2424 ) ;
#271 = ORIENTED_EDGE ( 'NONE', *, *, #2136, .T. ) ;
#272 = ORIENTED_EDGE ( 'NONE', *, *, #3244, .F. ) ;
#273 = LINE ( 'NONE', #777, #2083 ) ;
#274 = APPLICATION_CONTEXT ( 'automotive_design' ) ;
#275 = DIRECTION ( 'NONE',  ( -1.000000000000000000, 0.0000000000000000000, 0.0000000000000000000 ) ) ;
#276 = ORIENTED_EDGE ( 'NONE', *, *, #183, .F. ) ;
#277 = LINE ( 'NONE', #561, #2990 ) ;
#278 = DIRECTION ( 'NONE',  ( 0.8887958910435519444, -0.4583032446580520558, 0.0000000000000000000 ) ) ;
#279 = PLANE ( 'NONE',  #22 ) ;
#280 = DIMENSIONAL_EXPONENTS ( 1.000000000000000000, 0.0000000000000000000, 0.0000000000000000000, 0.0000000000000000000, 0.0000000000000000000, 0.0000000000000000000, 0.0000000000000000000 ) ;
#281 = APPLICATION_PROTOCOL_DEFINITION ( 'draft international standard', 'automotive_design', 1998, #3079 ) ;
#282 = ADVANCED_FACE ( 'NONE', ( #2960 ), #2405, .F. ) ;
#283 = CARTESIAN_POINT ( 'NONE',  ( -0.1338584372998307126, -0.03149606299212598381, -0.07480314960629921850 ) ) ;
#284 = ORIENTED_EDGE ( 'NONE', *, *, #1007, .F. ) ;
#285 = CARTESIAN_POINT ( 'NONE',  ( -0.1259842519685039353, 0.001910576577067480157, -0.07480314960629921850 ) ) ;
#286 = CARTESIAN_POINT ( 'NONE',  ( -0.1409035942525671270, -0.02797954660348830891, -0.07480314960629921850 ) ) ;
#287 = EDGE_CURVE ( 'NONE', #2929, #246, #1058, .T. ) ;
#288 = ORIENTED_EDGE ( 'NONE', *, *, #3495, .T. ) ;
#289 = DIRECTION ( 'NONE',  ( 0.0000000000000000000, 0.0000000000000000000, -1.000000000000000000 ) ) ;
#290 = CARTESIAN_POINT ( 'NONE',  ( 0.1259842519685039353, 0.02755905511811023584, -0.1023622047244094474 ) ) ;
#291 = VERTEX_POINT ( 'NONE', #1050 ) ;
#292 = LINE ( 'NONE', #2135, #888 ) ;
#293 = FACE_OUTER_BOUND ( 'NONE', #1741, .T. ) ;
#294 = EDGE_CURVE ( 'NONE', #2474, #1595, #292, .T. ) ;
#295 = LENGTH_MEASURE_WITH_UNIT ( LENGTH_MEASURE( 0.02539999999999999897 ), #2962 );
#296 = EDGE_CURVE ( 'NONE', #617, #639, #3222, .T. ) ;
#297 = ORIENTED_EDGE ( 'NONE', *, *, #2465, .F. ) ;
#298 = DIRECTION ( 'NONE',  ( 0.0000000000000000000, -1.000000000000000000, 0.0000000000000000000 ) ) ;
#299 = LENGTH_MEASURE_WITH_UNIT ( LENGTH_MEASURE( 0.02539999999999999897 ), #216 );
#300 = ORIENTED_EDGE ( 'NONE', *, *, #3160, .T. ) ;
#301 = DIRECTION ( 'NONE',  ( 0.0000000000000000000, 0.0000000000000000000, 1.000000000000000000 ) ) ;
#302 = CARTESIAN_POINT ( 'NONE',  ( -0.1255464405159194829, -0.06479646946715768296, -0.08464566929133858497 ) ) ;
#303 = CARTESIAN_POINT ( 'NONE',  ( -0.1181102362204724532, 0.02755905511811023584, 0.1023622047244094474 ) ) ;
#304 = EDGE_LOOP ( 'NONE', ( #3438, #3231, #2490, #2987 ) ) ;
#305 = DIRECTION ( 'NONE',  ( 0.8887958910435520554, 0.4583032446580521113, 0.0000000000000000000 ) ) ;
#306 = CARTESIAN_POINT ( 'NONE',  ( 0.0000000000000000000, 0.1654917303019783348, 0.0000000000000000000 ) ) ;
#307 = DIRECTION ( 'NONE',  ( 0.0000000000000000000, 0.0000000000000000000, -1.000000000000000000 ) ) ;
#308 = AXIS2_PLACEMENT_3D ( 'NONE', #1242, #219, #1837 ) ;
#309 = CLOSED_SHELL ( 'NONE', ( #1498, #3008, #1410, #514, #400, #2277, #2317, #1419, #604, #876, #2310, #3022, #791, #583, #2386 ) ) ;
#310 = VECTOR ( 'NONE', #426, 39.37007874015748143 ) ;
#311 = VECTOR ( 'NONE', #2043, 39.37007874015748143 ) ;
#312 = PLANE ( 'NONE',  #1968 ) ;
#313 = VECTOR ( 'NONE', #1835, 39.37007874015748143 ) ;
#314 = AXIS2_PLACEMENT_3D ( 'NONE', #2022, #3430, #1548 ) ;
#315 = VERTEX_POINT ( 'NONE', #3343 ) ;
#316 = CARTESIAN_POINT ( 'NONE',  ( 0.1185480476730569055, -0.06118778250134625923, 0.08464566929133858497 ) ) ;
#317 = AXIS2_PLACEMENT_3D ( 'NONE', #404, #661, #349 ) ;
#318 = AXIS2_PLACEMENT_3D ( 'NONE', #2506, #52, #2002 ) ;
#319 = ORIENTED_EDGE ( 'NONE', *, *, #1008, .F. ) ;
#320 = EDGE_CURVE ( 'NONE', #1104, #2516, #3326, .T. ) ;
#321 = CARTESIAN_POINT ( 'NONE',  ( 0.1408568301426933178, -0.03510474995793744224, -0.07480314960629921850 ) ) ;
#322 = EDGE_CURVE ( 'NONE', #1191, #607, #1726, .T. ) ;
#323 = DIRECTION ( 'NONE',  ( 1.000000000000000000, 0.0000000000000000000, 0.0000000000000000000 ) ) ;
#324 = DIRECTION ( 'NONE',  ( 0.0000000000000000000, 0.0000000000000000000, 1.000000000000000000 ) ) ;
#325 = ORIENTED_EDGE ( 'NONE', *, *, #1901, .T. ) ;
#326 = CARTESIAN_POINT ( 'NONE',  ( 0.08858267716535432601, 0.1299212598425196763, 0.1122047244094488139 ) ) ;
#327 = DIRECTION ( 'NONE',  ( 0.0000000000000000000, 0.0000000000000000000, 1.000000000000000000 ) ) ;
#328 = DIRECTION ( 'NONE',  ( 0.0000000000000000000, 0.0000000000000000000, -1.000000000000000000 ) ) ;
#329 = EDGE_LOOP ( 'NONE', ( #1480, #1426, #862, #911 ) ) ;
#330 = EDGE_CURVE ( 'NONE', #3410, #291, #1912, .T. ) ;
#331 = ADVANCED_FACE ( 'NONE', ( #2750 ), #1972, .F. ) ;
#332 = ORIENTED_EDGE ( 'NONE', *, *, #2302, .T. ) ;
#333 = AXIS2_PLACEMENT_3D ( 'NONE', #453, #1804, #727 ) ;
#334 = EDGE_LOOP ( 'NONE', ( #729, #1187, #1139, #2919 ) ) ;
#335 = PLANE ( 'NONE',  #2545 ) ;
#336 = ORIENTED_EDGE ( 'NONE', *, *, #2046, .F. ) ;
#337 = ORIENTED_EDGE ( 'NONE', *, *, #1991, .T. ) ;
#338 = CARTESIAN_POINT ( 'NONE',  ( -0.1255464405159194829, -0.06479646946715768296, -0.09251968503937008093 ) ) ;
#339 = DIRECTION ( 'NONE',  ( 0.0000000000000000000, -1.000000000000000000, 0.0000000000000000000 ) ) ;
#340 = DIRECTION ( 'NONE',  ( 0.0000000000000000000, 0.0000000000000000000, 1.000000000000000000 ) ) ;
#341 = VERTEX_POINT ( 'NONE', #1202 ) ;
#342 = ADVANCED_FACE ( 'NONE', ( #2288 ), #3060, .T. ) ;
#343 = CARTESIAN_POINT ( 'NONE',  ( 0.1259842519685039353, 0.001910576577067484277, 0.07480314960629921850 ) ) ;
#344 = CARTESIAN_POINT ( 'NONE',  ( 0.08858267716535432601, 0.1299212598425196763, 0.06496062992125983815 ) ) ;
#345 = ORIENTED_EDGE ( 'NONE', *, *, #3442, .T. ) ;
#346 = VERTEX_POINT ( 'NONE', #1189 ) ;
#347 = CARTESIAN_POINT ( 'NONE',  ( -0.1259842519685039353, 0.001910576577067484277, -0.1023622047244094474 ) ) ;
#348 = ORIENTED_EDGE ( 'NONE', *, *, #3009, .F. ) ;
#349 = DIRECTION ( 'NONE',  ( 1.000000000000000000, 0.0000000000000000000, 0.0000000000000000000 ) ) ;
#350 = DIRECTION ( 'NONE',  ( -1.000000000000000000, 0.0000000000000000000, 0.0000000000000000000 ) ) ;
#351 = ORIENTED_EDGE ( 'NONE', *, *, #3123, .F. ) ;
#352 = DIRECTION ( 'NONE',  ( 1.445602896647339903E-16, 0.0000000000000000000, 1.000000000000000000 ) ) ;
#353 = LINE ( 'NONE', #2541, #1802 ) ;
#354 =( LENGTH_UNIT ( ) NAMED_UNIT ( * ) SI_UNIT ( $, .METRE. ) );
#355 = ORIENTED_EDGE ( 'NONE', *, *, #3152, .F. ) ;
#356 = ORIENTED_EDGE ( 'NONE', *, *, #1844, .F. ) ;
#357 = VECTOR ( 'NONE', #102, 39.37007874015748143 ) ;
#358 = EDGE_CURVE ( 'NONE', #804, #2970, #2475, .T. ) ;
#359 = EDGE_CURVE ( 'NONE', #109, #1570, #2783, .T. ) ;
#360 = LINE ( 'NONE', #1436, #147 ) ;
#361 = EDGE_LOOP ( 'NONE', ( #642, #889, #502, #972 ) ) ;
#362 = DIRECTION ( 'NONE',  ( 0.0000000000000000000, 0.0000000000000000000, 1.000000000000000000 ) ) ;
#363 =( GEOMETRIC_REPRESENTATION_CONTEXT ( 3 ) GLOBAL_UNCERTAINTY_ASSIGNED_CONTEXT ( ( #1657 ) ) GLOBAL_UNIT_ASSIGNED_CONTEXT ( ( #3375, #2276, #958 ) ) REPRESENTATION_CONTEXT ( 'NONE', 'WORKASPACE' ) );
#364 = AXIS2_PLACEMENT_3D ( 'NONE', #905, #1710, #2770 ) ;
#365 = EDGE_LOOP ( 'NONE', ( #3348, #3024, #1626, #218, #3130, #2911 ) ) ;
#366 = EDGE_CURVE ( 'NONE', #3517, #2959, #2006, .T. ) ;
#367 = VECTOR ( 'NONE', #1087, 39.37007874015748143 ) ;
#368 = CYLINDRICAL_SURFACE ( 'NONE', #2877, 0.02362204724409448092 ) ;
#369 = DIRECTION ( 'NONE',  ( -0.0000000000000000000, 1.000000000000000000, 0.0000000000000000000 ) ) ;
#370 = LINE ( 'NONE', #2297, #2596 ) ;
#371 = VECTOR ( 'NONE', #1715, 39.37007874015748143 ) ;
#372 = DIRECTION ( 'NONE',  ( -1.000000000000000000, 0.0000000000000000000, 0.0000000000000000000 ) ) ;
#373 = CARTESIAN_POINT ( 'NONE',  ( -0.08858267716535432601, 0.1299212598425196763, -0.08858267716535432601 ) ) ;
#374 = VERTEX_POINT ( 'NONE', #344 ) ;
#375 = CARTESIAN_POINT ( 'NONE',  ( -0.1555118110236220763, -0.003937007874015747977, 0.04921259842519685318 ) ) ;
#376 = DIRECTION ( 'NONE',  ( 0.0000000000000000000, 0.0000000000000000000, -1.000000000000000000 ) ) ;
#377 = VECTOR ( 'NONE', #1359, 39.37007874015748143 ) ;
#378 = FACE_BOUND ( 'NONE', #2631, .T. ) ;
#379 = VERTEX_POINT ( 'NONE', #615 ) ;
#380 = EDGE_LOOP ( 'NONE', ( #2902, #1983, #1142, #1988 ) ) ;
#381 = VECTOR ( 'NONE', #415, 39.37007874015748143 ) ;
#382 = VERTEX_POINT ( 'NONE', #2240 ) ;
#383 = EDGE_CURVE ( 'NONE', #3346, #2301, #2250, .T. ) ;
#384 = DIRECTION ( 'NONE',  ( 0.0000000000000000000, 1.000000000000000000, 0.0000000000000000000 ) ) ;
#385 = ORIENTED_EDGE ( 'NONE', *, *, #60, .T. ) ;
#386 = DIRECTION ( 'NONE',  ( 0.0000000000000000000, 0.0000000000000000000, 1.000000000000000000 ) ) ;
#387 = DIRECTION ( 'NONE',  ( -1.000000000000000000, 0.0000000000000000000, 0.0000000000000000000 ) ) ;
#388 = FACE_OUTER_BOUND ( 'NONE', #2134, .T. ) ;
#389 = EDGE_CURVE ( 'NONE', #2168, #452, #3452, .T. ) ;
#390 = DIRECTION ( 'NONE',  ( 0.0000000000000000000, 1.000000000000000000, 0.0000000000000000000 ) ) ;
#391 = LINE ( 'NONE', #931, #2432 ) ;
#392 = VERTEX_POINT ( 'NONE', #68 ) ;
#393 = CARTESIAN_POINT ( 'NONE',  ( -0.1181102362204724532, 0.001910576577067484277, 0.1023622047244094474 ) ) ;
#394 = FACE_OUTER_BOUND ( 'NONE', #3206, .T. ) ;
#395 = DIRECTION ( 'NONE',  ( 0.0000000000000000000, 1.000000000000000000, 0.0000000000000000000 ) ) ;
#396 = ORIENTED_EDGE ( 'NONE', *, *, #406, .F. ) ;
#397 = VERTEX_POINT ( 'NONE', #2257 ) ;
#398 = ORIENTED_EDGE ( 'NONE', *, *, #480, .F. ) ;
#399 = CARTESIAN_POINT ( 'NONE',  ( 0.1122047244094488277, 0.1377952755905511861, -0.1122047244094488277 ) ) ;
#400 = ADVANCED_FACE ( 'NONE', ( #2771 ), #906, .T. ) ;
#401 = LINE ( 'NONE', #1319, #779 ) ;
#402 = ORIENTED_EDGE ( 'NONE', *, *, #2827, .F. ) ;
#403 = CARTESIAN_POINT ( 'NONE',  ( -0.1282216153882259901, -0.04242765514639196961, -0.1023622047244094474 ) ) ;
#404 = CARTESIAN_POINT ( 'NONE',  ( -0.1338584372998307126, -0.03149606299212598381, -0.1023622047244094474 ) ) ;
#405 = EDGE_CURVE ( 'NONE', #1044, #2342, #1063, .T. ) ;
#406 = EDGE_CURVE ( 'NONE', #379, #3378, #1451, .T. ) ;
#407 = DIRECTION ( 'NONE',  ( 0.0000000000000000000, 0.0000000000000000000, -1.000000000000000000 ) ) ;
#408 = VERTEX_POINT ( 'NONE', #1990 ) ;
#409 = DIRECTION ( 'NONE',  ( 0.0000000000000000000, 0.0000000000000000000, -1.000000000000000000 ) ) ;
#410 = CARTESIAN_POINT ( 'NONE',  ( 0.1255464405159194829, -0.06479646946715768296, 0.09251968503937008093 ) ) ;
#411 = ORIENTED_EDGE ( 'NONE', *, *, #320, .F. ) ;
#412 = DIRECTION ( 'NONE',  ( 0.0000000000000000000, -1.000000000000000000, 0.0000000000000000000 ) ) ;
#413 = DIRECTION ( 'NONE',  ( -0.4583032446580521113, -0.8887958910435520554, 0.0000000000000000000 ) ) ;
#414 = ORIENTED_EDGE ( 'NONE', *, *, #2046, .T. ) ;
#415 = DIRECTION ( 'NONE',  ( 0.4153637994577553672, -0.8055226371389487827, 0.4226182617407003850 ) ) ;
#416 = CLOSED_SHELL ( 'NONE', ( #616, #3454, #1902, #1330, #504, #1527, #331, #3119, #689, #1196, #1763, #1780, #3536, #2190, #1533, #873, #2485, #3359, #2723, #540 ) ) ;
#417 = LINE ( 'NONE', #2392, #1876 ) ;
#418 = AXIS2_PLACEMENT_3D ( 'NONE', #1484, #628, #350 ) ;
#419 = CIRCLE ( 'NONE', #3447, 0.02362204724409448092 ) ;
#420 = ORIENTED_EDGE ( 'NONE', *, *, #2844, .F. ) ;
#421 = DIRECTION ( 'NONE',  ( 0.0000000000000000000, 0.0000000000000000000, -1.000000000000000000 ) ) ;
#422 = LINE ( 'NONE', #1544, #1569 ) ;
#423 = VECTOR ( 'NONE', #2617, 39.37007874015748143 ) ;
#424 = DIRECTION ( 'NONE',  ( 0.0000000000000000000, 0.0000000000000000000, -1.000000000000000000 ) ) ;
#425 = DIRECTION ( 'NONE',  ( -0.8947349329975287091, -0.4465975813569839081, 0.0000000000000000000 ) ) ;
#426 = DIRECTION ( 'NONE',  ( 0.0000000000000000000, -1.000000000000000000, 0.0000000000000000000 ) ) ;
#427 = VECTOR ( 'NONE', #2142, 39.37007874015748854 ) ;
#428 = EDGE_LOOP ( 'NONE', ( #1425, #1674, #15, #110 ) ) ;
#429 = FACE_OUTER_BOUND ( 'NONE', #166, .T. ) ;
#430 = EDGE_CURVE ( 'NONE', #830, #1789, #3038, .T. ) ;
#431 = SURFACE_STYLE_FILL_AREA ( #2875 ) ;
#432 = CIRCLE ( 'NONE', #3232, 0.007874015748031499423 ) ;
#433 = CARTESIAN_POINT ( 'NONE',  ( -0.08858267716535432601, 0.1496062992125984370, -0.08858267716535432601 ) ) ;
#434 = ORIENTED_EDGE ( 'NONE', *, *, #1249, .T. ) ;
#435 = FACE_OUTER_BOUND ( 'NONE', #1762, .T. ) ;
#436 = DIRECTION ( 'NONE',  ( 0.0000000000000000000, -1.000000000000000000, 0.0000000000000000000 ) ) ;
#437 = ORIENTED_EDGE ( 'NONE', *, *, #1290, .F. ) ;
#438 = AXIS2_PLACEMENT_3D ( 'NONE', #492, #2064, #3150 ) ;
#439 = DIRECTION ( 'NONE',  ( 0.0000000000000000000, 1.000000000000000000, 0.0000000000000000000 ) ) ;
#440 = LINE ( 'NONE', #2861, #1927 ) ;
#441 = CARTESIAN_POINT ( 'NONE',  ( 0.1417324530478622224, -0.03149606299212598381, -0.1023622047244094474 ) ) ;
#442 = ORIENTED_EDGE ( 'NONE', *, *, #2265, .T. ) ;
#443 = CARTESIAN_POINT ( 'NONE',  ( -0.1352200082310885954, -0.04603634211220338640, -0.07480314960629921850 ) ) ;
#444 = FACE_BOUND ( 'NONE', #195, .T. ) ;
#445 = VERTEX_POINT ( 'NONE', #1418 ) ;
#446 = LENGTH_MEASURE_WITH_UNIT ( LENGTH_MEASURE( 0.02539999999999999897 ), #1772 );
#447 = EDGE_CURVE ( 'NONE', #1653, #617, #353, .T. ) ;
#448 = CARTESIAN_POINT ( 'NONE',  ( 0.0000000000000000000, 0.1653543307086614012, 0.06372088004045453613 ) ) ;
#449 = EDGE_LOOP ( 'NONE', ( #900, #1376, #2155, #474 ) ) ;
#450 = CARTESIAN_POINT ( 'NONE',  ( -0.1555118110236220763, -0.003937007874015747977, -0.04921259842519685318 ) ) ;
#451 = CARTESIAN_POINT ( 'NONE',  ( 0.1328516659854228621, -0.03344851307380460742, 0.1070731206436911498 ) ) ;
#452 = VERTEX_POINT ( 'NONE', #3095 ) ;
#453 = CARTESIAN_POINT ( 'NONE',  ( -0.1259842519685039353, 0.001910576577067484277, -0.1023622047244094474 ) ) ;
#454 = CARTESIAN_POINT ( 'NONE',  ( 0.1181102362204724532, 0.03543307086614173179, 0.1023622047244094474 ) ) ;
#455 = ORIENTED_EDGE ( 'NONE', *, *, #870, .T. ) ;
#456 = DIRECTION ( 'NONE',  ( 0.0000000000000000000, 1.000000000000000000, 0.0000000000000000000 ) ) ;
#457 = PRESENTATION_STYLE_ASSIGNMENT (( #2675 ) ) ;
#458 = EDGE_CURVE ( 'NONE', #3314, #1936, #644, .T. ) ;
#459 = FACE_OUTER_BOUND ( 'NONE', #243, .T. ) ;
#460 = ORIENTED_EDGE ( 'NONE', *, *, #2957, .F. ) ;
#461 = DIRECTION ( 'NONE',  ( 0.4465975813569838526, -0.8947349329975285981, 0.0000000000000000000 ) ) ;
#462 = LINE ( 'NONE', #2402, #2481 ) ;
#463 = CARTESIAN_POINT ( 'NONE',  ( 0.1338584372998307126, -0.03149606299212598381, -0.1023622047244094474 ) ) ;
#464 = ORIENTED_EDGE ( 'NONE', *, *, #320, .T. ) ;
#465 = DIRECTION ( 'NONE',  ( 0.0000000000000000000, 0.0000000000000000000, -1.000000000000000000 ) ) ;
#466 = LINE ( 'NONE', #205, #3510 ) ;
#467 = ORIENTED_EDGE ( 'NONE', *, *, #2171, .F. ) ;
#468 = DIRECTION ( 'NONE',  ( 0.0000000000000000000, -1.000000000000000000, 0.0000000000000000000 ) ) ;
#469 = ADVANCED_FACE ( 'NONE', ( #1564 ), #1488, .T. ) ;
#470 = DIRECTION ( 'NONE',  ( 1.000000000000000000, 0.0000000000000000000, 0.0000000000000000000 ) ) ;
#471 = CIRCLE ( 'NONE', #2191, 0.007874015748031499423 ) ;
#472 = VERTEX_POINT ( 'NONE', #991 ) ;
#473 = CLOSED_SHELL ( 'NONE', ( #469, #786, #1313, #2698, #1744, #1658, #3363, #1959, #570, #1797, #2007, #3263, #1678, #3404, #3066 ) ) ;
#474 = ORIENTED_EDGE ( 'NONE', *, *, #806, .F. ) ;
#475 = CARTESIAN_POINT ( 'NONE',  ( -0.08858267716535432601, 0.1299212598425196763, 0.06496062992125983815 ) ) ;
#476 = DIRECTION ( 'NONE',  ( -1.000000000000000000, 0.0000000000000000000, 0.0000000000000000000 ) ) ;
#477 = VECTOR ( 'NONE', #2833, 39.37007874015748143 ) ;
#478 = VECTOR ( 'NONE', #2175, 39.37007874015748143 ) ;
#479 = DIRECTION ( 'NONE',  ( 1.000000000000000000, 0.0000000000000000000, 0.0000000000000000000 ) ) ;
#480 = EDGE_CURVE ( 'NONE', #12, #169, #2075, .T. ) ;
#481 = ORIENTED_EDGE ( 'NONE', *, *, #2844, .T. ) ;
#482 = ORIENTED_EDGE ( 'NONE', *, *, #1224, .F. ) ;
#483 = COLOUR_RGB ( '',0.7921568627450980005, 0.8196078431372548767, 0.9294117647058823817 ) ;
#484 = AXIS2_PLACEMENT_3D ( 'NONE', #1318, #2101, #518 ) ;
#485 = AXIS2_PLACEMENT_3D ( 'NONE', #1846, #750, #476 ) ;
#486 = DIRECTION ( 'NONE',  ( -0.4153637994577553672, -0.8055226371389487827, 0.4226182617407003850 ) ) ;
#487 = EDGE_LOOP ( 'NONE', ( #2761, #2183, #2802, #1918, #325, #1924 ) ) ;
#488 = LINE ( 'NONE', #1590, #825 ) ;
#489 = AXIS2_PLACEMENT_3D ( 'NONE', #1515, #1860, #1826 ) ;
#490 = DIRECTION ( 'NONE',  ( -0.4465975813569838526, -0.8947349329975285981, 0.0000000000000000000 ) ) ;
#491 = AXIS2_PLACEMENT_3D ( 'NONE', #373, #1162, #340 ) ;
#492 = CARTESIAN_POINT ( 'NONE',  ( -0.1083935435132570846, -0.03220340707415822457, -0.07480314960629921850 ) ) ;
#493 = VECTOR ( 'NONE', #1089, 39.37007874015748143 ) ;
#494 = ADVANCED_FACE ( 'NONE', ( #394 ), #2836, .F. ) ;
#495 = CARTESIAN_POINT ( 'NONE',  ( 0.1122047244094488277, 0.1299212598425196763, -0.1122047244094488277 ) ) ;
#496 = ORIENTED_EDGE ( 'NONE', *, *, #894, .F. ) ;
#497 = EDGE_LOOP ( 'NONE', ( #174, #300, #1761, #96, #1998, #2068, #2248, #137 ) ) ;
#498 = PLANE ( 'NONE',  #1407 ) ;
#499 = DIRECTION ( 'NONE',  ( 0.0000000000000000000, -1.000000000000000000, 0.0000000000000000000 ) ) ;
#500 = DIRECTION ( 'NONE',  ( 0.0000000000000000000, 1.000000000000000000, 0.0000000000000000000 ) ) ;
#501 = EDGE_LOOP ( 'NONE', ( #3068, #2820 ) ) ;
#502 = ORIENTED_EDGE ( 'NONE', *, *, #2967, .T. ) ;
#503 = DIRECTION ( 'NONE',  ( 1.000000000000000000, 0.0000000000000000000, 0.0000000000000000000 ) ) ;
#504 = ADVANCED_FACE ( 'NONE', ( #2382 ), #974, .F. ) ;
#505 = DIRECTION ( 'NONE',  ( 0.0000000000000000000, 1.000000000000000000, 0.0000000000000000000 ) ) ;
#506 = ORIENTED_EDGE ( 'NONE', *, *, #1836, .F. ) ;
#507 = CARTESIAN_POINT ( 'NONE',  ( 0.08858267716535432601, 0.1496062992125984370, -0.08858267716535432601 ) ) ;
#508 = PLANE ( 'NONE',  #1739 ) ;
#509 = PRODUCT_CONTEXT ( 'NONE', #3079, 'mechanical' ) ;
#510 = LINE ( 'NONE', #2688, #367 ) ;
#511 = ORIENTED_EDGE ( 'NONE', *, *, #3261, .T. ) ;
#512 = ORIENTED_EDGE ( 'NONE', *, *, #3087, .F. ) ;
#513 = CARTESIAN_POINT ( 'NONE',  ( 0.08858267716535432601, 0.1377952755905511861, 0.06496062992125983815 ) ) ;
#514 = ADVANCED_FACE ( 'NONE', ( #429 ), #120, .T. ) ;
#515 = FACE_OUTER_BOUND ( 'NONE', #2928, .T. ) ;
#516 = ORIENTED_EDGE ( 'NONE', *, *, #3288, .F. ) ;
#517 = PRODUCT_RELATED_PRODUCT_CATEGORY ( 'part', '', ( #3084 ) ) ;
#518 = DIRECTION ( 'NONE',  ( -1.000000000000000000, 0.0000000000000000000, 0.0000000000000000000 ) ) ;
#519 = ADVANCED_FACE ( 'NONE', ( #1817 ), #1549, .T. ) ;
#520 = DIRECTION ( 'NONE',  ( 0.0000000000000000000, -1.000000000000000000, 0.0000000000000000000 ) ) ;
#521 = FACE_OUTER_BOUND ( 'NONE', #304, .T. ) ;
#522 = ORIENTED_EDGE ( 'NONE', *, *, #898, .F. ) ;
#523 = CARTESIAN_POINT ( 'NONE',  ( 0.1185480476730569055, -0.06118778250134625923, -0.09251968503937008093 ) ) ;
#524 = CARTESIAN_POINT ( 'NONE',  ( 0.08858267716535432601, 0.1496062992125984370, -0.08858267716535432601 ) ) ;
#525 = DIMENSIONAL_EXPONENTS ( 1.000000000000000000, 0.0000000000000000000, 0.0000000000000000000, 0.0000000000000000000, 0.0000000000000000000, 0.0000000000000000000, 0.0000000000000000000 ) ;
#526 = LENGTH_MEASURE_WITH_UNIT ( LENGTH_MEASURE( 0.02539999999999999897 ), #2991 );
#527 = FACE_OUTER_BOUND ( 'NONE', #1088, .T. ) ;
#528 = ORIENTED_EDGE ( 'NONE', *, *, #2613, .T. ) ;
#529 = CARTESIAN_POINT ( 'NONE',  ( -0.1122047244094488277, 0.1299212598425196763, 0.1181102362204724532 ) ) ;
#530 = DIRECTION ( 'NONE',  ( 1.000000000000000000, 0.0000000000000000000, 0.0000000000000000000 ) ) ;
#531 = ORIENTED_EDGE ( 'NONE', *, *, #2377, .T. ) ;
#532 = EDGE_LOOP ( 'NONE', ( #2289, #356, #3168, #1905, #2894, #938, #984, #232, #2450, #2231, #1584 ) ) ;
#533 = FACE_OUTER_BOUND ( 'NONE', #2085, .T. ) ;
#534 = VECTOR ( 'NONE', #2438, 39.37007874015748143 ) ;
#535 = CIRCLE ( 'NONE', #3103, 0.02362204724409448092 ) ;
#536 = DIRECTION ( 'NONE',  ( 0.0000000000000000000, -1.000000000000000000, 0.0000000000000000000 ) ) ;
#537 = VECTOR ( 'NONE', #10, 39.37007874015748143 ) ;
#538 = EDGE_LOOP ( 'NONE', ( #757, #2479, #2193, #1279 ) ) ;
#539 = AXIS2_PLACEMENT_3D ( 'NONE', #1031, #3412, #2895 ) ;
#540 = ADVANCED_FACE ( 'NONE', ( #2625 ), #1277, .T. ) ;
#541 = DIRECTION ( 'NONE',  ( 0.8887958910435519444, -0.4583032446580520558, 0.0000000000000000000 ) ) ;
#542 = CARTESIAN_POINT ( 'NONE',  ( -0.1189390950157675347, -0.001605939811570186943, -0.1023622047244094474 ) ) ;
#543 = VECTOR ( 'NONE', #278, 39.37007874015748143 ) ;
#544 = VECTOR ( 'NONE', #2734, 39.37007874015748143 ) ;
#545 = DIRECTION ( 'NONE',  ( 0.0000000000000000000, -1.000000000000000000, 0.0000000000000000000 ) ) ;
#546 = EDGE_CURVE ( 'NONE', #3215, #3366, #3453, .T. ) ;
#547 = VECTOR ( 'NONE', #3156, 39.37007874015748854 ) ;
#548 = EDGE_CURVE ( 'NONE', #766, #726, #3184, .T. ) ;
#549 = CARTESIAN_POINT ( 'NONE',  ( 0.1185480476730569055, -0.06118778250134625923, 0.09251968503937008093 ) ) ;
#550 = EDGE_LOOP ( 'NONE', ( #3341, #874 ) ) ;
#551 = AXIS2_PLACEMENT_3D ( 'NONE', #2195, #3277, #2429 ) ;
#552 = DIRECTION ( 'NONE',  ( 0.0000000000000000000, 0.0000000000000000000, 1.000000000000000000 ) ) ;
#553 = CARTESIAN_POINT ( 'NONE',  ( 0.1185480476730569055, -0.06118778250134625923, 0.09251968503937008093 ) ) ;
#554 = ORIENTED_EDGE ( 'NONE', *, *, #145, .F. ) ;
#555 = ORIENTED_EDGE ( 'NONE', *, *, #2449, .F. ) ;
#556 = CARTESIAN_POINT ( 'NONE',  ( -0.1181102362204724532, 0.001910576577067484277, 0.1023622047244094474 ) ) ;
#557 = DIRECTION ( 'NONE',  ( 1.000000000000000000, 0.0000000000000000000, 0.0000000000000000000 ) ) ;
#558 = CARTESIAN_POINT ( 'NONE',  ( 0.1181102362204724532, 0.0000000000000000000, -0.1122047244094488277 ) ) ;
#559 = VECTOR ( 'NONE', #2351, 39.37007874015748143 ) ;
#560 = EDGE_LOOP ( 'NONE', ( #163, #2036 ) ) ;
#561 = CARTESIAN_POINT ( 'NONE',  ( -0.1259842519685039353, 0.001910576577067480157, 0.1023622047244094474 ) ) ;
#562 = DIRECTION ( 'NONE',  ( 0.0000000000000000000, 1.000000000000000000, 0.0000000000000000000 ) ) ;
#563 = ADVANCED_FACE ( 'NONE', ( #3250 ), #3489, .T. ) ;
#564 = DIRECTION ( 'NONE',  ( 1.000000000000000000, 0.0000000000000000000, 0.0000000000000000000 ) ) ;
#565 = ORIENTED_EDGE ( 'NONE', *, *, #671, .T. ) ;
#566 = EDGE_CURVE ( 'NONE', #2615, #3064, #1900, .T. ) ;
#567 = DIRECTION ( 'NONE',  ( 0.0000000000000000000, 0.0000000000000000000, 1.000000000000000000 ) ) ;
#568 = CARTESIAN_POINT ( 'NONE',  ( 0.0000000000000000000, 0.1299212598425196763, 0.0000000000000000000 ) ) ;
#569 = EDGE_LOOP ( 'NONE', ( #1723, #1091, #2434, #271 ) ) ;
#570 = ADVANCED_FACE ( 'NONE', ( #1602 ), #2717, .T. ) ;
#571 = CARTESIAN_POINT ( 'NONE',  ( -0.1259842519685039353, 0.001910576577067480157, 0.1023622047244094474 ) ) ;
#572 = DIRECTION ( 'NONE',  ( 0.0000000000000000000, 0.0000000000000000000, 1.000000000000000000 ) ) ;
#573 = DIRECTION ( 'NONE',  ( 1.000000000000000000, 0.0000000000000000000, 0.0000000000000000000 ) ) ;
#574 = DIRECTION ( 'NONE',  ( 0.0000000000000000000, 0.0000000000000000000, 1.000000000000000000 ) ) ;
#575 = ORIENTED_EDGE ( 'NONE', *, *, #1707, .T. ) ;
#576 = DIRECTION ( 'NONE',  ( 1.445602896647339903E-16, 0.0000000000000000000, 1.000000000000000000 ) ) ;
#577 = CARTESIAN_POINT ( 'NONE',  ( -0.1352200082310885954, -0.04603634211220338640, -0.07480314960629921850 ) ) ;
#578 = DIRECTION ( 'NONE',  ( 0.0000000000000000000, 0.0000000000000000000, -1.000000000000000000 ) ) ;
#579 = ORIENTED_EDGE ( 'NONE', *, *, #1008, .T. ) ;
#580 = CARTESIAN_POINT ( 'NONE',  ( 0.1189390950157675347, -0.001605939811570186943, -0.1023622047244094474 ) ) ;
#581 = ORIENTED_EDGE ( 'NONE', *, *, #3185, .F. ) ;
#582 = EDGE_CURVE ( 'NONE', #890, #1789, #2733, .T. ) ;
#583 = ADVANCED_FACE ( 'NONE', ( #533 ), #2400, .T. ) ;
#584 = CARTESIAN_POINT ( 'NONE',  ( 0.08858267716535432601, 0.1496062992125984370, 0.06496062992125983815 ) ) ;
#585 = EDGE_LOOP ( 'NONE', ( #442, #2748, #2636, #237 ) ) ;
#586 = DIRECTION ( 'NONE',  ( 0.0000000000000000000, 0.0000000000000000000, 1.000000000000000000 ) ) ;
#587 = EDGE_CURVE ( 'NONE', #3517, #2238, #273, .T. ) ;
#588 = CARTESIAN_POINT ( 'NONE',  ( 0.1259842519685039353, 0.001910576577067480157, -0.1023622047244094474 ) ) ;
#589 = CARTESIAN_POINT ( 'NONE',  ( -0.1122047244094488277, 0.0000000000000000000, 0.1122047244094488277 ) ) ;
#590 = VERTEX_POINT ( 'NONE', #2982 ) ;
#591 = FACE_OUTER_BOUND ( 'NONE', #1872, .T. ) ;
#592 = AXIS2_PLACEMENT_3D ( 'NONE', #448, #2931, #2665 ) ;
#593 = DIRECTION ( 'NONE',  ( 0.0000000000000000000, -1.000000000000000000, 0.0000000000000000000 ) ) ;
#594 = FACE_BOUND ( 'NONE', #3391, .T. ) ;
#595 = CIRCLE ( 'NONE', #2873, 0.02362204724409448092 ) ;
#596 = VECTOR ( 'NONE', #2648, 39.37007874015748143 ) ;
#597 = ORIENTED_EDGE ( 'NONE', *, *, #3118, .T. ) ;
#598 = DIRECTION ( 'NONE',  ( 0.0000000000000000000, 0.0000000000000000000, 1.000000000000000000 ) ) ;
#599 = MECHANICAL_DESIGN_GEOMETRIC_PRESENTATION_REPRESENTATION (  '', ( #1114 ), #2478 ) ;
#600 = AXIS2_PLACEMENT_3D ( 'NONE', #2054, #3125, #3139 ) ;
#601 = ORIENTED_EDGE ( 'NONE', *, *, #2158, .T. ) ;
#602 = CARTESIAN_POINT ( 'NONE',  ( 0.08858267716535432601, 0.1299212598425196763, 0.1122047244094488139 ) ) ;
#603 = MANIFOLD_SOLID_BREP ( 'Imported4', #473 ) ;
#604 = ADVANCED_FACE ( 'NONE', ( #3260 ), #754, .T. ) ;
#605 = DIRECTION ( 'NONE',  ( 0.4153637994577553672, 0.8055226371389487827, -0.4226182617407003850 ) ) ;
#606 = CIRCLE ( 'NONE', #3398, 0.007874015748031499423 ) ;
#607 = VERTEX_POINT ( 'NONE', #1719 ) ;
#608 = FACE_OUTER_BOUND ( 'NONE', #2720, .T. ) ;
#609 = FACE_OUTER_BOUND ( 'NONE', #871, .T. ) ;
#610 = AXIS2_PLACEMENT_3D ( 'NONE', #3498, #3444, #421 ) ;
#611 = PLANE ( 'NONE',  #1106 ) ;
#612 = FACE_OUTER_BOUND ( 'NONE', #1714, .T. ) ;
#613 = ORIENTED_EDGE ( 'NONE', *, *, #2181, .T. ) ;
#614 = DIRECTION ( 'NONE',  ( -1.000000000000000000, 0.0000000000000000000, 0.0000000000000000000 ) ) ;
#615 = CARTESIAN_POINT ( 'NONE',  ( 0.1122047244094488277, 0.1299212598425196763, -0.1181102362204724532 ) ) ;
#616 = ADVANCED_FACE ( 'NONE', ( #608 ), #368, .F. ) ;
#617 = VERTEX_POINT ( 'NONE', #3071 ) ;
#618 = MANIFOLD_SOLID_BREP ( 'Imported5', #2018 ) ;
#619 = AXIS2_PLACEMENT_3D ( 'NONE', #2087, #704, #2334 ) ;
#620 = CARTESIAN_POINT ( 'NONE',  ( -0.1255464405159194829, -0.06479646946715768296, -0.1023622047244094474 ) ) ;
#621 = EDGE_LOOP ( 'NONE', ( #1421, #943, #2947, #2923 ) ) ;
#622 = DIRECTION ( 'NONE',  ( 0.0000000000000000000, 0.0000000000000000000, 1.000000000000000000 ) ) ;
#623 = ORIENTED_EDGE ( 'NONE', *, *, #1673, .T. ) ;
#624 = ORIENTED_EDGE ( 'NONE', *, *, #2401, .F. ) ;
#625 = FILL_AREA_STYLE ('',( #1704 ) ) ;
#626 = EDGE_CURVE ( 'NONE', #726, #374, #944, .T. ) ;
#627 = DIRECTION ( 'NONE',  ( 0.0000000000000000000, 1.000000000000000000, 0.0000000000000000000 ) ) ;
#628 = DIRECTION ( 'NONE',  ( 0.0000000000000000000, 0.0000000000000000000, 1.000000000000000000 ) ) ;
#629 = LINE ( 'NONE', #103, #3337 ) ;
#630 = ORIENTED_EDGE ( 'NONE', *, *, #383, .F. ) ;
#631 = DIRECTION ( 'NONE',  ( 0.0000000000000000000, 0.0000000000000000000, 1.000000000000000000 ) ) ;
#632 = EDGE_CURVE ( 'NONE', #2223, #2480, #3387, .T. ) ;
#633 = DIRECTION ( 'NONE',  ( 2.168404344971010446E-15, -1.000000000000000000, 0.0000000000000000000 ) ) ;
#634 = EDGE_CURVE ( 'NONE', #1191, #2929, #2037, .T. ) ;
#635 = CARTESIAN_POINT ( 'NONE',  ( -0.1181102362204724532, 0.001910576577067484277, 0.07480314960629921850 ) ) ;
#636 = VERTEX_POINT ( 'NONE', #113 ) ;
#637 = ORIENTED_EDGE ( 'NONE', *, *, #215, .T. ) ;
#638 = CARTESIAN_POINT ( 'NONE',  ( 0.1181102362204724532, 0.1299212598425196763, -0.1122047244094488277 ) ) ;
#639 = VERTEX_POINT ( 'NONE', #659 ) ;
#640 = DIRECTION ( 'NONE',  ( -0.4465975813569838526, 0.8947349329975285981, 0.0000000000000000000 ) ) ;
#641 = DIRECTION ( 'NONE',  ( -0.4153637994577553672, 0.8055226371389487827, -0.4226182617407003850 ) ) ;
#642 = ORIENTED_EDGE ( 'NONE', *, *, #1036, .F. ) ;
#643 = PLANE ( 'NONE',  #2368 ) ;
#644 = LINE ( 'NONE', #2325, #3048 ) ;
#645 = EDGE_CURVE ( 'NONE', #408, #3324, #132, .T. ) ;
#646 = VECTOR ( 'NONE', #352, 39.37007874015748143 ) ;
#647 = ORIENTED_EDGE ( 'NONE', *, *, #1249, .F. ) ;
#648 = ORIENTED_EDGE ( 'NONE', *, *, #9, .T. ) ;
#649 = AXIS2_PLACEMENT_3D ( 'NONE', #1379, #2958, #1350 ) ;
#650 = VECTOR ( 'NONE', #3373, 39.37007874015748854 ) ;
#651 = VECTOR ( 'NONE', #605, 39.37007874015748143 ) ;
#652 = ORIENTED_EDGE ( 'NONE', *, *, #671, .F. ) ;
#653 = AXIS2_PLACEMENT_3D ( 'NONE', #176, #1529, #3143 ) ;
#654 = FACE_OUTER_BOUND ( 'NONE', #2774, .T. ) ;
#655 = EDGE_CURVE ( 'NONE', #315, #2615, #422, .T. ) ;
#656 = AXIS2_PLACEMENT_3D ( 'NONE', #2303, #1816, #2057 ) ;
#657 = ORIENTED_EDGE ( 'NONE', *, *, #1830, .F. ) ;
#658 = AXIS2_PLACEMENT_3D ( 'NONE', #929, #987, #2283 ) ;
#659 = CARTESIAN_POINT ( 'NONE',  ( 0.1282216153882259901, -0.04242765514639196961, -0.07480314960629921850 ) ) ;
#660 = DIRECTION ( 'NONE',  ( 0.0000000000000000000, 1.000000000000000000, 0.0000000000000000000 ) ) ;
#661 = DIRECTION ( 'NONE',  ( 0.0000000000000000000, 0.0000000000000000000, 1.000000000000000000 ) ) ;
#662 = TOROIDAL_SURFACE ( 'NONE', #953, 0.06372088004045453613, 0.003937007874015747977 ) ;
#663 = CARTESIAN_POINT ( 'NONE',  ( -0.1555118110236220763, 0.003937007874015747977, -0.04921259842519685318 ) ) ;
#664 = LINE ( 'NONE', #2300, #1234 ) ;
#665 = ORIENTED_EDGE ( 'NONE', *, *, #124, .T. ) ;
#666 = FACE_OUTER_BOUND ( 'NONE', #3361, .T. ) ;
#667 = CARTESIAN_POINT ( 'NONE',  ( 0.0000000000000000000, 0.1377952755905511861, 0.0000000000000000000 ) ) ;
#668 = VECTOR ( 'NONE', #111, 39.37007874015748143 ) ;
#669 = ORIENTED_EDGE ( 'NONE', *, *, #1184, .T. ) ;
#670 = VERTEX_POINT ( 'NONE', #3367 ) ;
#671 = EDGE_CURVE ( 'NONE', #2188, #1325, #1521, .T. ) ;
#672 = AXIS2_PLACEMENT_3D ( 'NONE', #347, #362, #2264 ) ;
#673 = ORIENTED_EDGE ( 'NONE', *, *, #2164, .T. ) ;
#674 = DIRECTION ( 'NONE',  ( 0.0000000000000000000, 0.0000000000000000000, 1.000000000000000000 ) ) ;
#675 = ORIENTED_EDGE ( 'NONE', *, *, #322, .T. ) ;
#676 =( LENGTH_UNIT ( ) NAMED_UNIT ( * ) SI_UNIT ( $, .METRE. ) );
#677 = DIRECTION ( 'NONE',  ( -0.4583032446580520558, -0.8887958910435519444, 0.0000000000000000000 ) ) ;
#678 = DIRECTION ( 'NONE',  ( 0.0000000000000000000, 0.0000000000000000000, -1.000000000000000000 ) ) ;
#679 = MANIFOLD_SOLID_BREP ( 'Imported2', #2417 ) ;
#680 = EDGE_CURVE ( 'NONE', #3215, #1949, #3112, .T. ) ;
#681 = ORIENTED_EDGE ( 'NONE', *, *, #655, .T. ) ;
#682 = SURFACE_STYLE_USAGE ( .BOTH. , #2344 ) ;
#683 = VERTEX_POINT ( 'NONE', #190 ) ;
#684 = CARTESIAN_POINT ( 'NONE',  ( 0.1122047244094488277, 0.1299212598425196763, 0.1122047244094488277 ) ) ;
#685 = DIRECTION ( 'NONE',  ( 0.0000000000000000000, 0.0000000000000000000, -1.000000000000000000 ) ) ;
#686 = ORIENTED_EDGE ( 'NONE', *, *, #1966, .T. ) ;
#687 = CARTESIAN_POINT ( 'NONE',  ( 0.08858267716535432601, 0.1496062992125984370, -0.1122047244094488139 ) ) ;
#688 = ADVANCED_FACE ( 'NONE', ( #1481 ), #3105, .T. ) ;
#689 = ADVANCED_FACE ( 'NONE', ( #2892 ), #1272, .F. ) ;
#690 = ORIENTED_EDGE ( 'NONE', *, *, #1618, .F. ) ;
#691 = DIRECTION ( 'NONE',  ( 0.0000000000000000000, -1.000000000000000000, 0.0000000000000000000 ) ) ;
#692 = CARTESIAN_POINT ( 'NONE',  ( 0.08858267716535432601, 0.1299212598425196763, -0.08858267716535432601 ) ) ;
#693 = DIRECTION ( 'NONE',  ( 1.000000000000000000, 0.0000000000000000000, 0.0000000000000000000 ) ) ;
#694 = ORIENTED_EDGE ( 'NONE', *, *, #1931, .F. ) ;
#695 = CARTESIAN_POINT ( 'NONE',  ( -0.1181102362204724532, 0.1377952755905511861, -0.1181102362204724532 ) ) ;
#696 =( NAMED_UNIT ( * ) PLANE_ANGLE_UNIT ( ) SI_UNIT ( $, .RADIAN. ) );
#697 = LINE ( 'NONE', #2574, #80 ) ;
#698 = EDGE_CURVE ( 'NONE', #3314, #2232, #471, .T. ) ;
#699 = DIRECTION ( 'NONE',  ( 0.0000000000000000000, 0.0000000000000000000, 1.000000000000000000 ) ) ;
#700 = VERTEX_POINT ( 'NONE', #2114 ) ;
#701 = CARTESIAN_POINT ( 'NONE',  ( -0.1122047244094488277, 0.1299212598425196763, -0.1181102362204724532 ) ) ;
#702 = CARTESIAN_POINT ( 'NONE',  ( -0.1338584372998307126, -0.03149606299212598381, -0.07480314960629921850 ) ) ;
#703 = ORIENTED_EDGE ( 'NONE', *, *, #2050, .F. ) ;
#704 = DIRECTION ( 'NONE',  ( 0.0000000000000000000, 0.0000000000000000000, -1.000000000000000000 ) ) ;
#705 = VECTOR ( 'NONE', #3436, 39.37007874015748143 ) ;
#706 = DIRECTION ( 'NONE',  ( 0.0000000000000000000, 0.0000000000000000000, 1.000000000000000000 ) ) ;
#707 = STYLED_ITEM ( 'NONE', ( #797 ), #603 ) ;
#708 = VERTEX_POINT ( 'NONE', #3197 ) ;
#709 = MECHANICAL_DESIGN_GEOMETRIC_PRESENTATION_REPRESENTATION (  '', ( #1628 ), #363 ) ;
#710 = AXIS2_PLACEMENT_3D ( 'NONE', #2324, #2042, #2572 ) ;
#711 = CARTESIAN_POINT ( 'NONE',  ( 0.0000000000000000000, 0.1299212598425196763, 0.07283464566929134798 ) ) ;
#712 = DIRECTION ( 'NONE',  ( -1.000000000000000000, 0.0000000000000000000, 0.0000000000000000000 ) ) ;
#713 = EDGE_CURVE ( 'NONE', #2828, #1315, #3226, .T. ) ;
#714 = FACE_BOUND ( 'NONE', #2390, .T. ) ;
#715 = VECTOR ( 'NONE', #2016, 39.37007874015748143 ) ;
#716 = ORIENTED_EDGE ( 'NONE', *, *, #813, .T. ) ;
#717 = CARTESIAN_POINT ( 'NONE',  ( -0.1181102362204724532, 0.1377952755905511861, -0.1181102362204724532 ) ) ;
#718 = FILL_AREA_STYLE ('',( #3128 ) ) ;
#719 = VECTOR ( 'NONE', #1729, 39.37007874015748143 ) ;
#720 = DIRECTION ( 'NONE',  ( 0.0000000000000000000, -1.000000000000000000, 0.0000000000000000000 ) ) ;
#721 = ORIENTED_EDGE ( 'NONE', *, *, #139, .F. ) ;
#722 =( GEOMETRIC_REPRESENTATION_CONTEXT ( 3 ) GLOBAL_UNCERTAINTY_ASSIGNED_CONTEXT ( ( #1266 ) ) GLOBAL_UNIT_ASSIGNED_CONTEXT ( ( #1251, #1578, #730 ) ) REPRESENTATION_CONTEXT ( 'NONE', 'WORKASPACE' ) );
#723 = ADVANCED_FACE ( 'NONE', ( #2926 ), #2660, .F. ) ;
#724 = DIRECTION ( 'NONE',  ( 0.0000000000000000000, 0.0000000000000000000, 1.000000000000000000 ) ) ;
#725 =( NAMED_UNIT ( * ) PLANE_ANGLE_UNIT ( ) SI_UNIT ( $, .RADIAN. ) );
#726 = VERTEX_POINT ( 'NONE', #326 ) ;
#727 = DIRECTION ( 'NONE',  ( 1.000000000000000000, 0.0000000000000000000, 0.0000000000000000000 ) ) ;
#728 = AXIS2_PLACEMENT_3D ( 'NONE', #1284, #3462, #2652 ) ;
#729 = ORIENTED_EDGE ( 'NONE', *, *, #165, .F. ) ;
#730 =( NAMED_UNIT ( * ) SI_UNIT ( $, .STERADIAN. ) SOLID_ANGLE_UNIT ( ) );
#731 =( NAMED_UNIT ( * ) SI_UNIT ( $, .STERADIAN. ) SOLID_ANGLE_UNIT ( ) );
#732 = PLANE ( 'NONE',  #77 ) ;
#733 = ORIENTED_EDGE ( 'NONE', *, *, #1803, .T. ) ;
#734 = PLANE ( 'NONE',  #2482 ) ;
#735 = CARTESIAN_POINT ( 'NONE',  ( 0.08858267716535432601, 0.1377952755905511861, 0.1122047244094488139 ) ) ;
#736 = CARTESIAN_POINT ( 'NONE',  ( 0.1181102362204724532, 0.001910576577067484277, -0.1023622047244094474 ) ) ;
#737 = PLANE ( 'NONE',  #308 ) ;
#738 = ORIENTED_EDGE ( 'NONE', *, *, #855, .F. ) ;
#739 = EDGE_CURVE ( 'NONE', #1531, #2787, #2086, .T. ) ;
#740 = ADVANCED_FACE ( 'NONE', ( #3094 ), #1148, .T. ) ;
#741 = LINE ( 'NONE', #978, #705 ) ;
#742 = DIRECTION ( 'NONE',  ( 0.0000000000000000000, 0.0000000000000000000, -1.000000000000000000 ) ) ;
#743 = ORIENTED_EDGE ( 'NONE', *, *, #2706, .F. ) ;
#744 = CARTESIAN_POINT ( 'NONE',  ( 0.1181102362204724532, 0.1377952755905511861, -0.1122047244094488277 ) ) ;
#745 = CARTESIAN_POINT ( 'NONE',  ( -0.1181102362204724532, 0.1377952755905511861, 0.1181102362204724532 ) ) ;
#746 = ADVANCED_FACE ( 'NONE', ( #3059 ), #643, .F. ) ;
#747 = ORIENTED_EDGE ( 'NONE', *, *, #3531, .T. ) ;
#748 = ORIENTED_EDGE ( 'NONE', *, *, #235, .F. ) ;
#749 = PLANE ( 'NONE',  #1929 ) ;
#750 = DIRECTION ( 'NONE',  ( 0.0000000000000000000, 0.0000000000000000000, -1.000000000000000000 ) ) ;
#751 = DIRECTION ( 'NONE',  ( -1.000000000000000000, 2.168404344971010446E-15, 0.0000000000000000000 ) ) ;
#752 = EDGE_LOOP ( 'NONE', ( #1898, #839, #2278, #565 ) ) ;
#753 = ORIENTED_EDGE ( 'NONE', *, *, #1823, .T. ) ;
#754 = CYLINDRICAL_SURFACE ( 'NONE', #1513, 0.007874015748031499423 ) ;
#755 = EDGE_CURVE ( 'NONE', #1325, #2109, #1725, .T. ) ;
#756 = FACE_OUTER_BOUND ( 'NONE', #151, .T. ) ;
#757 = ORIENTED_EDGE ( 'NONE', *, *, #2823, .F. ) ;
#758 = CARTESIAN_POINT ( 'NONE',  ( 0.1338584372998307126, -0.03149606299212598381, 0.1023622047244094474 ) ) ;
#759 = LENGTH_MEASURE_WITH_UNIT ( LENGTH_MEASURE( 0.02539999999999999897 ), #3400 );
#760 = EDGE_CURVE ( 'NONE', #12, #3064, #2509, .T. ) ;
#761 = ORIENTED_EDGE ( 'NONE', *, *, #61, .F. ) ;
#762 = CARTESIAN_POINT ( 'NONE',  ( -0.1408568301426933178, -0.03510474995793744224, 0.1023622047244094474 ) ) ;
#763 = CARTESIAN_POINT ( 'NONE',  ( 0.1352200082310885954, -0.04603634211220338640, 0.1023622047244094474 ) ) ;
#764 = DIRECTION ( 'NONE',  ( 0.0000000000000000000, 0.0000000000000000000, -1.000000000000000000 ) ) ;
#765 = VECTOR ( 'NONE', #1668, 39.37007874015748143 ) ;
#766 = VERTEX_POINT ( 'NONE', #1989 ) ;
#767 = ORIENTED_EDGE ( 'NONE', *, *, #2784, .F. ) ;
#768 = EDGE_CURVE ( 'NONE', #3001, #1192, #2816, .T. ) ;
#769 = CYLINDRICAL_SURFACE ( 'NONE', #610, 0.005905511811023620231 ) ;
#770 = CARTESIAN_POINT ( 'NONE',  ( -0.1259842519685039353, 0.02755905511811023584, -0.1023622047244094474 ) ) ;
#771 = AXIS2_PLACEMENT_3D ( 'NONE', #848, #505, #3240 ) ;
#772 = AXIS2_PLACEMENT_3D ( 'NONE', #2857, #3147, #724 ) ;
#773 = DIRECTION ( 'NONE',  ( 0.0000000000000000000, 0.0000000000000000000, -1.000000000000000000 ) ) ;
#774 = ORIENTED_EDGE ( 'NONE', *, *, #1769, .F. ) ;
#775 = VERTEX_POINT ( 'NONE', #1397 ) ;
#776 = AXIS2_PLACEMENT_3D ( 'NONE', #1135, #1149, #1711 ) ;
#777 = CARTESIAN_POINT ( 'NONE',  ( -0.1181102362204724532, 0.1299212598425196763, 0.1181102362204724532 ) ) ;
#778 = VECTOR ( 'NONE', #122, 39.37007874015748143 ) ;
#779 = VECTOR ( 'NONE', #486, 39.37007874015748143 ) ;
#780 = DIRECTION ( 'NONE',  ( 0.0000000000000000000, 0.0000000000000000000, 1.000000000000000000 ) ) ;
#781 = ORIENTED_EDGE ( 'NONE', *, *, #3135, .F. ) ;
#782 = CARTESIAN_POINT ( 'NONE',  ( 0.1338584372998307126, -0.03149606299212598381, -0.07480314960629921850 ) ) ;
#783 = VECTOR ( 'NONE', #2602, 39.37007874015748854 ) ;
#784 = CARTESIAN_POINT ( 'NONE',  ( 0.1185480476730569055, -0.06118778250134625923, 0.09251968503937008093 ) ) ;
#785 = AXIS2_PLACEMENT_3D ( 'NONE', #1496, #2581, #1232 ) ;
#786 = ADVANCED_FACE ( 'NONE', ( #1164 ), #2798, .T. ) ;
#787 = DIRECTION ( 'NONE',  ( 1.000000000000000000, 0.0000000000000000000, 0.0000000000000000000 ) ) ;
#788 = AXIS2_PLACEMENT_3D ( 'NONE', #2951, #3154, #2069 ) ;
#789 = CARTESIAN_POINT ( 'NONE',  ( 0.1255464405159194829, -0.06479646946715768296, 0.1023622047244094474 ) ) ;
#790 = ORIENTED_EDGE ( 'NONE', *, *, #655, .F. ) ;
#791 = ADVANCED_FACE ( 'NONE', ( #3289 ), #1736, .F. ) ;
#792 = EDGE_CURVE ( 'NONE', #445, #2003, #3275, .T. ) ;
#793 = CARTESIAN_POINT ( 'NONE',  ( 0.1259842519685039353, 0.02755905511811023584, -0.1023622047244094474 ) ) ;
#794 = CARTESIAN_POINT ( 'NONE',  ( 0.1408568301426933178, -0.03510474995793744224, -0.1023622047244094474 ) ) ;
#795 = VERTEX_POINT ( 'NONE', #2559 ) ;
#796 = VERTEX_POINT ( 'NONE', #67 ) ;
#797 = PRESENTATION_STYLE_ASSIGNMENT (( #1874 ) ) ;
#798 = DIRECTION ( 'NONE',  ( 0.8947349329975287091, -0.4465975813569839081, 0.0000000000000000000 ) ) ;
#799 = ORIENTED_EDGE ( 'NONE', *, *, #3535, .T. ) ;
#800 = DIRECTION ( 'NONE',  ( 0.0000000000000000000, 0.0000000000000000000, -1.000000000000000000 ) ) ;
#801 = CARTESIAN_POINT ( 'NONE',  ( -0.1189390950157675347, -0.001605939811570186943, 0.1023622047244094474 ) ) ;
#802 = PRODUCT_DEFINITION_CONTEXT ( 'detailed design', #274, 'design' ) ;
#803 = CARTESIAN_POINT ( 'NONE',  ( -0.1122047244094488277, 0.1377952755905511861, -0.1122047244094488277 ) ) ;
#804 = VERTEX_POINT ( 'NONE', #1134 ) ;
#805 = CARTESIAN_POINT ( 'NONE',  ( 0.1189390950157675347, -0.001605939811570186943, 0.1023622047244094474 ) ) ;
#806 = EDGE_CURVE ( 'NONE', #3449, #3070, #3379, .T. ) ;
#807 = LINE ( 'NONE', #3213, #2587 ) ;
#808 = ORIENTED_EDGE ( 'NONE', *, *, #1645, .T. ) ;
#809 = DIRECTION ( 'NONE',  ( -2.168404344971010347E-16, 0.0000000000000000000, -1.000000000000000000 ) ) ;
#810 = CYLINDRICAL_SURFACE ( 'NONE', #3446, 0.007874015748031499423 ) ;
#811 = ORIENTED_EDGE ( 'NONE', *, *, #3350, .T. ) ;
#812 = LINE ( 'NONE', #2213, #3270 ) ;
#813 = EDGE_CURVE ( 'NONE', #3317, #1558, #3037, .T. ) ;
#814 = EDGE_CURVE ( 'NONE', #2131, #2609, #882, .T. ) ;
#815 = CARTESIAN_POINT ( 'NONE',  ( 0.1181102362204724532, 0.0000000000000000000, -0.1181102362204724532 ) ) ;
#816 = DIRECTION ( 'NONE',  ( 0.1936873206075089282, 0.3756213745151028016, -0.9063077870366496036 ) ) ;
#817 = ORIENTED_EDGE ( 'NONE', *, *, #3118, .F. ) ;
#818 = CARTESIAN_POINT ( 'NONE',  ( -0.1181102362204724532, 0.03543307086614173179, 0.1023622047244094474 ) ) ;
#819 = DIRECTION ( 'NONE',  ( 0.0000000000000000000, 0.0000000000000000000, 1.000000000000000000 ) ) ;
#820 = ORIENTED_EDGE ( 'NONE', *, *, #294, .T. ) ;
#821 = EDGE_LOOP ( 'NONE', ( #2459, #877, #3461, #2111 ) ) ;
#822 = FILL_AREA_STYLE ('',( #1046 ) ) ;
#823 = ADVANCED_FACE ( 'NONE', ( #591 ), #1416, .T. ) ;
#824 = VECTOR ( 'NONE', #2102, 39.37007874015748143 ) ;
#825 = VECTOR ( 'NONE', #1368, 39.37007874015748143 ) ;
#826 = CARTESIAN_POINT ( 'NONE',  ( -0.1328516659854228621, -0.03344851307380460742, -0.1070731206436911498 ) ) ;
#827 = FACE_OUTER_BOUND ( 'NONE', #977, .T. ) ;
#828 = CARTESIAN_POINT ( 'NONE',  ( 0.1408568301426933178, -0.03510474995793744224, -0.1023622047244094474 ) ) ;
#829 = AXIS2_PLACEMENT_3D ( 'NONE', #524, #3243, #307 ) ;
#830 = VERTEX_POINT ( 'NONE', #1447 ) ;
#831 = AXIS2_PLACEMENT_3D ( 'NONE', #1612, #1064, #1317 ) ;
#832 = DIRECTION ( 'NONE',  ( 0.0000000000000000000, 0.0000000000000000000, 1.000000000000000000 ) ) ;
#833 = VECTOR ( 'NONE', #1281, 39.37007874015748143 ) ;
#834 = VECTOR ( 'NONE', #2749, 39.37007874015748143 ) ;
#835 = CIRCLE ( 'NONE', #1230, 0.005905511811023620231 ) ;
#836 = FACE_OUTER_BOUND ( 'NONE', #3352, .T. ) ;
#837 = VECTOR ( 'NONE', #2208, 39.37007874015748143 ) ;
#838 = EDGE_CURVE ( 'NONE', #169, #2474, #2782, .T. ) ;
#839 = ORIENTED_EDGE ( 'NONE', *, *, #2136, .F. ) ;
#840 = CIRCLE ( 'NONE', #2824, 0.005905511811023620231 ) ;
#841 = DIRECTION ( 'NONE',  ( 0.0000000000000000000, 0.0000000000000000000, 1.000000000000000000 ) ) ;
#842 = DIRECTION ( 'NONE',  ( 0.0000000000000000000, 0.0000000000000000000, 1.000000000000000000 ) ) ;
#843 = ORIENTED_EDGE ( 'NONE', *, *, #3396, .F. ) ;
#844 = VERTEX_POINT ( 'NONE', #2540 ) ;
#845 = CARTESIAN_POINT ( 'NONE',  ( 0.1259842519685039353, 0.02755905511811023584, -0.07480314960629921850 ) ) ;
#846 = DIRECTION ( 'NONE',  ( 0.0000000000000000000, 0.0000000000000000000, 1.000000000000000000 ) ) ;
#847 = CYLINDRICAL_SURFACE ( 'NONE', #1586, 0.007874015748031499423 ) ;
#848 = CARTESIAN_POINT ( 'NONE',  ( -0.08858267716535432601, 0.1299212598425196763, 0.08858267716535432601 ) ) ;
#849 = AXIS2_PLACEMENT_3D ( 'NONE', #2669, #2942, #2391 ) ;
#850 = ORIENTED_EDGE ( 'NONE', *, *, #1440, .T. ) ;
#851 = DIRECTION ( 'NONE',  ( 0.0000000000000000000, 0.0000000000000000000, 1.000000000000000000 ) ) ;
#852 = FACE_OUTER_BOUND ( 'NONE', #1976, .T. ) ;
#853 = CARTESIAN_POINT ( 'NONE',  ( -0.1181102362204724532, 0.1299212598425196763, -0.1122047244094488277 ) ) ;
#854 = EDGE_CURVE ( 'NONE', #3246, #3287, #140, .T. ) ;
#855 = EDGE_CURVE ( 'NONE', #472, #1848, #3182, .T. ) ;
#856 = ORIENTED_EDGE ( 'NONE', *, *, #1439, .T. ) ;
#857 = CARTESIAN_POINT ( 'NONE',  ( -0.1259842519685039353, 0.001910576577067480157, -0.1023622047244094474 ) ) ;
#858 = ORIENTED_EDGE ( 'NONE', *, *, #3313, .F. ) ;
#859 = CARTESIAN_POINT ( 'NONE',  ( -0.08858267716535432601, 0.1299212598425196763, -0.06496062992125983815 ) ) ;
#860 = ADVANCED_FACE ( 'NONE', ( #1758 ), #1771, .T. ) ;
#861 = ADVANCED_FACE ( 'NONE', ( #2343 ), #2287, .T. ) ;
#862 = ORIENTED_EDGE ( 'NONE', *, *, #967, .T. ) ;
#863 =( LENGTH_UNIT ( ) NAMED_UNIT ( * ) SI_UNIT ( $, .METRE. ) );
#864 = CARTESIAN_POINT ( 'NONE',  ( -0.1181102362204724532, 0.02755905511811023584, 0.1023622047244094474 ) ) ;
#865 = FACE_OUTER_BOUND ( 'NONE', #1229, .T. ) ;
#866 = DIRECTION ( 'NONE',  ( 0.0000000000000000000, 0.0000000000000000000, 1.000000000000000000 ) ) ;
#867 = ORIENTED_EDGE ( 'NONE', *, *, #3309, .T. ) ;
#868 = DIRECTION ( 'NONE',  ( 0.0000000000000000000, 0.0000000000000000000, 1.000000000000000000 ) ) ;
#869 = DIRECTION ( 'NONE',  ( 0.0000000000000000000, -1.000000000000000000, 0.0000000000000000000 ) ) ;
#870 = EDGE_CURVE ( 'NONE', #2929, #3410, #175, .T. ) ;
#871 = EDGE_LOOP ( 'NONE', ( #1255, #345, #3429, #811 ) ) ;
#872 = ORIENTED_EDGE ( 'NONE', *, *, #3492, .T. ) ;
#873 = ADVANCED_FACE ( 'NONE', ( #3163 ), #2872, .F. ) ;
#874 = ORIENTED_EDGE ( 'NONE', *, *, #626, .T. ) ;
#875 = LINE ( 'NONE', #1731, #2440 ) ;
#876 = ADVANCED_FACE ( 'NONE', ( #1012 ), #105, .F. ) ;
#877 = ORIENTED_EDGE ( 'NONE', *, *, #45, .T. ) ;
#878 = CARTESIAN_POINT ( 'NONE',  ( -0.1181102362204724532, 0.001910576577067484277, -0.1023622047244094474 ) ) ;
#879 = FACE_OUTER_BOUND ( 'NONE', #2594, .T. ) ;
#880 = DIRECTION ( 'NONE',  ( 0.0000000000000000000, 0.0000000000000000000, -1.000000000000000000 ) ) ;
#881 = ORIENTED_EDGE ( 'NONE', *, *, #3421, .F. ) ;
#882 = LINE ( 'NONE', #2522, #646 ) ;
#883 = TOROIDAL_SURFACE ( 'NONE', #191, 0.06372088004045453613, 0.003937007874015747977 ) ;
#884 = CLOSED_SHELL ( 'NONE', ( #2975, #3235, #2230, #861, #2027, #1178, #2588, #3312, #1606, #35, #2741, #1506, #2683, #1662, #860, #2339, #98, #3049, #2805, #2760, #3524, #1422, #2350, #2918, #18, #746, #1638, #2444, #2838, #3093, #1262 ) ) ;
#885 = CARTESIAN_POINT ( 'NONE',  ( 0.1338584372998307126, -0.03149606299212598381, 0.1023622047244094474 ) ) ;
#886 = FACE_BOUND ( 'NONE', #550, .T. ) ;
#887 = AXIS2_PLACEMENT_3D ( 'NONE', #2271, #3355, #919 ) ;
#888 = VECTOR ( 'NONE', #2156, 39.37007874015748143 ) ;
#889 = ORIENTED_EDGE ( 'NONE', *, *, #1966, .F. ) ;
#890 = VERTEX_POINT ( 'NONE', #393 ) ;
#891 = VECTOR ( 'NONE', #490, 39.37007874015748854 ) ;
#892 = LINE ( 'NONE', #1979, #1519 ) ;
#893 = AXIS2_PLACEMENT_3D ( 'NONE', #495, #1357, #1594 ) ;
#894 = EDGE_CURVE ( 'NONE', #3364, #2609, #1487, .T. ) ;
#895 = EDGE_LOOP ( 'NONE', ( #3111, #2657, #690, #3214, #1327, #2200, #3099, #669, #3471, #872, #2604 ) ) ;
#896 = CARTESIAN_POINT ( 'NONE',  ( -0.1181102362204724532, 0.003937007874015747977, -0.04921259842519685318 ) ) ;
#897 = VECTOR ( 'NONE', #691, 39.37007874015748143 ) ;
#898 = EDGE_CURVE ( 'NONE', #3237, #1801, #200, .T. ) ;
#899 = VECTOR ( 'NONE', #2409, 39.37007874015748143 ) ;
#900 = ORIENTED_EDGE ( 'NONE', *, *, #2670, .F. ) ;
#901 = LINE ( 'NONE', #826, #3274 ) ;
#902 = CARTESIAN_POINT ( 'NONE',  ( 0.1409035942525671270, -0.02797954660348830891, 0.1023622047244094474 ) ) ;
#903 = CARTESIAN_POINT ( 'NONE',  ( 0.1259842519685039353, 0.02755905511811023584, -0.1023622047244094474 ) ) ;
#904 = ORIENTED_EDGE ( 'NONE', *, *, #1120, .F. ) ;
#905 = CARTESIAN_POINT ( 'NONE',  ( 0.1259842519685039353, 0.001910576577067480157, -0.1023622047244094474 ) ) ;
#906 = PLANE ( 'NONE',  #1346 ) ;
#907 = EDGE_CURVE ( 'NONE', #2395, #1620, #2099, .T. ) ;
#908 = PLANE ( 'NONE',  #2366 ) ;
#909 = CIRCLE ( 'NONE', #619, 0.007874015748031499423 ) ;
#910 = ORIENTED_EDGE ( 'NONE', *, *, #1823, .F. ) ;
#911 = ORIENTED_EDGE ( 'NONE', *, *, #2655, .F. ) ;
#912 = EDGE_CURVE ( 'NONE', #3012, #2029, #2203, .T. ) ;
#913 = LINE ( 'NONE', #620, #371 ) ;
#914 = VERTEX_POINT ( 'NONE', #2610 ) ;
#915 = CARTESIAN_POINT ( 'NONE',  ( -0.1408568301426933178, -0.03510474995793744224, -0.1023622047244094474 ) ) ;
#916 = ORIENTED_EDGE ( 'NONE', *, *, #3236, .T. ) ;
#917 = DIRECTION ( 'NONE',  ( -0.0000000000000000000, 1.000000000000000000, 0.0000000000000000000 ) ) ;
#918 = ADVANCED_FACE ( 'NONE', ( #666 ), #734, .F. ) ;
#919 = DIRECTION ( 'NONE',  ( 0.0000000000000000000, 0.0000000000000000000, 1.000000000000000000 ) ) ;
#920 = CARTESIAN_POINT ( 'NONE',  ( 0.08858267716535432601, 0.1181102362204724532, -0.08858267716535432601 ) ) ;
#921 = VERTEX_POINT ( 'NONE', #160 ) ;
#922 = DIRECTION ( 'NONE',  ( 0.0000000000000000000, 0.0000000000000000000, -1.000000000000000000 ) ) ;
#923 = DIRECTION ( 'NONE',  ( -0.8887958910435520554, 0.4583032446580521113, 0.0000000000000000000 ) ) ;
#924 = SURFACE_STYLE_FILL_AREA ( #1727 ) ;
#925 = ADVANCED_FACE ( 'NONE', ( #2851 ), #1256, .T. ) ;
#926 = ORIENTED_EDGE ( 'NONE', *, *, #1154, .T. ) ;
#927 = DIRECTION ( 'NONE',  ( 0.8887958910435519444, 0.4583032446580520558, 0.0000000000000000000 ) ) ;
#928 = ORIENTED_EDGE ( 'NONE', *, *, #1047, .F. ) ;
#929 = CARTESIAN_POINT ( 'NONE',  ( 0.1259842519685039353, 0.001910576577067484277, 0.1023622047244094474 ) ) ;
#930 = LINE ( 'NONE', #1199, #2360 ) ;
#931 = CARTESIAN_POINT ( 'NONE',  ( -0.1122047244094488277, 0.1377952755905511861, -0.1181102362204724532 ) ) ;
#932 = ORIENTED_EDGE ( 'NONE', *, *, #1078, .F. ) ;
#933 = EDGE_CURVE ( 'NONE', #1396, #12, #1833, .T. ) ;
#934 = DIRECTION ( 'NONE',  ( 0.0000000000000000000, 1.000000000000000000, 0.0000000000000000000 ) ) ;
#935 = CARTESIAN_POINT ( 'NONE',  ( -0.08858267716535432601, 0.1377952755905511861, 0.08858267716535432601 ) ) ;
#936 = CARTESIAN_POINT ( 'NONE',  ( 0.0000000000000000000, 0.1299212598425196763, 0.0000000000000000000 ) ) ;
#937 = VECTOR ( 'NONE', #2256, 39.37007874015748143 ) ;
#938 = ORIENTED_EDGE ( 'NONE', *, *, #1036, .T. ) ;
#939 = ORIENTED_EDGE ( 'NONE', *, *, #296, .F. ) ;
#940 = VECTOR ( 'NONE', #720, 39.37007874015748143 ) ;
#941 = VECTOR ( 'NONE', #1433, 39.37007874015748143 ) ;
#942 = AXIS2_PLACEMENT_3D ( 'NONE', #589, #339, #324 ) ;
#943 = ORIENTED_EDGE ( 'NONE', *, *, #2252, .T. ) ;
#944 = CIRCLE ( 'NONE', #2938, 0.02362204724409448092 ) ;
#945 = FACE_OUTER_BOUND ( 'NONE', #1388, .T. ) ;
#946 = EDGE_CURVE ( 'NONE', #315, #683, #2889, .T. ) ;
#947 = CIRCLE ( 'NONE', #2140, 0.02362204724409448092 ) ;
#948 = ORIENTED_EDGE ( 'NONE', *, *, #3374, .F. ) ;
#949 = VECTOR ( 'NONE', #2944, 39.37007874015748143 ) ;
#950 = SURFACE_SIDE_STYLE ('',( #3155 ) ) ;
#951 = LINE ( 'NONE', #2847, #263 ) ;
#952 = CARTESIAN_POINT ( 'NONE',  ( -0.1280139404404702919, -0.04283040298287204423, -0.07501445166377776474 ) ) ;
#953 = AXIS2_PLACEMENT_3D ( 'NONE', #2921, #1023, #1268 ) ;
#954 = DIRECTION ( 'NONE',  ( 0.0000000000000000000, 0.0000000000000000000, -1.000000000000000000 ) ) ;
#955 = ORIENTED_EDGE ( 'NONE', *, *, #1944, .F. ) ;
#956 = CARTESIAN_POINT ( 'NONE',  ( -0.08858267716535432601, 0.1181102362204724532, -0.08858267716535432601 ) ) ;
#957 = CONICAL_SURFACE ( 'NONE', #37, 0.06889763779527559306, 0.03490658503988665340 ) ;
#958 =( NAMED_UNIT ( * ) SI_UNIT ( $, .STERADIAN. ) SOLID_ANGLE_UNIT ( ) );
#959 = ORIENTED_EDGE ( 'NONE', *, *, #3350, .F. ) ;
#960 = CARTESIAN_POINT ( 'NONE',  ( 0.1259842519685039353, 0.001910576577067480157, 0.07480314960629921850 ) ) ;
#961 = EDGE_CURVE ( 'NONE', #1595, #1100, #401, .T. ) ;
#962 = EDGE_CURVE ( 'NONE', #804, #2029, #178, .T. ) ;
#963 =( GEOMETRIC_REPRESENTATION_CONTEXT ( 3 ) GLOBAL_UNCERTAINTY_ASSIGNED_CONTEXT ( ( #2160 ) ) GLOBAL_UNIT_ASSIGNED_CONTEXT ( ( #3255, #1891, #1676 ) ) REPRESENTATION_CONTEXT ( 'NONE', 'WORKASPACE' ) );
#964 = ORIENTED_EDGE ( 'NONE', *, *, #2843, .T. ) ;
#965 = PLANE ( 'NONE',  #728 ) ;
#966 = EDGE_LOOP ( 'NONE', ( #910, #2117, #179, #511 ) ) ;
#967 = EDGE_CURVE ( 'NONE', #804, #1351, #1102, .T. ) ;
#968 =( CONVERSION_BASED_UNIT ( 'INCH', #3406 ) LENGTH_UNIT ( ) NAMED_UNIT ( #1675 ) );
#969 = CARTESIAN_POINT ( 'NONE',  ( 0.08858267716535432601, 0.1299212598425196763, -0.08858267716535432601 ) ) ;
#970 = CARTESIAN_POINT ( 'NONE',  ( 0.1259842519685039353, 0.001910576577067480157, 0.1023622047244094474 ) ) ;
#971 = DIRECTION ( 'NONE',  ( 0.4583032446580520558, -0.8887958910435519444, 0.0000000000000000000 ) ) ;
#972 = ORIENTED_EDGE ( 'NONE', *, *, #3481, .T. ) ;
#973 = CARTESIAN_POINT ( 'NONE',  ( -0.1181102362204724532, 0.03543307086614173179, -0.07480314960629921850 ) ) ;
#974 = CYLINDRICAL_SURFACE ( 'NONE', #2759, 0.07283464566929134798 ) ;
#975 = DIRECTION ( 'NONE',  ( 0.0000000000000000000, -1.000000000000000000, 0.0000000000000000000 ) ) ;
#976 = DIRECTION ( 'NONE',  ( 0.0000000000000000000, 0.0000000000000000000, 1.000000000000000000 ) ) ;
#977 = EDGE_LOOP ( 'NONE', ( #1159, #575, #856, #916, #716, #850, #1980, #3500 ) ) ;
#978 = CARTESIAN_POINT ( 'NONE',  ( 0.1181102362204724532, 0.03543307086614173179, -0.1023622047244094474 ) ) ;
#979 = DIRECTION ( 'NONE',  ( 0.8887958910435519444, 0.4583032446580520558, 0.0000000000000000000 ) ) ;
#980 = ORIENTED_EDGE ( 'NONE', *, *, #680, .T. ) ;
#981 = EDGE_CURVE ( 'NONE', #2970, #804, #127, .T. ) ;
#982 = CYLINDRICAL_SURFACE ( 'NONE', #2222, 0.02362204724409448092 ) ;
#983 = CARTESIAN_POINT ( 'NONE',  ( -0.08858267716535432601, 0.1377952755905511861, -0.08858267716535432601 ) ) ;
#984 = ORIENTED_EDGE ( 'NONE', *, *, #2423, .T. ) ;
#985 = DIRECTION ( 'NONE',  ( 0.0000000000000000000, 0.0000000000000000000, -1.000000000000000000 ) ) ;
#986 = DIRECTION ( 'NONE',  ( -1.000000000000000000, 2.168404344971010446E-15, 0.0000000000000000000 ) ) ;
#987 = DIRECTION ( 'NONE',  ( 0.0000000000000000000, 0.0000000000000000000, -1.000000000000000000 ) ) ;
#988 = CARTESIAN_POINT ( 'NONE',  ( -0.1189390950157675347, -0.001605939811570186943, -0.1023622047244094474 ) ) ;
#989 = ORIENTED_EDGE ( 'NONE', *, *, #60, .F. ) ;
#990 = DIRECTION ( 'NONE',  ( 0.0000000000000000000, 0.0000000000000000000, 1.000000000000000000 ) ) ;
#991 = CARTESIAN_POINT ( 'NONE',  ( -0.1181102362204724532, 0.1377952755905511861, -0.1122047244094488277 ) ) ;
#992 = CARTESIAN_POINT ( 'NONE',  ( -0.1259842519685039353, 0.02755905511811023584, -0.1023622047244094474 ) ) ;
#993 = CARTESIAN_POINT ( 'NONE',  ( 0.08858267716535432601, 0.1377952755905511861, 0.08858267716535432601 ) ) ;
#994 = VERTEX_POINT ( 'NONE', #2896 ) ;
#995 = CYLINDRICAL_SURFACE ( 'NONE', #2647, 0.007874015748031499423 ) ;
#996 = ORIENTED_EDGE ( 'NONE', *, *, #3434, .F. ) ;
#997 = CIRCLE ( 'NONE', #2753, 0.02362204724409448092 ) ;
#998 = DIRECTION ( 'NONE',  ( 0.4153637994577553672, 0.8055226371389487827, -0.4226182617407003850 ) ) ;
#999 = CIRCLE ( 'NONE', #1858, 0.003937007874015749712 ) ;
#1000 = LINE ( 'NONE', #2088, #2092 ) ;
#1001 = VECTOR ( 'NONE', #1814, 39.37007874015748143 ) ;
#1002 = VERTEX_POINT ( 'NONE', #162 ) ;
#1003 = CARTESIAN_POINT ( 'NONE',  ( 0.1282216153882259901, -0.04242765514639196961, 0.1023622047244094474 ) ) ;
#1004 = DIRECTION ( 'NONE',  ( 0.0000000000000000000, 0.0000000000000000000, 1.000000000000000000 ) ) ;
#1005 = VECTOR ( 'NONE', #2591, 39.37007874015748143 ) ;
#1006 = LINE ( 'NONE', #2094, #2030 ) ;
#1007 = EDGE_CURVE ( 'NONE', #265, #2949, #3457, .T. ) ;
#1008 = EDGE_CURVE ( 'NONE', #994, #1801, #3218, .T. ) ;
#1009 = FILL_AREA_STYLE_COLOUR ( '', #483 ) ;
#1010 = CIRCLE ( 'NONE', #1516, 0.07283464566929134798 ) ;
#1011 = ORIENTED_EDGE ( 'NONE', *, *, #1960, .T. ) ;
#1012 = FACE_OUTER_BOUND ( 'NONE', #2697, .T. ) ;
#1013 = CARTESIAN_POINT ( 'NONE',  ( -0.08858267716535432601, 0.1377952755905511861, -0.06496062992125983815 ) ) ;
#1014 = CIRCLE ( 'NONE', #785, 0.007874015748031499423 ) ;
#1015 = CARTESIAN_POINT ( 'NONE',  ( 0.1181102362204724532, -0.003937007874015747977, 0.04921259842519685318 ) ) ;
#1016 = ORIENTED_EDGE ( 'NONE', *, *, #198, .F. ) ;
#1017 = VECTOR ( 'NONE', #2621, 39.37007874015748143 ) ;
#1018 = CARTESIAN_POINT ( 'NONE',  ( 0.1181102362204724532, 0.1299212598425196763, -0.1122047244094488277 ) ) ;
#1019 = EDGE_CURVE ( 'NONE', #3220, #766, #2137, .T. ) ;
#1020 = CARTESIAN_POINT ( 'NONE',  ( 0.1122047244094488277, 0.1377952755905511861, 0.1181102362204724532 ) ) ;
#1021 = ORIENTED_EDGE ( 'NONE', *, *, #29, .T. ) ;
#1022 = CARTESIAN_POINT ( 'NONE',  ( 0.1255464405159194829, -0.06479646946715768296, -0.09251968503937008093 ) ) ;
#1023 = DIRECTION ( 'NONE',  ( 0.0000000000000000000, 1.000000000000000000, 0.0000000000000000000 ) ) ;
#1024 = VECTOR ( 'NONE', #998, 39.37007874015748143 ) ;
#1025 = ORIENTED_EDGE ( 'NONE', *, *, #1032, .F. ) ;
#1026 = LENGTH_MEASURE_WITH_UNIT ( LENGTH_MEASURE( 0.02539999999999999897 ), #2396 );
#1027 = CARTESIAN_POINT ( 'NONE',  ( 0.1181102362204724532, 0.02755905511811023584, -0.1023622047244094474 ) ) ;
#1028 = CARTESIAN_POINT ( 'NONE',  ( -0.1181102362204724532, 0.1299212598425196763, 0.04921259842519685318 ) ) ;
#1029 = VERTEX_POINT ( 'NONE', #1530 ) ;
#1030 = ORIENTED_EDGE ( 'NONE', *, *, #1944, .T. ) ;
#1031 = CARTESIAN_POINT ( 'NONE',  ( -0.1083935435132570846, -0.03220340707415822457, 0.07480314960629921850 ) ) ;
#1032 = EDGE_CURVE ( 'NONE', #921, #994, #1855, .T. ) ;
#1033 = CARTESIAN_POINT ( 'NONE',  ( -0.1338584372998307126, -0.03149606299212598381, -0.1023622047244094474 ) ) ;
#1034 = EDGE_LOOP ( 'NONE', ( #233, #1699, #1367, #2502 ) ) ;
#1035 = CARTESIAN_POINT ( 'NONE',  ( 0.1181102362204724532, 0.03543307086614173179, 0.07480314960629921850 ) ) ;
#1036 = EDGE_CURVE ( 'NONE', #246, #3211, #2614, .T. ) ;
#1037 = ORIENTED_EDGE ( 'NONE', *, *, #3428, .T. ) ;
#1038 = LINE ( 'NONE', #208, #1473 ) ;
#1039 = CARTESIAN_POINT ( 'NONE',  ( -0.1122047244094488277, 0.1299212598425196763, -0.1122047244094488277 ) ) ;
#1040 = CARTESIAN_POINT ( 'NONE',  ( -0.1122047244094488277, 0.1377952755905511861, -0.1122047244094488277 ) ) ;
#1041 = ORIENTED_EDGE ( 'NONE', *, *, #2899, .T. ) ;
#1042 = DIRECTION ( 'NONE',  ( 0.8887958910435519444, -0.4583032446580520558, 0.0000000000000000000 ) ) ;
#1043 = DIRECTION ( 'NONE',  ( 0.0000000000000000000, 0.0000000000000000000, 1.000000000000000000 ) ) ;
#1044 = VERTEX_POINT ( 'NONE', #1278 ) ;
#1045 = ORIENTED_EDGE ( 'NONE', *, *, #739, .F. ) ;
#1046 = FILL_AREA_STYLE_COLOUR ( '', #1799 ) ;
#1047 = EDGE_CURVE ( 'NONE', #1141, #1303, #2627, .T. ) ;
#1048 = CARTESIAN_POINT ( 'NONE',  ( 0.0000000000000000000, 0.1299212598425196763, 0.06889763779527559306 ) ) ;
#1049 = VERTEX_POINT ( 'NONE', #1566 ) ;
#1050 = CARTESIAN_POINT ( 'NONE',  ( -0.1189390950157675347, -0.001605939811570186943, -0.07480314960629921850 ) ) ;
#1051 = EDGE_CURVE ( 'NONE', #2834, #2856, #2359, .T. ) ;
#1052 = LINE ( 'NONE', #264, #427 ) ;
#1053 = VECTOR ( 'NONE', #2986, 39.37007874015748143 ) ;
#1054 = VERTEX_POINT ( 'NONE', #2878 ) ;
#1055 = FACE_OUTER_BOUND ( 'NONE', #1459, .T. ) ;
#1056 = DIMENSIONAL_EXPONENTS ( 1.000000000000000000, 0.0000000000000000000, 0.0000000000000000000, 0.0000000000000000000, 0.0000000000000000000, 0.0000000000000000000, 0.0000000000000000000 ) ;
#1057 = AXIS2_PLACEMENT_3D ( 'NONE', #1788, #1831, #693 ) ;
#1058 = CIRCLE ( 'NONE', #1339, 0.007874015748031499423 ) ;
#1059 = CARTESIAN_POINT ( 'NONE',  ( 0.1338584372998307126, -0.03149606299212598381, -0.1023622047244094474 ) ) ;
#1060 = ORIENTED_EDGE ( 'NONE', *, *, #2181, .F. ) ;
#1061 = ORIENTED_EDGE ( 'NONE', *, *, #2525, .F. ) ;
#1062 = AXIS2_PLACEMENT_3D ( 'NONE', #2388, #2909, #230 ) ;
#1063 = CIRCLE ( 'NONE', #1691, 0.007874015748031499423 ) ;
#1064 = DIRECTION ( 'NONE',  ( 0.0000000000000000000, 0.0000000000000000000, 1.000000000000000000 ) ) ;
#1065 = VECTOR ( 'NONE', #2340, 39.37007874015748143 ) ;
#1066 = CARTESIAN_POINT ( 'NONE',  ( -0.1181102362204724532, 0.03543307086614173179, -0.1023622047244094474 ) ) ;
#1067 = ORIENTED_EDGE ( 'NONE', *, *, #240, .T. ) ;
#1068 = CARTESIAN_POINT ( 'NONE',  ( -0.1185480476730569055, -0.06118778250134625923, 0.09251968503937008093 ) ) ;
#1069 = VECTOR ( 'NONE', #2466, 39.37007874015748854 ) ;
#1070 = LINE ( 'NONE', #801, #2026 ) ;
#1071 = AXIS2_PLACEMENT_3D ( 'NONE', #3480, #2653, #3441 ) ;
#1072 = ADVANCED_FACE ( 'NONE', ( #3187 ), #737, .T. ) ;
#1073 = CARTESIAN_POINT ( 'NONE',  ( 0.1122047244094488277, 0.1377952755905511861, 0.1122047244094488277 ) ) ;
#1074 = ORIENTED_EDGE ( 'NONE', *, *, #3271, .F. ) ;
#1075 = PLANE ( 'NONE',  #3175 ) ;
#1076 = CIRCLE ( 'NONE', #3527, 0.07283464566929134798 ) ;
#1077 = EDGE_CURVE ( 'NONE', #1147, #2615, #143, .T. ) ;
#1078 = EDGE_CURVE ( 'NONE', #1555, #617, #1503, .T. ) ;
#1079 = ORIENTED_EDGE ( 'NONE', *, *, #2634, .T. ) ;
#1080 = PLANE ( 'NONE',  #2316 ) ;
#1081 = FACE_OUTER_BOUND ( 'NONE', #2710, .T. ) ;
#1082 = ORIENTED_EDGE ( 'NONE', *, *, #1598, .T. ) ;
#1083 = DIRECTION ( 'NONE',  ( 1.445602896647339903E-16, 0.0000000000000000000, 1.000000000000000000 ) ) ;
#1084 = CARTESIAN_POINT ( 'NONE',  ( -0.08858267716535432601, 0.1496062992125984370, 0.1122047244094488139 ) ) ;
#1085 = FILL_AREA_STYLE_COLOUR ( '', #1414 ) ;
#1086 = EDGE_CURVE ( 'NONE', #2301, #3346, #997, .T. ) ;
#1087 = DIRECTION ( 'NONE',  ( 0.0000000000000000000, 0.0000000000000000000, -1.000000000000000000 ) ) ;
#1088 = EDGE_LOOP ( 'NONE', ( #1538, #1291, #3419, #1358 ) ) ;
#1089 = DIRECTION ( 'NONE',  ( 0.0000000000000000000, -1.000000000000000000, 0.0000000000000000000 ) ) ;
#1090 = CARTESIAN_POINT ( 'NONE',  ( -0.1181102362204724532, 0.003937007874015747977, 0.04921259842519685318 ) ) ;
#1091 = ORIENTED_EDGE ( 'NONE', *, *, #582, .F. ) ;
#1092 = LINE ( 'NONE', #36, #1806 ) ;
#1093 = DIRECTION ( 'NONE',  ( 0.0000000000000000000, -1.000000000000000000, 0.0000000000000000000 ) ) ;
#1094 = DIRECTION ( 'NONE',  ( 0.0000000000000000000, -1.000000000000000000, 0.0000000000000000000 ) ) ;
#1095 = ORIENTED_EDGE ( 'NONE', *, *, #2205, .T. ) ;
#1096 = CARTESIAN_POINT ( 'NONE',  ( 0.08858267716535432601, 0.1377952755905511861, -0.08858267716535432601 ) ) ;
#1097 = CARTESIAN_POINT ( 'NONE',  ( -0.1259842519685039353, 0.001910576577067480157, -0.1023622047244094474 ) ) ;
#1098 = CARTESIAN_POINT ( 'NONE',  ( 0.1181102362204724532, 0.1299212598425196763, 0.1122047244094488277 ) ) ;
#1099 = DIRECTION ( 'NONE',  ( 0.0000000000000000000, 0.0000000000000000000, 1.000000000000000000 ) ) ;
#1100 = VERTEX_POINT ( 'NONE', #2328 ) ;
#1101 = CARTESIAN_POINT ( 'NONE',  ( -0.1408568301426933178, -0.03510474995793744224, -0.1023622047244094474 ) ) ;
#1102 = CIRCLE ( 'NONE', #592, 0.003937007874015749712 ) ;
#1103 = CARTESIAN_POINT ( 'NONE',  ( -0.08858267716535432601, 0.1181102362204724532, 0.08858267716535432601 ) ) ;
#1104 = VERTEX_POINT ( 'NONE', #2383 ) ;
#1105 = SURFACE_STYLE_FILL_AREA ( #822 ) ;
#1106 = AXIS2_PLACEMENT_3D ( 'NONE', #2768, #2779, #1161 ) ;
#1107 = AXIS2_PLACEMENT_3D ( 'NONE', #180, #412, #2105 ) ;
#1108 = CARTESIAN_POINT ( 'NONE',  ( -0.1189390950157675347, -0.001605939811570186943, 0.1023622047244094474 ) ) ;
#1109 = EDGE_CURVE ( 'NONE', #3246, #2841, #3474, .T. ) ;
#1110 = CARTESIAN_POINT ( 'NONE',  ( 8.919671568592926781E-18, 0.1299212598425196763, -0.07283464566929134798 ) ) ;
#1111 = CARTESIAN_POINT ( 'NONE',  ( -0.1409035942525671270, -0.02797954660348830891, 0.1023622047244094474 ) ) ;
#1112 = VECTOR ( 'NONE', #1117, 39.37007874015748143 ) ;
#1113 = ORIENTED_EDGE ( 'NONE', *, *, #1373, .F. ) ;
#1114 = STYLED_ITEM ( 'NONE', ( #2224 ), #618 ) ;
#1115 = DIRECTION ( 'NONE',  ( 0.0000000000000000000, 1.000000000000000000, 0.0000000000000000000 ) ) ;
#1116 = DIRECTION ( 'NONE',  ( 0.0000000000000000000, 1.000000000000000000, 0.0000000000000000000 ) ) ;
#1117 = DIRECTION ( 'NONE',  ( 0.0000000000000000000, -1.000000000000000000, 0.0000000000000000000 ) ) ;
#1118 = STYLED_ITEM ( 'NONE', ( #1752 ), #679 ) ;
#1119 = ORIENTED_EDGE ( 'NONE', *, *, #2095, .T. ) ;
#1120 = EDGE_CURVE ( 'NONE', #3458, #1659, #3203, .T. ) ;
#1121 = VECTOR ( 'NONE', #3318, 39.37007874015748143 ) ;
#1122 = PRESENTATION_STYLE_ASSIGNMENT (( #3532 ) ) ;
#1123 = DIRECTION ( 'NONE',  ( 0.4153637994577553672, -0.8055226371389487827, -0.4226182617407003850 ) ) ;
#1124 = AXIS2_PLACEMENT_3D ( 'NONE', #1667, #3034, #573 ) ;
#1125 = ORIENTED_EDGE ( 'NONE', *, *, #2067, .F. ) ;
#1126 = AXIS2_PLACEMENT_3D ( 'NONE', #59, #97, #1476 ) ;
#1127 = CARTESIAN_POINT ( 'NONE',  ( -0.1181102362204724532, 0.1299212598425196763, 0.1181102362204724532 ) ) ;
#1128 = ORIENTED_EDGE ( 'NONE', *, *, #3135, .T. ) ;
#1129 = DIRECTION ( 'NONE',  ( 0.0000000000000000000, 0.0000000000000000000, -1.000000000000000000 ) ) ;
#1130 = SPHERICAL_SURFACE ( 'NONE', #1461, 0.03937007874015747977 ) ;
#1131 = DIRECTION ( 'NONE',  ( 0.0000000000000000000, -1.000000000000000000, 0.0000000000000000000 ) ) ;
#1132 = ORIENTED_EDGE ( 'NONE', *, *, #447, .F. ) ;
#1133 = EDGE_CURVE ( 'NONE', #1505, #291, #1851, .T. ) ;
#1134 = CARTESIAN_POINT ( 'NONE',  ( 0.0000000000000000000, 0.1654917303019783348, 0.06765548959564783582 ) ) ;
#1135 = CARTESIAN_POINT ( 'NONE',  ( 0.1122047244094488277, 0.0000000000000000000, 0.1122047244094488277 ) ) ;
#1136 = FILL_AREA_STYLE_COLOUR ( '', #2876 ) ;
#1137 = ORIENTED_EDGE ( 'NONE', *, *, #739, .T. ) ;
#1138 = ADVANCED_FACE ( 'NONE', ( #756 ), #1939, .F. ) ;
#1139 = ORIENTED_EDGE ( 'NONE', *, *, #713, .T. ) ;
#1140 = CARTESIAN_POINT ( 'NONE',  ( 0.1259842519685039353, 0.02755905511811023584, 0.07480314960629921850 ) ) ;
#1141 = VERTEX_POINT ( 'NONE', #3018 ) ;
#1142 = ORIENTED_EDGE ( 'NONE', *, *, #1331, .T. ) ;
#1143 = PLANE ( 'NONE',  #2814 ) ;
#1144 = DIMENSIONAL_EXPONENTS ( 1.000000000000000000, 0.0000000000000000000, 0.0000000000000000000, 0.0000000000000000000, 0.0000000000000000000, 0.0000000000000000000, 0.0000000000000000000 ) ;
#1145 = CARTESIAN_POINT ( 'NONE',  ( -0.1259842519685039353, 0.001910576577067480157, -0.1023622047244094474 ) ) ;
#1146 = FACE_OUTER_BOUND ( 'NONE', #1757, .T. ) ;
#1147 = VERTEX_POINT ( 'NONE', #2747 ) ;
#1148 = CYLINDRICAL_SURFACE ( 'NONE', #2940, 0.007874015748031499423 ) ;
#1149 = DIRECTION ( 'NONE',  ( 0.0000000000000000000, -1.000000000000000000, 0.0000000000000000000 ) ) ;
#1150 = EDGE_CURVE ( 'NONE', #2333, #3199, #2421, .T. ) ;
#1151 = ORIENTED_EDGE ( 'NONE', *, *, #3073, .T. ) ;
#1152 = VERTEX_POINT ( 'NONE', #558 ) ;
#1153 = EDGE_CURVE ( 'NONE', #1002, #1384, #2735, .T. ) ;
#1154 = EDGE_CURVE ( 'NONE', #766, #3220, #2247, .T. ) ;
#1155 = CARTESIAN_POINT ( 'NONE',  ( -0.1185480476730569055, -0.06118778250134625923, -0.09251968503937008093 ) ) ;
#1156 = EDGE_LOOP ( 'NONE', ( #1486, #2399, #2890, #1997 ) ) ;
#1157 = CARTESIAN_POINT ( 'NONE',  ( 0.08858267716535432601, 0.1299212598425196763, -0.08858267716535432601 ) ) ;
#1158 = ORIENTED_EDGE ( 'NONE', *, *, #2377, .F. ) ;
#1159 = ORIENTED_EDGE ( 'NONE', *, *, #814, .F. ) ;
#1160 = DIRECTION ( 'NONE',  ( 0.0000000000000000000, 1.000000000000000000, 0.0000000000000000000 ) ) ;
#1161 = DIRECTION ( 'NONE',  ( 0.0000000000000000000, 0.0000000000000000000, -1.000000000000000000 ) ) ;
#1162 = DIRECTION ( 'NONE',  ( 0.0000000000000000000, 1.000000000000000000, 0.0000000000000000000 ) ) ;
#1163 = ORIENTED_EDGE ( 'NONE', *, *, #1019, .T. ) ;
#1164 = FACE_OUTER_BOUND ( 'NONE', #621, .T. ) ;
#1165 = VECTOR ( 'NONE', #201, 39.37007874015748143 ) ;
#1166 = VECTOR ( 'NONE', #593, 39.37007874015748143 ) ;
#1167 = DIRECTION ( 'NONE',  ( 0.0000000000000000000, 1.000000000000000000, 0.0000000000000000000 ) ) ;
#1168 = AXIS2_PLACEMENT_3D ( 'NONE', #3198, #3448, #954 ) ;
#1169 = COLOUR_RGB ( '',0.7921568627450980005, 0.8196078431372548767, 0.9294117647058823817 ) ;
#1170 = ORIENTED_EDGE ( 'NONE', *, *, #261, .T. ) ;
#1171 = ORIENTED_EDGE ( 'NONE', *, *, #170, .T. ) ;
#1172 = PRESENTATION_LAYER_ASSIGNMENT (  '', '', ( #258 ) ) ;
#1173 = AXIS2_PLACEMENT_3D ( 'NONE', #343, #631, #614 ) ;
#1174 = PRODUCT_DEFINITION_SHAPE ( 'NONE', 'NONE',  #1786 ) ;
#1175 = CARTESIAN_POINT ( 'NONE',  ( -0.1259842519685039353, 0.02755905511811023584, 0.1023622047244094474 ) ) ;
#1176 = AXIS2_PLACEMENT_3D ( 'NONE', #3408, #1183, #712 ) ;
#1177 = VERTEX_POINT ( 'NONE', #1603 ) ;
#1178 = ADVANCED_FACE ( 'NONE', ( #1394 ), #883, .T. ) ;
#1179 = CARTESIAN_POINT ( 'NONE',  ( -0.1181102362204724532, 0.0000000000000000000, 0.1122047244094488277 ) ) ;
#1180 = VECTOR ( 'NONE', #2352, 39.37007874015748143 ) ;
#1181 = VECTOR ( 'NONE', #1042, 39.37007874015748143 ) ;
#1182 = VERTEX_POINT ( 'NONE', #2971 ) ;
#1183 = DIRECTION ( 'NONE',  ( 0.0000000000000000000, 0.0000000000000000000, 1.000000000000000000 ) ) ;
#1184 = EDGE_CURVE ( 'NONE', #2232, #2773, #1328, .T. ) ;
#1185 = CARTESIAN_POINT ( 'NONE',  ( 0.0000000000000000000, 0.1692913385826771699, 0.0000000000000000000 ) ) ;
#1186 = CYLINDRICAL_SURFACE ( 'NONE', #318, 0.005905511811023620231 ) ;
#1187 = ORIENTED_EDGE ( 'NONE', *, *, #3026, .T. ) ;
#1188 = DIRECTION ( 'NONE',  ( -1.000000000000000000, 0.0000000000000000000, 0.0000000000000000000 ) ) ;
#1189 = CARTESIAN_POINT ( 'NONE',  ( 0.1122047244094488277, 0.1299212598425196763, 0.1181102362204724532 ) ) ;
#1190 = LENGTH_MEASURE_WITH_UNIT ( LENGTH_MEASURE( 0.02539999999999999897 ), #354 );
#1191 = VERTEX_POINT ( 'NONE', #1066 ) ;
#1192 = VERTEX_POINT ( 'NONE', #2173 ) ;
#1193 = ADVANCED_FACE ( 'NONE', ( #521 ), #1614, .T. ) ;
#1194 = ORIENTED_EDGE ( 'NONE', *, *, #1844, .T. ) ;
#1195 = CYLINDRICAL_SURFACE ( 'NONE', #672, 0.007874015748031499423 ) ;
#1196 = ADVANCED_FACE ( 'NONE', ( #1081 ), #1366, .F. ) ;
#1197 = ORIENTED_EDGE ( 'NONE', *, *, #854, .F. ) ;
#1198 = CARTESIAN_POINT ( 'NONE',  ( 0.1409035942525671270, -0.02797954660348830891, -0.1023622047244094474 ) ) ;
#1199 = CARTESIAN_POINT ( 'NONE',  ( 0.1181102362204724532, 0.1299212598425196763, -0.1181102362204724532 ) ) ;
#1200 = VERTEX_POINT ( 'NONE', #828 ) ;
#1201 = DIRECTION ( 'NONE',  ( 0.0000000000000000000, 1.000000000000000000, 0.0000000000000000000 ) ) ;
#1202 = CARTESIAN_POINT ( 'NONE',  ( -0.1181102362204724532, 0.0000000000000000000, -0.1122047244094488277 ) ) ;
#1203 = EDGE_CURVE ( 'NONE', #2906, #1049, #3265, .T. ) ;
#1204 = ORIENTED_EDGE ( 'NONE', *, *, #1336, .F. ) ;
#1205 = ORIENTED_EDGE ( 'NONE', *, *, #170, .F. ) ;
#1206 = EDGE_LOOP ( 'NONE', ( #733, #3328, #2428, #3257 ) ) ;
#1207 = DIRECTION ( 'NONE',  ( 0.0000000000000000000, -1.000000000000000000, 0.0000000000000000000 ) ) ;
#1208 = ORIENTED_EDGE ( 'NONE', *, *, #3244, .T. ) ;
#1209 = DIRECTION ( 'NONE',  ( 0.4583032446580520558, -0.8887958910435519444, 0.0000000000000000000 ) ) ;
#1210 = CARTESIAN_POINT ( 'NONE',  ( -0.1185480476730569055, -0.06118778250134625923, -0.08464566929133858497 ) ) ;
#1211 = CARTESIAN_POINT ( 'NONE',  ( 0.1259842519685039353, 0.02755905511811023584, -0.1023622047244094474 ) ) ;
#1212 = CARTESIAN_POINT ( 'NONE',  ( 0.1259842519685039353, 0.001910576577067480157, -0.1023622047244094474 ) ) ;
#1213 = ORIENTED_EDGE ( 'NONE', *, *, #1399, .T. ) ;
#1214 = CARTESIAN_POINT ( 'NONE',  ( -0.1181102362204724532, 0.1299212598425196763, 0.1122047244094488277 ) ) ;
#1215 = ADVANCED_FACE ( 'NONE', ( #2719 ), #252, .T. ) ;
#1216 = DIRECTION ( 'NONE',  ( 0.0000000000000000000, -1.000000000000000000, 0.0000000000000000000 ) ) ;
#1217 = EDGE_CURVE ( 'NONE', #374, #726, #2192, .T. ) ;
#1218 = CARTESIAN_POINT ( 'NONE',  ( -0.08858267716535432601, 0.1496062992125984370, -0.06496062992125983815 ) ) ;
#1219 = ORIENTED_EDGE ( 'NONE', *, *, #383, .T. ) ;
#1220 = FACE_OUTER_BOUND ( 'NONE', #1974, .T. ) ;
#1221 = AXIS2_PLACEMENT_3D ( 'NONE', #2639, #1274, #193 ) ;
#1222 = VECTOR ( 'NONE', #3416, 39.37007874015748143 ) ;
#1223 = EDGE_CURVE ( 'NONE', #3366, #382, #248, .T. ) ;
#1224 = EDGE_CURVE ( 'NONE', #1531, #1570, #236, .T. ) ;
#1225 = EDGE_LOOP ( 'NONE', ( #3415, #1609, #1061, #2716 ) ) ;
#1226 = AXIS2_PLACEMENT_3D ( 'NONE', #2358, #1216, #2118 ) ;
#1227 = CARTESIAN_POINT ( 'NONE',  ( 0.0000000000000000000, 0.1299212598425196763, 0.0000000000000000000 ) ) ;
#1228 =( GEOMETRIC_REPRESENTATION_CONTEXT ( 3 ) GLOBAL_UNCERTAINTY_ASSIGNED_CONTEXT ( ( #1334 ) ) GLOBAL_UNIT_ASSIGNED_CONTEXT ( ( #1535, #725, #3437 ) ) REPRESENTATION_CONTEXT ( 'NONE', 'WORKASPACE' ) );
#1229 = EDGE_LOOP ( 'NONE', ( #790, #2282, #1945, #2972, #467, #1463, #288, #3475, #144, #1243, #1380 ) ) ;
#1230 = AXIS2_PLACEMENT_3D ( 'NONE', #157, #2607, #3089 ) ;
#1231 = FILL_AREA_STYLE ('',( #3385 ) ) ;
#1232 = DIRECTION ( 'NONE',  ( -1.000000000000000000, 0.0000000000000000000, 0.0000000000000000000 ) ) ;
#1233 = PLANE ( 'NONE',  #600 ) ;
#1234 = VECTOR ( 'NONE', #1756, 39.37007874015748143 ) ;
#1235 = LINE ( 'NONE', #2608, #3451 ) ;
#1236 = ORIENTED_EDGE ( 'NONE', *, *, #2789, .F. ) ;
#1237 = DIRECTION ( 'NONE',  ( 1.000000000000000000, 0.0000000000000000000, 0.0000000000000000000 ) ) ;
#1238 = DIRECTION ( 'NONE',  ( 0.0000000000000000000, 1.000000000000000000, 0.0000000000000000000 ) ) ;
#1239 = VECTOR ( 'NONE', #1408, 39.37007874015748143 ) ;
#1240 = CARTESIAN_POINT ( 'NONE',  ( 0.1181102362204724532, 0.0000000000000000000, -0.04921259842519685318 ) ) ;
#1241 = ADVANCED_FACE ( 'NONE', ( #1633 ), #810, .T. ) ;
#1242 = CARTESIAN_POINT ( 'NONE',  ( 0.1338584372998307126, -0.03149606299212598381, -0.1023622047244094474 ) ) ;
#1243 = ORIENTED_EDGE ( 'NONE', *, *, #760, .T. ) ;
#1244 = CYLINDRICAL_SURFACE ( 'NONE', #1107, 0.02362204724409448092 ) ;
#1245 = CARTESIAN_POINT ( 'NONE',  ( 0.1259842519685039353, 0.001910576577067480157, 0.1023622047244094474 ) ) ;
#1246 = VERTEX_POINT ( 'NONE', #3 ) ;
#1247 = DIRECTION ( 'NONE',  ( 0.4583032446580520558, -0.8887958910435519444, 0.0000000000000000000 ) ) ;
#1248 = CARTESIAN_POINT ( 'NONE',  ( -0.1259842519685039353, 0.001910576577067484277, 0.1023622047244094474 ) ) ;
#1249 = EDGE_CURVE ( 'NONE', #2395, #1049, #2210, .T. ) ;
#1250 = ORIENTED_EDGE ( 'NONE', *, *, #406, .T. ) ;
#1251 =( CONVERSION_BASED_UNIT ( 'INCH', #1026 ) LENGTH_UNIT ( ) NAMED_UNIT ( #1144 ) );
#1252 = LINE ( 'NONE', #134, #547 ) ;
#1253 = LINE ( 'NONE', #952, #1065 ) ;
#1254 = CARTESIAN_POINT ( 'NONE',  ( -0.08858267716535432601, 0.1496062992125984370, 0.1122047244094488139 ) ) ;
#1255 = ORIENTED_EDGE ( 'NONE', *, *, #1769, .T. ) ;
#1256 = CYLINDRICAL_SURFACE ( 'NONE', #314, 0.007874015748031499423 ) ;
#1257 = DIRECTION ( 'NONE',  ( 0.0000000000000000000, 0.0000000000000000000, 1.000000000000000000 ) ) ;
#1258 = PRESENTATION_STYLE_ASSIGNMENT (( #161 ) ) ;
#1259 = CARTESIAN_POINT ( 'NONE',  ( 0.0000000000000000000, 0.1654917303019783348, 0.0000000000000000000 ) ) ;
#1260 = ORIENTED_EDGE ( 'NONE', *, *, #634, .F. ) ;
#1261 = CARTESIAN_POINT ( 'NONE',  ( -0.1181102362204724532, 0.0000000000000000000, -0.1181102362204724532 ) ) ;
#1262 = ADVANCED_FACE ( 'NONE', ( #87 ), #51, .T. ) ;
#1263 = CARTESIAN_POINT ( 'NONE',  ( 0.1185480476730569055, -0.06118778250134625923, -0.1023622047244094474 ) ) ;
#1264 = ORIENTED_EDGE ( 'NONE', *, *, #962, .F. ) ;
#1265 = CARTESIAN_POINT ( 'NONE',  ( -0.1259842519685039353, 0.001910576577067480157, -0.1023622047244094474 ) ) ;
#1266 = UNCERTAINTY_MEASURE_WITH_UNIT (LENGTH_MEASURE( 1.000000000000000082E-05 ), #1251, 'distance_accuracy_value', 'NONE');
#1267 = EDGE_CURVE ( 'NONE', #1936, #3173, #1910, .T. ) ;
#1268 = DIRECTION ( 'NONE',  ( 0.0000000000000000000, 0.0000000000000000000, 1.000000000000000000 ) ) ;
#1269 = SURFACE_STYLE_FILL_AREA ( #186 ) ;
#1270 = ORIENTED_EDGE ( 'NONE', *, *, #1086, .F. ) ;
#1271 = CARTESIAN_POINT ( 'NONE',  ( 0.1185480476730569055, -0.06118778250134625923, -0.09251968503937008093 ) ) ;
#1272 = CYLINDRICAL_SURFACE ( 'NONE', #3100, 0.02362204724409448092 ) ;
#1273 = PLANE ( 'NONE',  #2537 ) ;
#1274 = DIRECTION ( 'NONE',  ( 0.0000000000000000000, 0.0000000000000000000, -1.000000000000000000 ) ) ;
#1275 = ORIENTED_EDGE ( 'NONE', *, *, #907, .T. ) ;
#1276 = DIRECTION ( 'NONE',  ( 0.0000000000000000000, 0.0000000000000000000, 1.000000000000000000 ) ) ;
#1277 = CYLINDRICAL_SURFACE ( 'NONE', #1226, 0.005905511811023620231 ) ;
#1278 = CARTESIAN_POINT ( 'NONE',  ( 0.1409035942525671270, -0.02797954660348830891, 0.1023622047244094474 ) ) ;
#1279 = ORIENTED_EDGE ( 'NONE', *, *, #632, .F. ) ;
#1280 = DIRECTION ( 'NONE',  ( -0.0000000000000000000, 1.000000000000000000, 0.0000000000000000000 ) ) ;
#1281 = DIRECTION ( 'NONE',  ( 0.4583032446580520558, -0.8887958910435519444, 0.0000000000000000000 ) ) ;
#1282 = ORIENTED_EDGE ( 'NONE', *, *, #1559, .T. ) ;
#1283 = VECTOR ( 'NONE', #1734, 39.37007874015748143 ) ;
#1284 = CARTESIAN_POINT ( 'NONE',  ( -0.1181102362204724532, 0.1299212598425196763, 0.1181102362204724532 ) ) ;
#1285 = AXIS2_PLACEMENT_3D ( 'NONE', #2988, #1926, #1381 ) ;
#1286 = FACE_OUTER_BOUND ( 'NONE', #329, .T. ) ;
#1287 = DIRECTION ( 'NONE',  ( 1.000000000000000000, 0.0000000000000000000, 0.0000000000000000000 ) ) ;
#1288 = VECTOR ( 'NONE', #1607, 39.37007874015748143 ) ;
#1289 =( GEOMETRIC_REPRESENTATION_CONTEXT ( 3 ) GLOBAL_UNCERTAINTY_ASSIGNED_CONTEXT ( ( #2725 ) ) GLOBAL_UNIT_ASSIGNED_CONTEXT ( ( #3473, #696, #1791 ) ) REPRESENTATION_CONTEXT ( 'NONE', 'WORKASPACE' ) );
#1290 = EDGE_CURVE ( 'NONE', #1044, #708, #2556, .T. ) ;
#1291 = ORIENTED_EDGE ( 'NONE', *, *, #2005, .T. ) ;
#1292 = DIRECTION ( 'NONE',  ( -1.000000000000000000, 0.0000000000000000000, 0.0000000000000000000 ) ) ;
#1293 = VECTOR ( 'NONE', #289, 39.37007874015748143 ) ;
#1294 = AXIS2_PLACEMENT_3D ( 'NONE', #2004, #1471, #1188 ) ;
#1295 = CARTESIAN_POINT ( 'NONE',  ( 0.1409035942525671270, -0.02797954660348830891, -0.07480314960629921850 ) ) ;
#1296 = VECTOR ( 'NONE', #1720, 39.37007874015748143 ) ;
#1297 = EDGE_LOOP ( 'NONE', ( #28, #2143 ) ) ;
#1298 = ORIENTED_EDGE ( 'NONE', *, *, #2974, .T. ) ;
#1299 = CARTESIAN_POINT ( 'NONE',  ( -0.1338584372998307126, -0.03149606299212598381, -0.1023622047244094474 ) ) ;
#1300 = VECTOR ( 'NONE', #1811, 39.37007874015748143 ) ;
#1301 = EDGE_CURVE ( 'NONE', #379, #1841, #930, .T. ) ;
#1302 = CARTESIAN_POINT ( 'NONE',  ( 0.08858267716535432601, 0.1299212598425196763, 0.08858267716535432601 ) ) ;
#1303 = VERTEX_POINT ( 'NONE', #2285 ) ;
#1304 = CIRCLE ( 'NONE', #1462, 0.005905511811023620231 ) ;
#1305 = DIRECTION ( 'NONE',  ( 0.0000000000000000000, 1.000000000000000000, 0.0000000000000000000 ) ) ;
#1306 = LINE ( 'NONE', #223, #1694 ) ;
#1307 = ORIENTED_EDGE ( 'NONE', *, *, #1150, .F. ) ;
#1308 = LINE ( 'NONE', #2048, #1934 ) ;
#1309 = DIRECTION ( 'NONE',  ( 0.0000000000000000000, 0.0000000000000000000, -1.000000000000000000 ) ) ;
#1310 = LINE ( 'NONE', #1323, #2654 ) ;
#1311 = EDGE_LOOP ( 'NONE', ( #867, #3044 ) ) ;
#1312 = DIRECTION ( 'NONE',  ( 0.0000000000000000000, -1.000000000000000000, 0.0000000000000000000 ) ) ;
#1313 = ADVANCED_FACE ( 'NONE', ( #879 ), #611, .F. ) ;
#1314 = DIRECTION ( 'NONE',  ( 0.0000000000000000000, 0.0000000000000000000, 1.000000000000000000 ) ) ;
#1315 = VERTEX_POINT ( 'NONE', #1688 ) ;
#1316 = EDGE_LOOP ( 'NONE', ( #1409, #2585, #1125, #227, #72, #743, #613, #3200, #228, #1137, #3506 ) ) ;
#1317 = DIRECTION ( 'NONE',  ( -1.000000000000000000, 0.0000000000000000000, 0.0000000000000000000 ) ) ;
#1318 = CARTESIAN_POINT ( 'NONE',  ( 0.1338584372998307126, -0.03149606299212598381, 0.07480314960629921850 ) ) ;
#1319 = CARTESIAN_POINT ( 'NONE',  ( 0.1352200082310885954, -0.04603634211220338640, 0.07480314960629921850 ) ) ;
#1320 = ORIENTED_EDGE ( 'NONE', *, *, #3313, .T. ) ;
#1321 = DIRECTION ( 'NONE',  ( 0.0000000000000000000, 0.0000000000000000000, 1.000000000000000000 ) ) ;
#1322 = FACE_OUTER_BOUND ( 'NONE', #1716, .T. ) ;
#1323 = CARTESIAN_POINT ( 'NONE',  ( 0.1185480476730569055, -0.06118778250134625923, -0.08464566929133858497 ) ) ;
#1324 = ORIENTED_EDGE ( 'NONE', *, *, #806, .T. ) ;
#1325 = VERTEX_POINT ( 'NONE', #1468 ) ;
#1326 = EDGE_LOOP ( 'NONE', ( #245, #3252 ) ) ;
#1327 = ORIENTED_EDGE ( 'NONE', *, *, #1267, .F. ) ;
#1328 = LINE ( 'NONE', #290, #2868 ) ;
#1329 = ORIENTED_EDGE ( 'NONE', *, *, #946, .F. ) ;
#1330 = ADVANCED_FACE ( 'NONE', ( #1986 ), #3369, .F. ) ;
#1331 = EDGE_CURVE ( 'NONE', #3540, #397, #3074, .T. ) ;
#1332 = DIRECTION ( 'NONE',  ( -0.4153637994577553672, 0.8055226371389487827, -0.4226182617407003850 ) ) ;
#1333 = DIRECTION ( 'NONE',  ( -0.8887958910435520554, 0.4583032446580521113, 0.0000000000000000000 ) ) ;
#1334 = UNCERTAINTY_MEASURE_WITH_UNIT (LENGTH_MEASURE( 1.000000000000000082E-05 ), #1535, 'distance_accuracy_value', 'NONE');
#1335 = EDGE_CURVE ( 'NONE', #3317, #795, #3109, .T. ) ;
#1336 = EDGE_CURVE ( 'NONE', #2516, #1104, #2473, .T. ) ;
#1337 = DIRECTION ( 'NONE',  ( 1.000000000000000000, 0.0000000000000000000, 0.0000000000000000000 ) ) ;
#1338 = EDGE_LOOP ( 'NONE', ( #1760, #3397, #3181, #1406 ) ) ;
#1339 = AXIS2_PLACEMENT_3D ( 'NONE', #3494, #832, #1654 ) ;
#1340 = CARTESIAN_POINT ( 'NONE',  ( 0.1259842519685039353, 0.02755905511811023584, -0.07480314960629921850 ) ) ;
#1341 = CIRCLE ( 'NONE', #3106, 0.007874015748031499423 ) ;
#1342 = CIRCLE ( 'NONE', #2589, 0.007874015748031499423 ) ;
#1343 = CARTESIAN_POINT ( 'NONE',  ( 0.1122047244094488277, 0.1377952755905511861, -0.1181102362204724532 ) ) ;
#1344 = ORIENTED_EDGE ( 'NONE', *, *, #2852, .F. ) ;
#1345 = VECTOR ( 'NONE', #979, 39.37007874015748143 ) ;
#1346 = AXIS2_PLACEMENT_3D ( 'NONE', #1398, #923, #1738 ) ;
#1347 = DIRECTION ( 'NONE',  ( 0.0000000000000000000, 0.0000000000000000000, 1.000000000000000000 ) ) ;
#1348 = VECTOR ( 'NONE', #3426, 39.37007874015748143 ) ;
#1349 = LINE ( 'NONE', #1651, #3280 ) ;
#1350 = DIRECTION ( 'NONE',  ( 0.0000000000000000000, 0.0000000000000000000, 1.000000000000000000 ) ) ;
#1351 = VERTEX_POINT ( 'NONE', #2795 ) ;
#1352 = LINE ( 'NONE', #17, #192 ) ;
#1353 = AXIS2_PLACEMENT_3D ( 'NONE', #920, #1445, #2536 ) ;
#1354 = DIRECTION ( 'NONE',  ( 0.0000000000000000000, 0.0000000000000000000, -1.000000000000000000 ) ) ;
#1355 = EDGE_CURVE ( 'NONE', #796, #1396, #3381, .T. ) ;
#1356 = CIRCLE ( 'NONE', #1978, 0.005905511811023620231 ) ;
#1357 = DIRECTION ( 'NONE',  ( 0.0000000000000000000, -1.000000000000000000, 0.0000000000000000000 ) ) ;
#1358 = ORIENTED_EDGE ( 'NONE', *, *, #566, .T. ) ;
#1359 = DIRECTION ( 'NONE',  ( 0.4583032446580520558, -0.8887958910435519444, 0.0000000000000000000 ) ) ;
#1360 = VECTOR ( 'NONE', #1247, 39.37007874015748143 ) ;
#1361 = CARTESIAN_POINT ( 'NONE',  ( -0.1409035942525671270, -0.02797954660348830891, 0.1023622047244094474 ) ) ;
#1362 = ORIENTED_EDGE ( 'NONE', *, *, #1713, .T. ) ;
#1363 = ORIENTED_EDGE ( 'NONE', *, *, #2634, .F. ) ;
#1364 = DIRECTION ( 'NONE',  ( 0.4153637994577553672, -0.8055226371389487827, 0.4226182617407003850 ) ) ;
#1365 = CARTESIAN_POINT ( 'NONE',  ( 0.1122047244094488277, 0.1299212598425196763, 0.1122047244094488277 ) ) ;
#1366 = CYLINDRICAL_SURFACE ( 'NONE', #3325, 0.02362204724409448092 ) ;
#1367 = ORIENTED_EDGE ( 'NONE', *, *, #1417, .T. ) ;
#1368 = DIRECTION ( 'NONE',  ( -2.168404344971010347E-16, 0.0000000000000000000, -1.000000000000000000 ) ) ;
#1369 = PLANE ( 'NONE',  #2426 ) ;
#1370 = DIRECTION ( 'NONE',  ( 0.0000000000000000000, 1.000000000000000000, 0.0000000000000000000 ) ) ;
#1371 = ORIENTED_EDGE ( 'NONE', *, *, #2449, .T. ) ;
#1372 = EDGE_CURVE ( 'NONE', #2609, #3517, #3043, .T. ) ;
#1373 = EDGE_CURVE ( 'NONE', #2773, #1601, #1967, .T. ) ;
#1374 = CARTESIAN_POINT ( 'NONE',  ( -0.08858267716535432601, 0.1377952755905511861, -0.06496062992125983815 ) ) ;
#1375 = DIRECTION ( 'NONE',  ( 0.0000000000000000000, 1.000000000000000000, 0.0000000000000000000 ) ) ;
#1376 = ORIENTED_EDGE ( 'NONE', *, *, #792, .T. ) ;
#1377 = CARTESIAN_POINT ( 'NONE',  ( 0.1181102362204724532, 0.1299212598425196763, 0.1122047244094488277 ) ) ;
#1378 = CARTESIAN_POINT ( 'NONE',  ( -0.1181102362204724532, 0.1299212598425196763, -0.1181102362204724532 ) ) ;
#1379 = CARTESIAN_POINT ( 'NONE',  ( -0.08858267716535432601, 0.1299212598425196763, -0.08858267716535432601 ) ) ;
#1380 = ORIENTED_EDGE ( 'NONE', *, *, #566, .F. ) ;
#1381 = DIRECTION ( 'NONE',  ( -1.000000000000000000, 0.0000000000000000000, 0.0000000000000000000 ) ) ;
#1382 = FACE_BOUND ( 'NONE', #2744, .T. ) ;
#1383 = LINE ( 'NONE', #770, #1511 ) ;
#1384 = VERTEX_POINT ( 'NONE', #1952 ) ;
#1385 = CARTESIAN_POINT ( 'NONE',  ( 0.1181102362204724532, 0.003937007874015747977, 0.04921259842519685318 ) ) ;
#1386 = EDGE_CURVE ( 'NONE', #2959, #3364, #2477, .T. ) ;
#1387 = AXIS2_PLACEMENT_3D ( 'NONE', #3020, #2817, #42 ) ;
#1388 = EDGE_LOOP ( 'NONE', ( #3085, #2673, #2349, #1128 ) ) ;
#1389 = SURFACE_SIDE_STYLE ('',( #1664 ) ) ;
#1390 = AXIS2_PLACEMENT_3D ( 'NONE', #3056, #390, #3035 ) ;
#1391 = AXIS2_PLACEMENT_3D ( 'NONE', #935, #869, #91 ) ;
#1392 = DIRECTION ( 'NONE',  ( 0.0000000000000000000, 1.000000000000000000, 0.0000000000000000000 ) ) ;
#1393 = DIRECTION ( 'NONE',  ( 1.000000000000000000, 0.0000000000000000000, 0.0000000000000000000 ) ) ;
#1394 = FACE_OUTER_BOUND ( 'NONE', #821, .T. ) ;
#1395 = AXIS2_PLACEMENT_3D ( 'NONE', #3521, #1897, #2678 ) ;
#1396 = VERTEX_POINT ( 'NONE', #1413 ) ;
#1397 = CARTESIAN_POINT ( 'NONE',  ( 0.1181102362204724532, 0.03543307086614173179, 0.07480314960629921850 ) ) ;
#1398 = CARTESIAN_POINT ( 'NONE',  ( 0.1338584372998307126, -0.03149606299212598381, 0.1023622047244094474 ) ) ;
#1399 = EDGE_CURVE ( 'NONE', #2787, #2772, #1429, .T. ) ;
#1400 = DIRECTION ( 'NONE',  ( -0.0000000000000000000, 1.000000000000000000, 0.0000000000000000000 ) ) ;
#1401 = AXIS2_PLACEMENT_3D ( 'NONE', #1992, #3308, #2008 ) ;
#1402 = AXIS2_PLACEMENT_3D ( 'NONE', #956, #1563, #1237 ) ;
#1403 = ORIENTED_EDGE ( 'NONE', *, *, #1639, .T. ) ;
#1404 = AXIS2_PLACEMENT_3D ( 'NONE', #983, #3208, #706 ) ;
#1405 = AXIS2_PLACEMENT_3D ( 'NONE', #3057, #2796, #118 ) ;
#1406 = ORIENTED_EDGE ( 'NONE', *, *, #2854, .F. ) ;
#1407 = AXIS2_PLACEMENT_3D ( 'NONE', #2354, #229, #1520 ) ;
#1408 = DIRECTION ( 'NONE',  ( 0.0000000000000000000, 0.0000000000000000000, -1.000000000000000000 ) ) ;
#1409 = ORIENTED_EDGE ( 'NONE', *, *, #3469, .T. ) ;
#1410 = ADVANCED_FACE ( 'NONE', ( #3339 ), #2535, .F. ) ;
#1411 = FACE_OUTER_BOUND ( 'NONE', #66, .T. ) ;
#1412 = LINE ( 'NONE', #39, #3116 ) ;
#1413 = CARTESIAN_POINT ( 'NONE',  ( 0.1189390950157675347, -0.001605939811570186943, 0.1023622047244094474 ) ) ;
#1414 = COLOUR_RGB ( '',0.8274509803921568096, 0.8392156862745098200, 0.8274509803921568096 ) ;
#1415 = ORIENTED_EDGE ( 'NONE', *, *, #3170, .T. ) ;
#1416 = PLANE ( 'NONE',  #2471 ) ;
#1417 = EDGE_CURVE ( 'NONE', #2218, #2964, #2001, .T. ) ;
#1418 = CARTESIAN_POINT ( 'NONE',  ( -0.08858267716535432601, 0.1377952755905511861, 0.1122047244094488139 ) ) ;
#1419 = ADVANCED_FACE ( 'NONE', ( #459 ), #732, .T. ) ;
#1420 = LINE ( 'NONE', #2524, #1580 ) ;
#1421 = ORIENTED_EDGE ( 'NONE', *, *, #1787, .F. ) ;
#1422 = ADVANCED_FACE ( 'NONE', ( #714, #1499, #1561, #173, #136, #444 ), #2584, .T. ) ;
#1423 = EDGE_LOOP ( 'NONE', ( #125, #948, #2041, #464 ) ) ;
#1424 = DIRECTION ( 'NONE',  ( 0.0000000000000000000, -1.000000000000000000, 0.0000000000000000000 ) ) ;
#1425 = ORIENTED_EDGE ( 'NONE', *, *, #1724, .F. ) ;
#1426 = ORIENTED_EDGE ( 'NONE', *, *, #358, .F. ) ;
#1427 = DIRECTION ( 'NONE',  ( 0.0000000000000000000, -1.000000000000000000, 0.0000000000000000000 ) ) ;
#1428 = CYLINDRICAL_SURFACE ( 'NONE', #142, 0.02362204724409448092 ) ;
#1429 = LINE ( 'NONE', #2519, #3386 ) ;
#1430 = DIRECTION ( 'NONE',  ( 0.0000000000000000000, 0.0000000000000000000, 1.000000000000000000 ) ) ;
#1431 = ORIENTED_EDGE ( 'NONE', *, *, #1217, .F. ) ;
#1432 = CARTESIAN_POINT ( 'NONE',  ( -0.1338584372998307126, -0.03149606299212598381, 0.1023622047244094474 ) ) ;
#1433 = DIRECTION ( 'NONE',  ( 0.0000000000000000000, -1.000000000000000000, 0.0000000000000000000 ) ) ;
#1434 = ADVANCED_FACE ( 'NONE', ( #1847 ), #3140, .T. ) ;
#1435 = ORIENTED_EDGE ( 'NONE', *, *, #1109, .T. ) ;
#1436 = CARTESIAN_POINT ( 'NONE',  ( -0.1259842519685039353, 0.02755905511811023584, -0.1023622047244094474 ) ) ;
#1437 = ORIENTED_EDGE ( 'NONE', *, *, #2049, .T. ) ;
#1438 = DIRECTION ( 'NONE',  ( 0.0000000000000000000, 1.000000000000000000, 0.0000000000000000000 ) ) ;
#1439 = EDGE_CURVE ( 'NONE', #341, #1832, #2870, .T. ) ;
#1440 = EDGE_CURVE ( 'NONE', #1558, #2978, #3389, .T. ) ;
#1441 = ORIENTED_EDGE ( 'NONE', *, *, #626, .F. ) ;
#1442 = EDGE_LOOP ( 'NONE', ( #516, #2736, #351, #694 ) ) ;
#1443 = PLANE ( 'NONE',  #1696 ) ;
#1444 = DIRECTION ( 'NONE',  ( -0.4465975813569838526, -0.8947349329975285981, 0.0000000000000000000 ) ) ;
#1445 = DIRECTION ( 'NONE',  ( 0.0000000000000000000, -1.000000000000000000, 0.0000000000000000000 ) ) ;
#1446 = EDGE_LOOP ( 'NONE', ( #3491, #2730, #2079, #2740 ) ) ;
#1447 = CARTESIAN_POINT ( 'NONE',  ( -0.1181102362204724532, 0.03543307086614173179, 0.07480314960629921850 ) ) ;
#1448 = AXIS2_PLACEMENT_3D ( 'NONE', #993, #2345, #780 ) ;
#1449 = CARTESIAN_POINT ( 'NONE',  ( -0.1122047244094488277, 0.1299212598425196763, 0.1181102362204724532 ) ) ;
#1450 = AXIS2_PLACEMENT_3D ( 'NONE', #3279, #2714, #773 ) ;
#1451 = CIRCLE ( 'NONE', #3333, 0.005905511811023620231 ) ;
#1452 = ORIENTED_EDGE ( 'NONE', *, *, #3434, .T. ) ;
#1453 = ORIENTED_EDGE ( 'NONE', *, *, #1478, .T. ) ;
#1454 = CIRCLE ( 'NONE', #484, 0.007874015748031499423 ) ;
#1455 = COLOUR_RGB ( '',0.8313725490196077761, 0.8392156862745098200, 0.8313725490196077761 ) ;
#1456 = EDGE_CURVE ( 'NONE', #217, #3088, #1235, .T. ) ;
#1457 = DIRECTION ( 'NONE',  ( 0.0000000000000000000, -1.000000000000000000, 0.0000000000000000000 ) ) ;
#1458 = AXIS2_PLACEMENT_3D ( 'NONE', #283, #2458, #2946 ) ;
#1459 = EDGE_LOOP ( 'NONE', ( #2776, #496, #3005, #1958 ) ) ;
#1460 = CARTESIAN_POINT ( 'NONE',  ( 0.1181102362204724532, 0.1299212598425196763, 0.1122047244094488277 ) ) ;
#1461 = AXIS2_PLACEMENT_3D ( 'NONE', #3264, #520, #557 ) ;
#1462 = AXIS2_PLACEMENT_3D ( 'NONE', #2233, #3537, #552 ) ;
#1463 = ORIENTED_EDGE ( 'NONE', *, *, #3512, .F. ) ;
#1464 = EDGE_LOOP ( 'NONE', ( #1025, #1873, #1604, #319 ) ) ;
#1465 = CARTESIAN_POINT ( 'NONE',  ( -0.08858267716535432601, 0.1377952755905511861, -0.08858267716535432601 ) ) ;
#1466 = CARTESIAN_POINT ( 'NONE',  ( 0.08858267716535432601, 0.1496062992125984370, 0.06496062992125983815 ) ) ;
#1467 = DIRECTION ( 'NONE',  ( 0.0000000000000000000, 0.0000000000000000000, 1.000000000000000000 ) ) ;
#1468 = CARTESIAN_POINT ( 'NONE',  ( -0.1338584372998307126, -0.03149606299212598381, 0.07480314960629921850 ) ) ;
#1469 = LINE ( 'NONE', #3340, #2153 ) ;
#1470 = ORIENTED_EDGE ( 'NONE', *, *, #768, .T. ) ;
#1471 = DIRECTION ( 'NONE',  ( 0.0000000000000000000, 0.0000000000000000000, 1.000000000000000000 ) ) ;
#1472 = DIRECTION ( 'NONE',  ( 0.0000000000000000000, 0.0000000000000000000, 1.000000000000000000 ) ) ;
#1473 = VECTOR ( 'NONE', #1556, 39.37007874015748143 ) ;
#1474 = ORIENTED_EDGE ( 'NONE', *, *, #1301, .F. ) ;
#1475 = VERTEX_POINT ( 'NONE', #3427 ) ;
#1476 = DIRECTION ( 'NONE',  ( 0.0000000000000000000, 0.0000000000000000000, 1.000000000000000000 ) ) ;
#1477 = EDGE_CURVE ( 'NONE', #2787, #3192, #3223, .T. ) ;
#1478 = EDGE_CURVE ( 'NONE', #1620, #2906, #2055, .T. ) ;
#1479 = DIRECTION ( 'NONE',  ( 0.0000000000000000000, 0.0000000000000000000, -1.000000000000000000 ) ) ;
#1480 = ORIENTED_EDGE ( 'NONE', *, *, #45, .F. ) ;
#1481 = FACE_OUTER_BOUND ( 'NONE', #3249, .T. ) ;
#1482 = DIRECTION ( 'NONE',  ( 0.0000000000000000000, 0.0000000000000000000, 1.000000000000000000 ) ) ;
#1483 = DIRECTION ( 'NONE',  ( 0.0000000000000000000, -1.000000000000000000, 0.0000000000000000000 ) ) ;
#1484 = CARTESIAN_POINT ( 'NONE',  ( 0.1259842519685039353, 0.001910576577067484277, 0.1023622047244094474 ) ) ;
#1485 = FACE_OUTER_BOUND ( 'NONE', #2279, .T. ) ;
#1486 = ORIENTED_EDGE ( 'NONE', *, *, #2827, .T. ) ;
#1487 = LINE ( 'NONE', #1214, #138 ) ;
#1488 = CYLINDRICAL_SURFACE ( 'NONE', #2992, 0.007874015748031499423 ) ;
#1489 = CARTESIAN_POINT ( 'NONE',  ( -0.1555118110236220763, 0.003937007874015747977, 0.04921259842519685318 ) ) ;
#1490 = EDGE_CURVE ( 'NONE', #1669, #3199, #158, .T. ) ;
#1491 = ORIENTED_EDGE ( 'NONE', *, *, #3062, .T. ) ;
#1492 = LINE ( 'NONE', #1728, #2530 ) ;
#1493 = ORIENTED_EDGE ( 'NONE', *, *, #2670, .T. ) ;
#1494 = DIRECTION ( 'NONE',  ( 0.0000000000000000000, 1.000000000000000000, 0.0000000000000000000 ) ) ;
#1495 = ORIENTED_EDGE ( 'NONE', *, *, #2095, .F. ) ;
#1496 = CARTESIAN_POINT ( 'NONE',  ( 0.1338584372998307126, -0.03149606299212598381, 0.07480314960629921850 ) ) ;
#1497 = CARTESIAN_POINT ( 'NONE',  ( -0.1181102362204724532, 0.1377952755905511861, 0.1122047244094488277 ) ) ;
#1498 = ADVANCED_FACE ( 'NONE', ( #2341 ), #2910, .T. ) ;
#1499 = FACE_OUTER_BOUND ( 'NONE', #497, .T. ) ;
#1500 = VERTEX_POINT ( 'NONE', #1295 ) ;
#1501 = CARTESIAN_POINT ( 'NONE',  ( -0.1185480476730569055, -0.06118778250134625923, 0.09251968503937008093 ) ) ;
#1502 = LINE ( 'NONE', #1218, #1005 ) ;
#1503 = LINE ( 'NONE', #463, #1165 ) ;
#1504 = AXIS2_PLACEMENT_3D ( 'NONE', #1259, #3167, #1793 ) ;
#1505 = VERTEX_POINT ( 'NONE', #988 ) ;
#1506 = ADVANCED_FACE ( 'NONE', ( #2072 ), #3161, .T. ) ;
#1507 = DIRECTION ( 'NONE',  ( 0.0000000000000000000, -1.000000000000000000, 0.0000000000000000000 ) ) ;
#1508 = LINE ( 'NONE', #1020, #2253 ) ;
#1509 = VECTOR ( 'NONE', #2322, 39.37007874015748143 ) ;
#1510 = AXIS2_PLACEMENT_3D ( 'NONE', #684, #2123, #1853 ) ;
#1511 = VECTOR ( 'NONE', #2472, 39.37007874015748143 ) ;
#1512 = ORIENTED_EDGE ( 'NONE', *, *, #294, .F. ) ;
#1513 = AXIS2_PLACEMENT_3D ( 'NONE', #1850, #2435, #1585 ) ;
#1514 = LINE ( 'NONE', #1022, #1024 ) ;
#1515 = CARTESIAN_POINT ( 'NONE',  ( 0.1259842519685039353, 0.001910576577067484277, -0.1023622047244094474 ) ) ;
#1516 = AXIS2_PLACEMENT_3D ( 'NONE', #1619, #1863, #242 ) ;
#1517 = ORIENTED_EDGE ( 'NONE', *, *, #2422, .T. ) ;
#1518 = ORIENTED_EDGE ( 'NONE', *, *, #2777, .T. ) ;
#1519 = VECTOR ( 'NONE', #3067, 39.37007874015748143 ) ;
#1520 = DIRECTION ( 'NONE',  ( -0.8887958910435519444, 0.4583032446580520558, 0.0000000000000000000 ) ) ;
#1521 = LINE ( 'NONE', #3178, #2539 ) ;
#1522 = DIRECTION ( 'NONE',  ( 0.0000000000000000000, -1.000000000000000000, 0.0000000000000000000 ) ) ;
#1523 = CARTESIAN_POINT ( 'NONE',  ( -0.1417324530478622224, -0.03149606299212598381, -0.07480314960629921850 ) ) ;
#1524 = AXIS2_PLACEMENT_3D ( 'NONE', #2728, #3258, #1660 ) ;
#1525 = CARTESIAN_POINT ( 'NONE',  ( -0.1255464405159194829, -0.06479646946715768296, 0.1023622047244094474 ) ) ;
#1526 = EDGE_LOOP ( 'NONE', ( #2032, #753, #964, #904 ) ) ;
#1527 = ADVANCED_FACE ( 'NONE', ( #2893 ), #2040, .F. ) ;
#1528 = DIRECTION ( 'NONE',  ( -0.8887958910435519444, -0.4583032446580520558, 0.0000000000000000000 ) ) ;
#1529 = DIRECTION ( 'NONE',  ( -0.4583032446580521113, -0.8887958910435520554, 0.0000000000000000000 ) ) ;
#1530 = CARTESIAN_POINT ( 'NONE',  ( 0.1185480476730569055, -0.06118778250134625923, -0.08464566929133858497 ) ) ;
#1531 = VERTEX_POINT ( 'NONE', #1361 ) ;
#1532 = EDGE_CURVE ( 'NONE', #1669, #844, #3219, .T. ) ;
#1533 = ADVANCED_FACE ( 'NONE', ( #1661 ), #2980, .F. ) ;
#1534 = PLANE ( 'NONE',  #2362 ) ;
#1535 =( CONVERSION_BASED_UNIT ( 'INCH', #759 ) LENGTH_UNIT ( ) NAMED_UNIT ( #1622 ) );
#1536 = VECTOR ( 'NONE', #1424, 39.37007874015748143 ) ;
#1537 = PRODUCT_DEFINITION_FORMATION_WITH_SPECIFIED_SOURCE ( 'ANY', '', #3084, .NOT_KNOWN. ) ;
#1538 = ORIENTED_EDGE ( 'NONE', *, *, #1830, .T. ) ;
#1539 = CARTESIAN_POINT ( 'NONE',  ( -0.1181102362204724532, 0.001910576577067484277, -0.07480314960629921850 ) ) ;
#1540 = DIRECTION ( 'NONE',  ( -0.4153637994577553672, -0.8055226371389487827, -0.4226182617407003850 ) ) ;
#1541 = FILL_AREA_STYLE_COLOUR ( '', #2035 ) ;
#1542 = ORIENTED_EDGE ( 'NONE', *, *, #2338, .T. ) ;
#1543 = DIRECTION ( 'NONE',  ( 0.8887958910435520554, 0.4583032446580521113, 0.0000000000000000000 ) ) ;
#1544 = CARTESIAN_POINT ( 'NONE',  ( 0.1408568301426933178, -0.03510474995793744224, 0.1023622047244094474 ) ) ;
#1545 = CARTESIAN_POINT ( 'NONE',  ( -0.08858267716535432601, 0.1377952755905511861, -0.1122047244094488139 ) ) ;
#1546 = CARTESIAN_POINT ( 'NONE',  ( -0.1181102362204724532, 0.0000000000000000000, -0.1181102362204724532 ) ) ;
#1547 = ORIENTED_EDGE ( 'NONE', *, *, #1154, .F. ) ;
#1548 = DIRECTION ( 'NONE',  ( 1.000000000000000000, 0.0000000000000000000, 0.0000000000000000000 ) ) ;
#1549 = PLANE ( 'NONE',  #539 ) ;
#1550 = DIRECTION ( 'NONE',  ( 0.0000000000000000000, -1.000000000000000000, 0.0000000000000000000 ) ) ;
#1551 = VERTEX_POINT ( 'NONE', #553 ) ;
#1552 = LINE ( 'NONE', #960, #3045 ) ;
#1553 = PLANE ( 'NONE',  #3225 ) ;
#1554 = EDGE_CURVE ( 'NONE', #1789, #914, #2758, .T. ) ;
#1555 = VERTEX_POINT ( 'NONE', #1059 ) ;
#1556 = DIRECTION ( 'NONE',  ( 0.0000000000000000000, -1.000000000000000000, 0.0000000000000000000 ) ) ;
#1557 = CARTESIAN_POINT ( 'NONE',  ( 0.1181102362204724532, 0.001910576577067484277, -0.07480314960629921850 ) ) ;
#1558 = VERTEX_POINT ( 'NONE', #1090 ) ;
#1559 = EDGE_CURVE ( 'NONE', #220, #1475, #2148, .T. ) ;
#1560 = LINE ( 'NONE', #2113, #3061 ) ;
#1561 = FACE_BOUND ( 'NONE', #1627, .T. ) ;
#1562 = VERTEX_POINT ( 'NONE', #2431 ) ;
#1563 = DIRECTION ( 'NONE',  ( 0.0000000000000000000, -1.000000000000000000, 0.0000000000000000000 ) ) ;
#1564 = FACE_OUTER_BOUND ( 'NONE', #1156, .T. ) ;
#1565 = DIRECTION ( 'NONE',  ( 0.0000000000000000000, 0.0000000000000000000, 1.000000000000000000 ) ) ;
#1566 = CARTESIAN_POINT ( 'NONE',  ( -0.1185480476730569055, -0.06118778250134625923, 0.08464566929133858497 ) ) ;
#1567 = ORIENTED_EDGE ( 'NONE', *, *, #933, .F. ) ;
#1568 = LINE ( 'NONE', #1035, #596 ) ;
#1569 = VECTOR ( 'NONE', #2908, 39.37007874015748143 ) ;
#1570 = VERTEX_POINT ( 'NONE', #3234 ) ;
#1571 = EDGE_CURVE ( 'NONE', #1200, #1315, #2397, .T. ) ;
#1572 = VECTOR ( 'NONE', #1444, 39.37007874015748854 ) ;
#1573 = CARTESIAN_POINT ( 'NONE',  ( -0.1122047244094488277, 0.1299212598425196763, 0.1181102362204724532 ) ) ;
#1574 = AXIS2_PLACEMENT_3D ( 'NONE', #148, #2667, #3169 ) ;
#1575 = CARTESIAN_POINT ( 'NONE',  ( -0.1181102362204724532, 0.1299212598425196763, 0.1122047244094488277 ) ) ;
#1576 = AXIS2_PLACEMENT_3D ( 'NONE', #1943, #562, #1655 ) ;
#1577 = ORIENTED_EDGE ( 'NONE', *, *, #3082, .F. ) ;
#1578 =( NAMED_UNIT ( * ) PLANE_ANGLE_UNIT ( ) SI_UNIT ( $, .RADIAN. ) );
#1579 = DIRECTION ( 'NONE',  ( 0.0000000000000000000, 0.0000000000000000000, -1.000000000000000000 ) ) ;
#1580 = VECTOR ( 'NONE', #3360, 39.37007874015748143 ) ;
#1581 = AXIS2_PLACEMENT_3D ( 'NONE', #1971, #3077, #2212 ) ;
#1582 = DIRECTION ( 'NONE',  ( 0.0000000000000000000, 0.0000000000000000000, 1.000000000000000000 ) ) ;
#1583 = AXIS2_PLACEMENT_3D ( 'NONE', #1040, #3496, #1881 ) ;
#1584 = ORIENTED_EDGE ( 'NONE', *, *, #146, .F. ) ;
#1585 = DIRECTION ( 'NONE',  ( 1.000000000000000000, 0.0000000000000000000, 0.0000000000000000000 ) ) ;
#1586 = AXIS2_PLACEMENT_3D ( 'NONE', #2767, #1938, #323 ) ;
#1587 = CARTESIAN_POINT ( 'NONE',  ( -0.1189390950157675347, -0.001605939811570186943, -0.1023622047244094474 ) ) ;
#1588 = ORIENTED_EDGE ( 'NONE', *, *, #1267, .T. ) ;
#1589 = VECTOR ( 'NONE', #2033, 39.37007874015748143 ) ;
#1590 = CARTESIAN_POINT ( 'NONE',  ( 0.1181102362204724532, 0.0000000000000000000, -0.1181102362204724532 ) ) ;
#1591 = DIRECTION ( 'NONE',  ( 0.0000000000000000000, 0.0000000000000000000, 1.000000000000000000 ) ) ;
#1592 = CARTESIAN_POINT ( 'NONE',  ( 0.1181102362204724532, 0.02755905511811023584, 0.1023622047244094474 ) ) ;
#1593 = DIRECTION ( 'NONE',  ( 0.0000000000000000000, 0.0000000000000000000, 1.000000000000000000 ) ) ;
#1594 = DIRECTION ( 'NONE',  ( 0.0000000000000000000, 0.0000000000000000000, -1.000000000000000000 ) ) ;
#1595 = VERTEX_POINT ( 'NONE', #2199 ) ;
#1596 = ORIENTED_EDGE ( 'NONE', *, *, #3228, .T. ) ;
#1597 = FACE_OUTER_BOUND ( 'NONE', #1034, .T. ) ;
#1598 = EDGE_CURVE ( 'NONE', #2439, #3528, #595, .T. ) ;
#1599 =( CONVERSION_BASED_UNIT ( 'INCH', #299 ) LENGTH_UNIT ( ) NAMED_UNIT ( #2691 ) );
#1600 = EDGE_LOOP ( 'NONE', ( #2663, #3316, #336, #437 ) ) ;
#1601 = VERTEX_POINT ( 'NONE', #2968 ) ;
#1602 = FACE_OUTER_BOUND ( 'NONE', #2051, .T. ) ;
#1603 = CARTESIAN_POINT ( 'NONE',  ( 0.08858267716535432601, 0.1496062992125984370, 0.1122047244094488139 ) ) ;
#1604 = ORIENTED_EDGE ( 'NONE', *, *, #898, .T. ) ;
#1605 = DIRECTION ( 'NONE',  ( 0.0000000000000000000, 1.000000000000000000, 0.0000000000000000000 ) ) ;
#1606 = ADVANCED_FACE ( 'NONE', ( #515 ), #2166, .T. ) ;
#1607 = DIRECTION ( 'NONE',  ( -2.168404344971010347E-16, 0.0000000000000000000, -1.000000000000000000 ) ) ;
#1608 = DIRECTION ( 'NONE',  ( 0.0000000000000000000, -1.000000000000000000, 0.0000000000000000000 ) ) ;
#1609 = ORIENTED_EDGE ( 'NONE', *, *, #1896, .T. ) ;
#1610 = CARTESIAN_POINT ( 'NONE',  ( 0.0000000000000000000, 0.0000000000000000000, -0.04921259842519685318 ) ) ;
#1611 = ORIENTED_EDGE ( 'NONE', *, *, #1019, .F. ) ;
#1612 = CARTESIAN_POINT ( 'NONE',  ( -0.1181102362204724532, 0.02755905511811023584, -0.1023622047244094474 ) ) ;
#1613 = EDGE_CURVE ( 'NONE', #2329, #379, #2461, .T. ) ;
#1614 = PLANE ( 'NONE',  #3269 ) ;
#1615 = ORIENTED_EDGE ( 'NONE', *, *, #1, .F. ) ;
#1616 = LINE ( 'NONE', #577, #2807 ) ;
#1617 = PLANE ( 'NONE',  #2650 ) ;
#1618 = EDGE_CURVE ( 'NONE', #1555, #2949, #807, .T. ) ;
#1619 = CARTESIAN_POINT ( 'NONE',  ( 0.0000000000000000000, 0.1299212598425196763, 0.0000000000000000000 ) ) ;
#1620 = VERTEX_POINT ( 'NONE', #2998 ) ;
#1621 = CYLINDRICAL_SURFACE ( 'NONE', #1524, 0.02362204724409448092 ) ;
#1622 = DIMENSIONAL_EXPONENTS ( 1.000000000000000000, 0.0000000000000000000, 0.0000000000000000000, 0.0000000000000000000, 0.0000000000000000000, 0.0000000000000000000, 0.0000000000000000000 ) ;
#1623 = AXIS2_PLACEMENT_3D ( 'NONE', #2927, #1582, #2623 ) ;
#1624 = AXIS2_PLACEMENT_3D ( 'NONE', #3502, #1347, #503 ) ;
#1625 = CYLINDRICAL_SURFACE ( 'NONE', #1450, 0.005905511811023620231 ) ;
#1626 = ORIENTED_EDGE ( 'NONE', *, *, #2266, .F. ) ;
#1627 = EDGE_LOOP ( 'NONE', ( #1307, #955 ) ) ;
#1628 = STYLED_ITEM ( 'NONE', ( #93 ), #1783 ) ;
#1629 = AXIS2_PLACEMENT_3D ( 'NONE', #3113, #1201, #990 ) ;
#1630 = CARTESIAN_POINT ( 'NONE',  ( 0.1083935435132570846, -0.03220340707415822457, 0.1023622047244094474 ) ) ;
#1631 = AXIS2_PLACEMENT_3D ( 'NONE', #864, #1937, #2464 ) ;
#1632 = FACE_OUTER_BOUND ( 'NONE', #2646, .T. ) ;
#1633 = FACE_OUTER_BOUND ( 'NONE', #569, .T. ) ;
#1634 = ORIENTED_EDGE ( 'NONE', *, *, #1645, .F. ) ;
#1635 = CARTESIAN_POINT ( 'NONE',  ( -0.1259842519685039353, 0.02755905511811023584, -0.07480314960629921850 ) ) ;
#1636 = AXIS2_PLACEMENT_3D ( 'NONE', #903, #2557, #1708 ) ;
#1637 = LINE ( 'NONE', #853, #1112 ) ;
#1638 = ADVANCED_FACE ( 'NONE', ( #1647 ), #1625, .T. ) ;
#1639 = EDGE_CURVE ( 'NONE', #3104, #1712, #270, .T. ) ;
#1640 = VECTOR ( 'NONE', #47, 39.37007874015748143 ) ;
#1641 = FILL_AREA_STYLE ('',( #1085 ) ) ;
#1642 = DIRECTION ( 'NONE',  ( 0.0000000000000000000, 0.0000000000000000000, 1.000000000000000000 ) ) ;
#1643 = VERTEX_POINT ( 'NONE', #286 ) ;
#1644 = CARTESIAN_POINT ( 'NONE',  ( 0.1189390950157675347, -0.001605939811570186943, -0.1023622047244094474 ) ) ;
#1645 = EDGE_CURVE ( 'NONE', #3241, #2474, #3351, .T. ) ;
#1646 = CIRCLE ( 'NONE', #2269, 0.02362204724409448092 ) ;
#1647 = FACE_OUTER_BOUND ( 'NONE', #154, .T. ) ;
#1648 = VERTEX_POINT ( 'NONE', #1701 ) ;
#1649 = ORIENTED_EDGE ( 'NONE', *, *, #907, .F. ) ;
#1650 = DIRECTION ( 'NONE',  ( 0.8947349329975287091, -0.4465975813569839081, 0.0000000000000000000 ) ) ;
#1651 = CARTESIAN_POINT ( 'NONE',  ( 0.0000000000000000000, 0.0000000000000000000, 0.04921259842519685318 ) ) ;
#1652 = CARTESIAN_POINT ( 'NONE',  ( 0.08858267716535432601, 0.1299212598425196763, 0.08858267716535432601 ) ) ;
#1653 = VERTEX_POINT ( 'NONE', #2550 ) ;
#1654 = DIRECTION ( 'NONE',  ( 1.000000000000000000, 0.0000000000000000000, 0.0000000000000000000 ) ) ;
#1655 = DIRECTION ( 'NONE',  ( 0.0000000000000000000, 0.0000000000000000000, 1.000000000000000000 ) ) ;
#1656 = PLANE ( 'NONE',  #2830 ) ;
#1657 = UNCERTAINTY_MEASURE_WITH_UNIT (LENGTH_MEASURE( 1.000000000000000082E-05 ), #3375, 'distance_accuracy_value', 'NONE');
#1658 = ADVANCED_FACE ( 'NONE', ( #2687 ), #1617, .T. ) ;
#1659 = VERTEX_POINT ( 'NONE', #1907 ) ;
#1660 = DIRECTION ( 'NONE',  ( 0.0000000000000000000, 0.0000000000000000000, -1.000000000000000000 ) ) ;
#1661 = FACE_OUTER_BOUND ( 'NONE', #1446, .T. ) ;
#1662 = ADVANCED_FACE ( 'NONE', ( #2700 ), #2961, .T. ) ;
#1663 = ORIENTED_EDGE ( 'NONE', *, *, #3469, .F. ) ;
#1664 = SURFACE_STYLE_FILL_AREA ( #625 ) ;
#1665 = FACE_OUTER_BOUND ( 'NONE', #752, .T. ) ;
#1666 = CARTESIAN_POINT ( 'NONE',  ( 0.1417324530478622224, -0.03149606299212598381, -0.07480314960629921850 ) ) ;
#1667 = CARTESIAN_POINT ( 'NONE',  ( -0.1181102362204724532, 0.02755905511811023584, 0.07480314960629921850 ) ) ;
#1668 = DIRECTION ( 'NONE',  ( 0.8887958910435519444, 0.4583032446580520558, 0.0000000000000000000 ) ) ;
#1669 = VERTEX_POINT ( 'NONE', #1084 ) ;
#1670 = CARTESIAN_POINT ( 'NONE',  ( -0.1338584372998307126, -0.03149606299212598381, 0.1023622047244094474 ) ) ;
#1671 = CARTESIAN_POINT ( 'NONE',  ( 0.1181102362204724532, 0.02755905511811023584, 0.07480314960629921850 ) ) ;
#1672 = FACE_BOUND ( 'NONE', #1984, .T. ) ;
#1673 = EDGE_CURVE ( 'NONE', #1794, #1152, #2976, .T. ) ;
#1674 = ORIENTED_EDGE ( 'NONE', *, *, #116, .F. ) ;
#1675 = DIMENSIONAL_EXPONENTS ( 1.000000000000000000, 0.0000000000000000000, 0.0000000000000000000, 0.0000000000000000000, 0.0000000000000000000, 0.0000000000000000000, 0.0000000000000000000 ) ;
#1676 =( NAMED_UNIT ( * ) SI_UNIT ( $, .STERADIAN. ) SOLID_ANGLE_UNIT ( ) );
#1677 = DIRECTION ( 'NONE',  ( -0.8947349329975287091, -0.4465975813569839081, 0.0000000000000000000 ) ) ;
#1678 = ADVANCED_FACE ( 'NONE', ( #257 ), #508, .F. ) ;
#1679 = ORIENTED_EDGE ( 'NONE', *, *, #1713, .F. ) ;
#1680 = FACE_OUTER_BOUND ( 'NONE', #1316, .T. ) ;
#1681 = ADVANCED_FACE ( 'NONE', ( #3268 ), #239, .F. ) ;
#1682 = ORIENTED_EDGE ( 'NONE', *, *, #1925, .F. ) ;
#1683 = MECHANICAL_DESIGN_GEOMETRIC_PRESENTATION_REPRESENTATION (  '', ( #2307 ), #3505 ) ;
#1684 = VECTOR ( 'NONE', #3132, 39.37007874015748143 ) ;
#1685 = LINE ( 'NONE', #3054, #3395 ) ;
#1686 = CARTESIAN_POINT ( 'NONE',  ( -0.1181102362204724532, 0.0000000000000000000, -0.1181102362204724532 ) ) ;
#1687 = CARTESIAN_POINT ( 'NONE',  ( -0.08858267716535432601, 0.1496062992125984370, -0.08858267716535432601 ) ) ;
#1688 = CARTESIAN_POINT ( 'NONE',  ( 0.1408568301426933178, -0.03510474995793744224, -0.07480314960629921850 ) ) ;
#1689 = VECTOR ( 'NONE', #2668, 39.37007874015748143 ) ;
#1690 = ORIENTED_EDGE ( 'NONE', *, *, #1153, .T. ) ;
#1691 = AXIS2_PLACEMENT_3D ( 'NONE', #885, #2025, #2492 ) ;
#1692 = DIRECTION ( 'NONE',  ( -1.000000000000000000, 0.0000000000000000000, 0.0000000000000000000 ) ) ;
#1693 = CARTESIAN_POINT ( 'NONE',  ( -0.1259842519685039353, 0.001910576577067484277, -0.07480314960629921850 ) ) ;
#1694 = VECTOR ( 'NONE', #2597, 39.37007874015748143 ) ;
#1695 = AXIS2_PLACEMENT_3D ( 'NONE', #3306, #868, #2274 ) ;
#1696 = AXIS2_PLACEMENT_3D ( 'NONE', #970, #425, #640 ) ;
#1697 = ORIENTED_EDGE ( 'NONE', *, *, #1032, .T. ) ;
#1698 = AXIS2_PLACEMENT_3D ( 'NONE', #1365, #1093, #424 ) ;
#1699 = ORIENTED_EDGE ( 'NONE', *, *, #2948, .T. ) ;
#1700 = CARTESIAN_POINT ( 'NONE',  ( 0.1181102362204724532, 0.03543307086614173179, -0.1023622047244094474 ) ) ;
#1701 = CARTESIAN_POINT ( 'NONE',  ( 0.1417324530478622224, -0.03149606299212598381, 0.07480314960629921850 ) ) ;
#1702 = VERTEX_POINT ( 'NONE', #1098 ) ;
#1703 = ORIENTED_EDGE ( 'NONE', *, *, #3026, .F. ) ;
#1704 = FILL_AREA_STYLE_COLOUR ( '', #2141 ) ;
#1705 = EDGE_CURVE ( 'NONE', #914, #1325, #3007, .T. ) ;
#1706 = CARTESIAN_POINT ( 'NONE',  ( 0.1181102362204724532, 0.1377952755905511861, 0.1181102362204724532 ) ) ;
#1707 = EDGE_CURVE ( 'NONE', #2131, #341, #1637, .T. ) ;
#1708 = DIRECTION ( 'NONE',  ( 0.0000000000000000000, 0.0000000000000000000, 1.000000000000000000 ) ) ;
#1709 = ORIENTED_EDGE ( 'NONE', *, *, #322, .F. ) ;
#1710 = DIRECTION ( 'NONE',  ( -0.8947349329975287091, -0.4465975813569839081, 0.0000000000000000000 ) ) ;
#1711 = DIRECTION ( 'NONE',  ( 0.0000000000000000000, 0.0000000000000000000, 1.000000000000000000 ) ) ;
#1712 = VERTEX_POINT ( 'NONE', #2176 ) ;
#1713 = EDGE_CURVE ( 'NONE', #1191, #2454, #1341, .T. ) ;
#1714 = EDGE_LOOP ( 'NONE', ( #2125, #1820, #44, #2685 ) ) ;
#1715 = DIRECTION ( 'NONE',  ( 0.0000000000000000000, 0.0000000000000000000, 1.000000000000000000 ) ) ;
#1716 = EDGE_LOOP ( 'NONE', ( #1011, #1437, #3534, #266 ) ) ;
#1717 = CARTESIAN_POINT ( 'NONE',  ( 0.1255464405159194829, -0.06479646946715768296, -0.08464566929133858497 ) ) ;
#1718 = ORIENTED_EDGE ( 'NONE', *, *, #1803, .F. ) ;
#1719 = CARTESIAN_POINT ( 'NONE',  ( -0.1181102362204724532, 0.001910576577067484277, -0.1023622047244094474 ) ) ;
#1720 = DIRECTION ( 'NONE',  ( -0.4583032446580520558, -0.8887958910435519444, 0.0000000000000000000 ) ) ;
#1721 = DIRECTION ( 'NONE',  ( 0.0000000000000000000, 0.0000000000000000000, 1.000000000000000000 ) ) ;
#1722 = DIRECTION ( 'NONE',  ( 0.4465975813569838526, -0.8947349329975285981, 0.0000000000000000000 ) ) ;
#1723 = ORIENTED_EDGE ( 'NONE', *, *, #1554, .F. ) ;
#1724 = EDGE_CURVE ( 'NONE', #636, #1002, #3327, .T. ) ;
#1725 = LINE ( 'NONE', #90, #834 ) ;
#1726 = LINE ( 'NONE', #2510, #1166 ) ;
#1727 = FILL_AREA_STYLE ('',( #1136 ) ) ;
#1728 = CARTESIAN_POINT ( 'NONE',  ( 0.1189390950157675347, -0.001605939811570186943, -0.1023622047244094474 ) ) ;
#1729 = DIRECTION ( 'NONE',  ( 0.0000000000000000000, -1.000000000000000000, 0.0000000000000000000 ) ) ;
#1730 = ORIENTED_EDGE ( 'NONE', *, *, #1331, .F. ) ;
#1731 = CARTESIAN_POINT ( 'NONE',  ( -0.1181102362204724532, 0.1299212598425196763, -0.1181102362204724532 ) ) ;
#1732 = ORIENTED_EDGE ( 'NONE', *, *, #1086, .T. ) ;
#1733 = DIRECTION ( 'NONE',  ( 1.000000000000000000, 0.0000000000000000000, 0.0000000000000000000 ) ) ;
#1734 = DIRECTION ( 'NONE',  ( 0.0000000000000000000, 0.0000000000000000000, -1.000000000000000000 ) ) ;
#1735 = ORIENTED_EDGE ( 'NONE', *, *, #2525, .T. ) ;
#1736 = PLANE ( 'NONE',  #1695 ) ;
#1737 = AXIS2_PLACEMENT_3D ( 'NONE', #450, #465, #1507 ) ;
#1738 = DIRECTION ( 'NONE',  ( 0.0000000000000000000, 0.0000000000000000000, 1.000000000000000000 ) ) ;
#1739 = AXIS2_PLACEMENT_3D ( 'NONE', #19, #1354, #2406 ) ;
#1740 = VECTOR ( 'NONE', #2413, 39.37007874015748143 ) ;
#1741 = EDGE_LOOP ( 'NONE', ( #1151, #3266, #2398, #1969, #1735, #1517, #1403, #3036 ) ) ;
#1742 = AXIS2_PLACEMENT_3D ( 'NONE', #3016, #3541, #2503 ) ;
#1743 = AXIS2_PLACEMENT_3D ( 'NONE', #1954, #1115, #851 ) ;
#1744 = ADVANCED_FACE ( 'NONE', ( #3509 ), #279, .T. ) ;
#1745 = EDGE_CURVE ( 'NONE', #1562, #2188, #1070, .T. ) ;
#1746 = AXIS2_PLACEMENT_3D ( 'NONE', #803, #1893, #2977 ) ;
#1747 = ORIENTED_EDGE ( 'NONE', *, *, #2005, .F. ) ;
#1748 = DIRECTION ( 'NONE',  ( 0.0000000000000000000, 0.0000000000000000000, -1.000000000000000000 ) ) ;
#1749 = AXIS2_PLACEMENT_3D ( 'NONE', #1039, #2904, #3422 ) ;
#1750 = VECTOR ( 'NONE', #8, 39.37007874015748143 ) ;
#1751 = EDGE_LOOP ( 'NONE', ( #1205, #58, #3149, #62 ) ) ;
#1752 = PRESENTATION_STYLE_ASSIGNMENT (( #1828 ) ) ;
#1753 = LINE ( 'NONE', #3407, #1300 ) ;
#1754 = FACE_OUTER_BOUND ( 'NONE', #2220, .T. ) ;
#1755 = DIRECTION ( 'NONE',  ( -1.000000000000000000, 0.0000000000000000000, 0.0000000000000000000 ) ) ;
#1756 = DIRECTION ( 'NONE',  ( 0.0000000000000000000, -1.000000000000000000, 0.0000000000000000000 ) ) ;
#1757 = EDGE_LOOP ( 'NONE', ( #3384, #1113, #1899, #3134 ) ) ;
#1758 = FACE_OUTER_BOUND ( 'NONE', #2551, .T. ) ;
#1759 = DIRECTION ( 'NONE',  ( -1.000000000000000000, 0.0000000000000000000, 0.0000000000000000000 ) ) ;
#1760 = ORIENTED_EDGE ( 'NONE', *, *, #2414, .F. ) ;
#1761 = ORIENTED_EDGE ( 'NONE', *, *, #814, .T. ) ;
#1762 = EDGE_LOOP ( 'NONE', ( #3276, #648, #1236, #3311, #2433, #1208 ) ) ;
#1763 = ADVANCED_FACE ( 'NONE', ( #2738, #293, #1382, #1672, #2751, #594 ), #908, .T. ) ;
#1764 = LINE ( 'NONE', #1460, #1589 ) ;
#1765 = VERTEX_POINT ( 'NONE', #2786 ) ;
#1766 =( NAMED_UNIT ( * ) PLANE_ANGLE_UNIT ( ) SI_UNIT ( $, .RADIAN. ) );
#1767 = CARTESIAN_POINT ( 'NONE',  ( 0.08858267716535432601, 0.1496062992125984370, 0.1122047244094488139 ) ) ;
#1768 = FACE_OUTER_BOUND ( 'NONE', #2404, .T. ) ;
#1769 = EDGE_CURVE ( 'NONE', #2150, #3378, #1420, .T. ) ;
#1770 = ORIENTED_EDGE ( 'NONE', *, *, #2290, .T. ) ;
#1771 = SPHERICAL_SURFACE ( 'NONE', #1402, 0.03937007874015747977 ) ;
#1772 =( LENGTH_UNIT ( ) NAMED_UNIT ( * ) SI_UNIT ( $, .METRE. ) );
#1773 = FACE_OUTER_BOUND ( 'NONE', #361, .T. ) ;
#1774 = EDGE_LOOP ( 'NONE', ( #2558, #1371, #3137, #2121 ) ) ;
#1775 = DIRECTION ( 'NONE',  ( 0.4465975813569838526, -0.8947349329975285981, 0.0000000000000000000 ) ) ;
#1776 = LINE ( 'NONE', #702, #833 ) ;
#1777 = ORIENTED_EDGE ( 'NONE', *, *, #634, .T. ) ;
#1778 = LINE ( 'NONE', #2860, #381 ) ;
#1779 = DIRECTION ( 'NONE',  ( 0.0000000000000000000, 1.000000000000000000, 0.0000000000000000000 ) ) ;
#1780 = ADVANCED_FACE ( 'NONE', ( #2258, #2494, #378, #3080, #886, #107 ), #3344, .F. ) ;
#1781 = ORIENTED_EDGE ( 'NONE', *, *, #1818, .F. ) ;
#1782 = DIRECTION ( 'NONE',  ( 0.0000000000000000000, 1.000000000000000000, 0.0000000000000000000 ) ) ;
#1783 = MANIFOLD_SOLID_BREP ( 'NONE', #309 ) ;
#1784 = FACE_OUTER_BOUND ( 'NONE', #2013, .T. ) ;
#1785 = PLANE ( 'NONE',  #3335 ) ;
#1786 = PRODUCT_DEFINITION ( 'UNKNOWN', '', #1537, #802 ) ;
#1787 = EDGE_CURVE ( 'NONE', #2513, #2241, #697, .T. ) ;
#1788 = CARTESIAN_POINT ( 'NONE',  ( 0.0000000000000000000, 0.1299212598425196763, 0.0000000000000000000 ) ) ;
#1789 = VERTEX_POINT ( 'NONE', #635 ) ;
#1790 = DIRECTION ( 'NONE',  ( 0.0000000000000000000, 1.000000000000000000, 0.0000000000000000000 ) ) ;
#1791 =( NAMED_UNIT ( * ) SI_UNIT ( $, .STERADIAN. ) SOLID_ANGLE_UNIT ( ) );
#1792 = FILL_AREA_STYLE_COLOUR ( '', #1919 ) ;
#1793 = DIRECTION ( 'NONE',  ( 0.0000000000000000000, 0.0000000000000000000, -1.000000000000000000 ) ) ;
#1794 = VERTEX_POINT ( 'NONE', #1240 ) ;
#1795 = VECTOR ( 'NONE', #1332, 39.37007874015748143 ) ;
#1796 = DIRECTION ( 'NONE',  ( 0.0000000000000000000, 0.0000000000000000000, -1.000000000000000000 ) ) ;
#1797 = ADVANCED_FACE ( 'NONE', ( #1773 ), #3394, .F. ) ;
#1798 = FACE_OUTER_BOUND ( 'NONE', #104, .T. ) ;
#1799 = COLOUR_RGB ( '',0.8313725490196077761, 0.8392156862745098200, 0.8313725490196077761 ) ;
#1800 = AXIS2_PLACEMENT_3D ( 'NONE', #992, #141, #395 ) ;
#1801 = VERTEX_POINT ( 'NONE', #3144 ) ;
#1802 = VECTOR ( 'NONE', #2275, 39.37007874015748854 ) ;
#1803 = EDGE_CURVE ( 'NONE', #1558, #1141, #3129, .T. ) ;
#1804 = DIRECTION ( 'NONE',  ( 0.0000000000000000000, 0.0000000000000000000, -1.000000000000000000 ) ) ;
#1805 = CARTESIAN_POINT ( 'NONE',  ( 8.919671568592926781E-18, 0.1377952755905511861, -0.07283464566929134798 ) ) ;
#1806 = VECTOR ( 'NONE', #1129, 39.37007874015748143 ) ;
#1807 = ORIENTED_EDGE ( 'NONE', *, *, #3102, .T. ) ;
#1808 = AXIS2_PLACEMENT_3D ( 'NONE', #2813, #2237, #880 ) ;
#1809 = DIRECTION ( 'NONE',  ( -0.1936873206075088449, 0.3756213745151027461, 0.9063077870366497146 ) ) ;
#1810 = DIRECTION ( 'NONE',  ( 0.0000000000000000000, 0.0000000000000000000, 1.000000000000000000 ) ) ;
#1811 = DIRECTION ( 'NONE',  ( -0.4153637994577553672, -0.8055226371389487827, 0.4226182617407003850 ) ) ;
#1812 = LINE ( 'NONE', #2554, #2207 ) ;
#1813 = VECTOR ( 'NONE', #2165, 39.37007874015748143 ) ;
#1814 = DIRECTION ( 'NONE',  ( 0.0000000000000000000, -1.000000000000000000, 0.0000000000000000000 ) ) ;
#1815 = ORIENTED_EDGE ( 'NONE', *, *, #2555, .F. ) ;
#1816 = DIRECTION ( 'NONE',  ( 0.0000000000000000000, 1.000000000000000000, 0.0000000000000000000 ) ) ;
#1817 = FACE_OUTER_BOUND ( 'NONE', #1751, .T. ) ;
#1818 = EDGE_CURVE ( 'NONE', #921, #3237, #1502, .T. ) ;
#1819 = DIRECTION ( 'NONE',  ( -0.8887958910435519444, 0.4583032446580520558, 0.0000000000000000000 ) ) ;
#1820 = ORIENTED_EDGE ( 'NONE', *, *, #2948, .F. ) ;
#1821 = DIRECTION ( 'NONE',  ( 0.0000000000000000000, 0.0000000000000000000, 1.000000000000000000 ) ) ;
#1822 = FACE_OUTER_BOUND ( 'NONE', #1774, .T. ) ;
#1823 = EDGE_CURVE ( 'NONE', #1765, #700, #2326, .T. ) ;
#1824 = ORIENTED_EDGE ( 'NONE', *, *, #2378, .F. ) ;
#1825 = LINE ( 'NONE', #2903, #2724 ) ;
#1826 = DIRECTION ( 'NONE',  ( 0.0000000000000000000, -1.000000000000000000, 0.0000000000000000000 ) ) ;
#1827 = EDGE_LOOP ( 'NONE', ( #748, #2693, #1474, #1250, #774, #2499, #3040, #2373 ) ) ;
#1828 = SURFACE_STYLE_USAGE ( .BOTH. , #950 ) ;
#1829 = MANIFOLD_SOLID_BREP ( 'Imported3', #416 ) ;
#1830 = EDGE_CURVE ( 'NONE', #3064, #1551, #2936, .T. ) ;
#1831 = DIRECTION ( 'NONE',  ( -0.0000000000000000000, 1.000000000000000000, 0.0000000000000000000 ) ) ;
#1832 = VERTEX_POINT ( 'NONE', #2058 ) ;
#1833 = LINE ( 'NONE', #2912, #3392 ) ;
#1834 = DIRECTION ( 'NONE',  ( 0.0000000000000000000, -1.000000000000000000, 0.0000000000000000000 ) ) ;
#1835 = DIRECTION ( 'NONE',  ( 0.4583032446580520558, -0.8887958910435519444, 0.0000000000000000000 ) ) ;
#1836 = EDGE_CURVE ( 'NONE', #844, #1669, #947, .T. ) ;
#1837 = DIRECTION ( 'NONE',  ( 0.0000000000000000000, 0.0000000000000000000, 1.000000000000000000 ) ) ;
#1838 = ORIENTED_EDGE ( 'NONE', *, *, #2983, .T. ) ;
#1839 = CARTESIAN_POINT ( 'NONE',  ( 0.0000000000000000000, 0.1692913385826771699, 0.0000000000000000000 ) ) ;
#1840 = DIRECTION ( 'NONE',  ( 0.4465975813569838526, -0.8947349329975285981, 0.0000000000000000000 ) ) ;
#1841 = VERTEX_POINT ( 'NONE', #2364 ) ;
#1842 = CARTESIAN_POINT ( 'NONE',  ( -0.1352200082310885954, -0.04603634211220338640, 0.07480314960629921850 ) ) ;
#1843 = PLANE ( 'NONE',  #489 ) ;
#1844 = EDGE_CURVE ( 'NONE', #291, #3287, #2331, .T. ) ;
#1845 = ORIENTED_EDGE ( 'NONE', *, *, #430, .T. ) ;
#1846 = CARTESIAN_POINT ( 'NONE',  ( 0.1338584372998307126, -0.03149606299212598381, -0.07480314960629921850 ) ) ;
#1847 = FACE_OUTER_BOUND ( 'NONE', #3501, .T. ) ;
#1848 = VERTEX_POINT ( 'NONE', #2649 ) ;
#1849 = EDGE_LOOP ( 'NONE', ( #2047, #3371, #2679, #2167 ) ) ;
#1850 = CARTESIAN_POINT ( 'NONE',  ( 0.1181102362204724532, 0.02755905511811023584, 0.1023622047244094474 ) ) ;
#1851 = LINE ( 'NONE', #1587, #3041 ) ;
#1852 = ORIENTED_EDGE ( 'NONE', *, *, #389, .T. ) ;
#1853 = DIRECTION ( 'NONE',  ( 0.0000000000000000000, 0.0000000000000000000, 1.000000000000000000 ) ) ;
#1854 = VECTOR ( 'NONE', #2835, 39.37007874015748143 ) ;
#1855 = CIRCLE ( 'NONE', #3503, 0.02362204724409448092 ) ;
#1856 = DIRECTION ( 'NONE',  ( 0.0000000000000000000, 0.0000000000000000000, 1.000000000000000000 ) ) ;
#1857 = ADVANCED_FACE ( 'NONE', ( #1822 ), #1553, .T. ) ;
#1858 = AXIS2_PLACEMENT_3D ( 'NONE', #2595, #2935, #2363 ) ;
#1859 = EDGE_CURVE ( 'NONE', #2150, #346, #2084, .T. ) ;
#1860 = DIRECTION ( 'NONE',  ( 0.0000000000000000000, 0.0000000000000000000, -1.000000000000000000 ) ) ;
#1861 = VECTOR ( 'NONE', #866, 39.37007874015748143 ) ;
#1862 = AXIS2_PLACEMENT_3D ( 'NONE', #2052, #2580, #1004 ) ;
#1863 = DIRECTION ( 'NONE',  ( 0.0000000000000000000, 1.000000000000000000, 0.0000000000000000000 ) ) ;
#1864 = ORIENTED_EDGE ( 'NONE', *, *, #1335, .T. ) ;
#1865 = DIRECTION ( 'NONE',  ( 0.0000000000000000000, 0.0000000000000000000, 1.000000000000000000 ) ) ;
#1866 = VECTOR ( 'NONE', #1565, 39.37007874015748143 ) ;
#1867 = AXIS2_PLACEMENT_3D ( 'NONE', #2864, #456, #3425 ) ;
#1868 = LINE ( 'NONE', #25, #2993 ) ;
#1869 = DIRECTION ( 'NONE',  ( 0.0000000000000000000, 0.0000000000000000000, -1.000000000000000000 ) ) ;
#1870 = CIRCLE ( 'NONE', #1458, 0.007874015748031499423 ) ;
#1871 = EDGE_CURVE ( 'NONE', #3522, #1044, #3133, .T. ) ;
#1872 = EDGE_LOOP ( 'NONE', ( #434, #1171, #2314, #652, #3488, #2357 ) ) ;
#1873 = ORIENTED_EDGE ( 'NONE', *, *, #1818, .T. ) ;
#1874 = SURFACE_STYLE_USAGE ( .BOTH. , #2132 ) ;
#1875 = CARTESIAN_POINT ( 'NONE',  ( -0.1338584372998307126, -0.03149606299212598381, 0.1023622047244094474 ) ) ;
#1876 = VECTOR ( 'NONE', #1540, 39.37007874015748143 ) ;
#1877 = CARTESIAN_POINT ( 'NONE',  ( 0.0000000000000000000, 0.1653543307086614012, 0.0000000000000000000 ) ) ;
#1878 = ORIENTED_EDGE ( 'NONE', *, *, #1705, .T. ) ;
#1879 = DIRECTION ( 'NONE',  ( -0.8887958910435519444, -0.4583032446580520558, 0.0000000000000000000 ) ) ;
#1880 = EDGE_CURVE ( 'NONE', #392, #41, #2082, .T. ) ;
#1881 = DIRECTION ( 'NONE',  ( 0.0000000000000000000, 0.0000000000000000000, 1.000000000000000000 ) ) ;
#1882 = VERTEX_POINT ( 'NONE', #2062 ) ;
#1883 = LINE ( 'NONE', #818, #1239 ) ;
#1884 = DIRECTION ( 'NONE',  ( 0.0000000000000000000, 0.0000000000000000000, 1.000000000000000000 ) ) ;
#1885 = VERTEX_POINT ( 'NONE', #3171 ) ;
#1886 = DIRECTION ( 'NONE',  ( 1.000000000000000000, 0.0000000000000000000, 0.0000000000000000000 ) ) ;
#1887 = CARTESIAN_POINT ( 'NONE',  ( 0.1122047244094488277, 0.1299212598425196763, -0.1181102362204724532 ) ) ;
#1888 = ORIENTED_EDGE ( 'NONE', *, *, #1077, .F. ) ;
#1889 = CARTESIAN_POINT ( 'NONE',  ( 0.1338584372998307126, -0.03149606299212598381, 0.07480314960629921850 ) ) ;
#1890 = DIRECTION ( 'NONE',  ( -0.4465975813569838526, -0.8947349329975285981, 0.0000000000000000000 ) ) ;
#1891 =( NAMED_UNIT ( * ) PLANE_ANGLE_UNIT ( ) SI_UNIT ( $, .RADIAN. ) );
#1892 = EDGE_CURVE ( 'NONE', #1200, #265, #3148, .T. ) ;
#1893 = DIRECTION ( 'NONE',  ( 0.0000000000000000000, -1.000000000000000000, 0.0000000000000000000 ) ) ;
#1894 = ORIENTED_EDGE ( 'NONE', *, *, #755, .T. ) ;
#1895 = DIRECTION ( 'NONE',  ( 0.0000000000000000000, 1.000000000000000000, 0.0000000000000000000 ) ) ;
#1896 = EDGE_CURVE ( 'NONE', #346, #2792, #1508, .T. ) ;
#1897 = DIRECTION ( 'NONE',  ( 0.0000000000000000000, 1.000000000000000000, 0.0000000000000000000 ) ) ;
#1898 = ORIENTED_EDGE ( 'NONE', *, *, #1705, .F. ) ;
#1899 = ORIENTED_EDGE ( 'NONE', *, *, #1184, .F. ) ;
#1900 = LINE ( 'NONE', #1630, #3273 ) ;
#1901 = EDGE_CURVE ( 'NONE', #3287, #590, #1776, .T. ) ;
#1902 = ADVANCED_FACE ( 'NONE', ( #1798 ), #3460, .F. ) ;
#1903 = DIMENSIONAL_EXPONENTS ( 1.000000000000000000, 0.0000000000000000000, 0.0000000000000000000, 0.0000000000000000000, 0.0000000000000000000, 0.0000000000000000000, 0.0000000000000000000 ) ;
#1904 = DIRECTION ( 'NONE',  ( 0.0000000000000000000, 1.000000000000000000, 0.0000000000000000000 ) ) ;
#1905 = ORIENTED_EDGE ( 'NONE', *, *, #870, .F. ) ;
#1906 = PLANE ( 'NONE',  #2425 ) ;
#1907 = CARTESIAN_POINT ( 'NONE',  ( 0.08858267716535432601, 0.1299212598425196763, -0.1122047244094488139 ) ) ;
#1908 = UNCERTAINTY_MEASURE_WITH_UNIT (LENGTH_MEASURE( 1.000000000000000082E-05 ), #968, 'distance_accuracy_value', 'NONE');
#1909 = DIRECTION ( 'NONE',  ( 0.0000000000000000000, 0.0000000000000000000, 1.000000000000000000 ) ) ;
#1910 = CIRCLE ( 'NONE', #2645, 0.007874015748031499423 ) ;
#1911 = ORIENTED_EDGE ( 'NONE', *, *, #2302, .F. ) ;
#1912 = CIRCLE ( 'NONE', #3159, 0.007874015748031499423 ) ;
#1913 = LINE ( 'NONE', #1127, #1750 ) ;
#1914 = PRESENTATION_LAYER_ASSIGNMENT (  '', '', ( #2307 ) ) ;
#1915 = PRESENTATION_LAYER_ASSIGNMENT (  '', '', ( #707 ) ) ;
#1916 = DIRECTION ( 'NONE',  ( 0.0000000000000000000, -1.000000000000000000, 0.0000000000000000000 ) ) ;
#1917 = ORIENTED_EDGE ( 'NONE', *, *, #2576, .F. ) ;
#1918 = ORIENTED_EDGE ( 'NONE', *, *, #854, .T. ) ;
#1919 = COLOUR_RGB ( '',0.8313725490196077761, 0.8392156862745098200, 0.8313725490196077761 ) ;
#1920 = PLANE ( 'NONE',  #2713 ) ;
#1921 = AXIS2_PLACEMENT_3D ( 'NONE', #549, #816, #2726 ) ;
#1922 = DIRECTION ( 'NONE',  ( 0.0000000000000000000, 1.000000000000000000, 0.0000000000000000000 ) ) ;
#1923 = DIRECTION ( 'NONE',  ( 0.0000000000000000000, 0.0000000000000000000, -1.000000000000000000 ) ) ;
#1924 = ORIENTED_EDGE ( 'NONE', *, *, #2265, .F. ) ;
#1925 = EDGE_CURVE ( 'NONE', #2512, #775, #466, .T. ) ;
#1926 = DIRECTION ( 'NONE',  ( 0.0000000000000000000, 0.0000000000000000000, -1.000000000000000000 ) ) ;
#1927 = VECTOR ( 'NONE', #1593, 39.37007874015748143 ) ;
#1928 = CARTESIAN_POINT ( 'NONE',  ( 0.1408568301426933178, -0.03510474995793744224, -0.1023622047244094474 ) ) ;
#1929 = AXIS2_PLACEMENT_3D ( 'NONE', #171, #1543, #985 ) ;
#1930 =( CONVERSION_BASED_UNIT ( 'INCH', #526 ) LENGTH_UNIT ( ) NAMED_UNIT ( #2196 ) );
#1931 = EDGE_CURVE ( 'NONE', #1182, #3195, #1306, .T. ) ;
#1932 = ORIENTED_EDGE ( 'NONE', *, *, #2284, .T. ) ;
#1933 = DIRECTION ( 'NONE',  ( 0.0000000000000000000, 0.0000000000000000000, 1.000000000000000000 ) ) ;
#1934 = VECTOR ( 'NONE', #3136, 39.37007874015748143 ) ;
#1935 =( NAMED_UNIT ( * ) SI_UNIT ( $, .STERADIAN. ) SOLID_ANGLE_UNIT ( ) );
#1936 = VERTEX_POINT ( 'NONE', #2882 ) ;
#1937 = DIRECTION ( 'NONE',  ( 0.0000000000000000000, 0.0000000000000000000, 1.000000000000000000 ) ) ;
#1938 = DIRECTION ( 'NONE',  ( 0.0000000000000000000, 0.0000000000000000000, -1.000000000000000000 ) ) ;
#1939 = PLANE ( 'NONE',  #2023 ) ;
#1940 = ORIENTED_EDGE ( 'NONE', *, *, #183, .T. ) ;
#1941 = CARTESIAN_POINT ( 'NONE',  ( -0.1181102362204724532, 0.003937007874015747977, -0.1181102362204724532 ) ) ;
#1942 = CARTESIAN_POINT ( 'NONE',  ( -0.1255464405159194829, -0.06479646946715768296, 0.09251968503937008093 ) ) ;
#1943 = CARTESIAN_POINT ( 'NONE',  ( 0.1122047244094488277, 0.1299212598425196763, -0.1122047244094488277 ) ) ;
#1944 = EDGE_CURVE ( 'NONE', #3199, #2333, #3110, .T. ) ;
#1945 = ORIENTED_EDGE ( 'NONE', *, *, #405, .F. ) ;
#1946 = CARTESIAN_POINT ( 'NONE',  ( -0.08858267716535432601, 0.1377952755905511861, 0.06496062992125983815 ) ) ;
#1947 = ORIENTED_EDGE ( 'NONE', *, *, #2784, .T. ) ;
#1948 = LINE ( 'NONE', #1385, #2436 ) ;
#1949 = VERTEX_POINT ( 'NONE', #1545 ) ;
#1950 = CARTESIAN_POINT ( 'NONE',  ( -0.1338584372998307126, -0.03149606299212598381, 0.1023622047244094474 ) ) ;
#1951 = CARTESIAN_POINT ( 'NONE',  ( -0.1417324530478622224, -0.03149606299212598381, 0.1023622047244094474 ) ) ;
#1952 = CARTESIAN_POINT ( 'NONE',  ( 0.1122047244094488277, 0.0000000000000000000, -0.1181102362204724532 ) ) ;
#1953 = ORIENTED_EDGE ( 'NONE', *, *, #2217, .F. ) ;
#1954 = CARTESIAN_POINT ( 'NONE',  ( -0.08858267716535432601, 0.1299212598425196763, 0.08858267716535432601 ) ) ;
#1955 = DIRECTION ( 'NONE',  ( 0.0000000000000000000, -1.000000000000000000, 0.0000000000000000000 ) ) ;
#1956 = ORIENTED_EDGE ( 'NONE', *, *, #2378, .T. ) ;
#1957 = ORIENTED_EDGE ( 'NONE', *, *, #1977, .F. ) ;
#1958 = ORIENTED_EDGE ( 'NONE', *, *, #366, .F. ) ;
#1959 = ADVANCED_FACE ( 'NONE', ( #836 ), #1273, .T. ) ;
#1960 = EDGE_CURVE ( 'NONE', #2959, #452, #2739, .T. ) ;
#1961 = DIRECTION ( 'NONE',  ( -1.000000000000000000, 0.0000000000000000000, 0.0000000000000000000 ) ) ;
#1962 = ORIENTED_EDGE ( 'NONE', *, *, #2164, .F. ) ;
#1963 = VECTOR ( 'NONE', #641, 39.37007874015748143 ) ;
#1964 = AXIS2_PLACEMENT_3D ( 'NONE', #1839, #1305, #2061 ) ;
#1965 = CARTESIAN_POINT ( 'NONE',  ( 0.1181102362204724532, 0.0000000000000000000, 0.1122047244094488277 ) ) ;
#1966 = EDGE_CURVE ( 'NONE', #2454, #246, #1383, .T. ) ;
#1967 = LINE ( 'NONE', #1212, #1861 ) ;
#1968 = AXIS2_PLACEMENT_3D ( 'NONE', #580, #1677, #3027 ) ;
#1969 = ORIENTED_EDGE ( 'NONE', *, *, #3288, .T. ) ;
#1970 = STYLED_ITEM ( 'NONE', ( #2573 ), #504 ) ;
#1971 = CARTESIAN_POINT ( 'NONE',  ( -0.1338584372998307126, -0.03149606299212598381, 0.1023622047244094474 ) ) ;
#1972 = CYLINDRICAL_SURFACE ( 'NONE', #1391, 0.02362204724409448092 ) ;
#1973 = CIRCLE ( 'NONE', #1176, 0.007874015748031499423 ) ;
#1974 = EDGE_LOOP ( 'NONE', ( #272, #637, #3146, #3539 ) ) ;
#1975 = VECTOR ( 'NONE', #536, 39.37007874015748143 ) ;
#1976 = EDGE_LOOP ( 'NONE', ( #2640, #284, #3092, #512 ) ) ;
#1977 = EDGE_CURVE ( 'NONE', #41, #2395, #1868, .T. ) ;
#1978 = AXIS2_PLACEMENT_3D ( 'NONE', #3315, #298, #841 ) ;
#1979 = CARTESIAN_POINT ( 'NONE',  ( 0.1409035942525671270, -0.02797954660348830891, -0.1023622047244094474 ) ) ;
#1980 = ORIENTED_EDGE ( 'NONE', *, *, #99, .T. ) ;
#1981 = DIRECTION ( 'NONE',  ( 0.0000000000000000000, 0.0000000000000000000, 1.000000000000000000 ) ) ;
#1982 = EDGE_CURVE ( 'NONE', #1475, #109, #3296, .T. ) ;
#1983 = ORIENTED_EDGE ( 'NONE', *, *, #3481, .F. ) ;
#1984 = EDGE_LOOP ( 'NONE', ( #3162, #2174 ) ) ;
#1985 = DIRECTION ( 'NONE',  ( 0.0000000000000000000, -1.000000000000000000, 0.0000000000000000000 ) ) ;
#1986 = FACE_OUTER_BOUND ( 'NONE', #2955, .T. ) ;
#1987 = DIRECTION ( 'NONE',  ( 0.0000000000000000000, -1.000000000000000000, 0.0000000000000000000 ) ) ;
#1988 = ORIENTED_EDGE ( 'NONE', *, *, #2548, .T. ) ;
#1989 = CARTESIAN_POINT ( 'NONE',  ( 0.08858267716535432601, 0.1377952755905511861, 0.1122047244094488139 ) ) ;
#1990 = CARTESIAN_POINT ( 'NONE',  ( -0.1408568301426933178, -0.03510474995793744224, -0.07480314960629921850 ) ) ;
#1991 = EDGE_CURVE ( 'NONE', #3173, #1555, #1006, .T. ) ;
#1992 = CARTESIAN_POINT ( 'NONE',  ( 0.0000000000000000000, 0.1299212598425196763, 0.0000000000000000000 ) ) ;
#1993 = EDGE_LOOP ( 'NONE', ( #623, #2859, #123, #1320, #2010, #928, #2662, #2163 ) ) ;
#1994 = ADVANCED_FACE ( 'NONE', ( #3179 ), #312, .T. ) ;
#1995 = VERTEX_POINT ( 'NONE', #2754 ) ;
#1996 = LINE ( 'NONE', #2842, #1536 ) ;
#1997 = ORIENTED_EDGE ( 'NONE', *, *, #2548, .F. ) ;
#1998 = ORIENTED_EDGE ( 'NONE', *, *, #587, .T. ) ;
#1999 = CARTESIAN_POINT ( 'NONE',  ( -0.1255464405159194829, -0.06479646946715768296, 0.08464566929133858497 ) ) ;
#2000 = LINE ( 'NONE', #1497, #715 ) ;
#2001 = LINE ( 'NONE', #3090, #1963 ) ;
#2002 = DIRECTION ( 'NONE',  ( 0.0000000000000000000, 0.0000000000000000000, -1.000000000000000000 ) ) ;
#2003 = VERTEX_POINT ( 'NONE', #1946 ) ;
#2004 = CARTESIAN_POINT ( 'NONE',  ( -0.1338584372998307126, -0.03149606299212598381, -0.1023622047244094474 ) ) ;
#2005 = EDGE_CURVE ( 'NONE', #1551, #1147, #2387, .T. ) ;
#2006 = LINE ( 'NONE', #1449, #941 ) ;
#2007 = ADVANCED_FACE ( 'NONE', ( #2419 ), #1369, .F. ) ;
#2008 = DIRECTION ( 'NONE',  ( 1.000000000000000000, 0.0000000000000000000, 0.0000000000000000000 ) ) ;
#2009 = ORIENTED_EDGE ( 'NONE', *, *, #2898, .T. ) ;
#2010 = ORIENTED_EDGE ( 'NONE', *, *, #145, .T. ) ;
#2011 = EDGE_LOOP ( 'NONE', ( #3210, #1682, #2915, #332 ) ) ;
#2012 = CARTESIAN_POINT ( 'NONE',  ( -0.08858267716535432601, 0.1299212598425196763, -0.06496062992125983815 ) ) ;
#2013 = EDGE_LOOP ( 'NONE', ( #1864, #2884, #1718, #2211 ) ) ;
#2014 = DIRECTION ( 'NONE',  ( 0.0000000000000000000, 0.0000000000000000000, -1.000000000000000000 ) ) ;
#2015 = LINE ( 'NONE', #3107, #2950 ) ;
#2016 = DIRECTION ( 'NONE',  ( 0.0000000000000000000, 1.000000000000000000, 0.0000000000000000000 ) ) ;
#2017 = AXIS2_PLACEMENT_3D ( 'NONE', #2829, #986, #1810 ) ;
#2018 = CLOSED_SHELL ( 'NONE', ( #342, #1434, #1681, #1857, #1072, #1994, #563, #688, #925, #2677, #723, #2496, #494, #3050, #222 ) ) ;
#2019 = CARTESIAN_POINT ( 'NONE',  ( -0.08858267716535432601, 0.1377952755905511861, 0.08858267716535432601 ) ) ;
#2020 = SPHERICAL_SURFACE ( 'NONE', #1353, 0.03937007874015747977 ) ;
#2021 = ORIENTED_EDGE ( 'NONE', *, *, #2823, .T. ) ;
#2022 = CARTESIAN_POINT ( 'NONE',  ( 0.1181102362204724532, 0.02755905511811023584, -0.1023622047244094474 ) ) ;
#2023 = AXIS2_PLACEMENT_3D ( 'NONE', #14, #798, #2453 ) ;
#2024 = AXIS2_PLACEMENT_3D ( 'NONE', #507, #1116, #2721 ) ;
#2025 = DIRECTION ( 'NONE',  ( 0.0000000000000000000, 0.0000000000000000000, -1.000000000000000000 ) ) ;
#2026 = VECTOR ( 'NONE', #1890, 39.37007874015748854 ) ;
#2027 = ADVANCED_FACE ( 'NONE', ( #2626 ), #2707, .T. ) ;
#2028 = ORIENTED_EDGE ( 'NONE', *, *, #1836, .T. ) ;
#2029 = VERTEX_POINT ( 'NONE', #121 ) ;
#2030 = VECTOR ( 'NONE', #2676, 39.37007874015748854 ) ;
#2031 = AXIS2_PLACEMENT_3D ( 'NONE', #2074, #3411, #409 ) ;
#2032 = ORIENTED_EDGE ( 'NONE', *, *, #2497, .F. ) ;
#2033 = DIRECTION ( 'NONE',  ( 0.0000000000000000000, -1.000000000000000000, 0.0000000000000000000 ) ) ;
#2034 = EDGE_CURVE ( 'NONE', #1702, #636, #2119, .T. ) ;
#2035 = COLOUR_RGB ( '',0.2980392156862745057, 0.2980392156862745057, 0.2980392156862745057 ) ;
#2036 = ORIENTED_EDGE ( 'NONE', *, *, #2843, .F. ) ;
#2037 = LINE ( 'NONE', #2846, #2763 ) ;
#2038 = DIRECTION ( 'NONE',  ( 0.0000000000000000000, 1.000000000000000000, 0.0000000000000000000 ) ) ;
#2039 = DIRECTION ( 'NONE',  ( 0.0000000000000000000, 0.0000000000000000000, -1.000000000000000000 ) ) ;
#2040 = CYLINDRICAL_SURFACE ( 'NONE', #3272, 0.07283464566929134798 ) ;
#2041 = ORIENTED_EDGE ( 'NONE', *, *, #2854, .T. ) ;
#2042 = DIRECTION ( 'NONE',  ( -1.000000000000000000, 0.0000000000000000000, 0.0000000000000000000 ) ) ;
#2043 = DIRECTION ( 'NONE',  ( 0.0000000000000000000, 0.0000000000000000000, -1.000000000000000000 ) ) ;
#2044 = ORIENTED_EDGE ( 'NONE', *, *, #9, .F. ) ;
#2045 = CARTESIAN_POINT ( 'NONE',  ( -0.1408568301426933178, -0.03510474995793744224, -0.1023622047244094474 ) ) ;
#2046 = EDGE_CURVE ( 'NONE', #708, #1648, #1454, .T. ) ;
#2047 = ORIENTED_EDGE ( 'NONE', *, *, #29, .F. ) ;
#2048 = CARTESIAN_POINT ( 'NONE',  ( -0.1181102362204724532, 0.1377952755905511861, -0.1122047244094488277 ) ) ;
#2049 = EDGE_CURVE ( 'NONE', #452, #2238, #462, .T. ) ;
#2050 = EDGE_CURVE ( 'NONE', #1936, #2538, #2170, .T. ) ;
#2051 = EDGE_LOOP ( 'NONE', ( #182, #1260, #1362, #686 ) ) ;
#2052 = CARTESIAN_POINT ( 'NONE',  ( 0.08858267716535432601, 0.1299212598425196763, -0.08858267716535432601 ) ) ;
#2053 = CARTESIAN_POINT ( 'NONE',  ( -0.1122047244094488277, 0.1377952755905511861, -0.1181102362204724532 ) ) ;
#2054 = CARTESIAN_POINT ( 'NONE',  ( 0.1189390950157675347, -0.001605939811570186943, 0.1023622047244094474 ) ) ;
#2055 = LINE ( 'NONE', #1525, #2937 ) ;
#2056 = ORIENTED_EDGE ( 'NONE', *, *, #2526, .T. ) ;
#2057 = DIRECTION ( 'NONE',  ( 0.0000000000000000000, 0.0000000000000000000, 1.000000000000000000 ) ) ;
#2058 = CARTESIAN_POINT ( 'NONE',  ( -0.1181102362204724532, 0.0000000000000000000, -0.04921259842519685318 ) ) ;
#2059 = CARTESIAN_POINT ( 'NONE',  ( 0.08858267716535432601, 0.1496062992125984370, -0.1122047244094488139 ) ) ;
#2060 = ORIENTED_EDGE ( 'NONE', *, *, #3531, .F. ) ;
#2061 = DIRECTION ( 'NONE',  ( 0.0000000000000000000, 0.0000000000000000000, 1.000000000000000000 ) ) ;
#2062 = CARTESIAN_POINT ( 'NONE',  ( 0.1417324530478622224, -0.03149606299212598381, -0.1023622047244094474 ) ) ;
#2063 = ORIENTED_EDGE ( 'NONE', *, *, #1554, .T. ) ;
#2064 = DIRECTION ( 'NONE',  ( 0.1936873206075088449, -0.3756213745151027461, 0.9063077870366497146 ) ) ;
#2065 = CARTESIAN_POINT ( 'NONE',  ( 0.1189390950157675347, -0.001605939811570186943, 0.07480314960629921850 ) ) ;
#2066 = PLANE ( 'NONE',  #92 ) ;
#2067 = EDGE_CURVE ( 'NONE', #2188, #41, #2956, .T. ) ;
#2068 = ORIENTED_EDGE ( 'NONE', *, *, #139, .T. ) ;
#2069 = DIRECTION ( 'NONE',  ( 1.000000000000000000, 0.0000000000000000000, 0.0000000000000000000 ) ) ;
#2070 = DIRECTION ( 'NONE',  ( 0.0000000000000000000, 0.0000000000000000000, 1.000000000000000000 ) ) ;
#2071 = LINE ( 'NONE', #3157, #3513 ) ;
#2072 = FACE_OUTER_BOUND ( 'NONE', #4, .T. ) ;
#2073 = ORIENTED_EDGE ( 'NONE', *, *, #3417, .T. ) ;
#2074 = CARTESIAN_POINT ( 'NONE',  ( -0.08858267716535432601, 0.1496062992125984370, 0.08858267716535432601 ) ) ;
#2075 = LINE ( 'NONE', #3165, #311 ) ;
#2076 = ADVANCED_FACE ( 'NONE', ( #1665 ), #1143, .T. ) ;
#2077 = CARTESIAN_POINT ( 'NONE',  ( -0.1259842519685039353, 0.02755905511811023584, -0.07480314960629921850 ) ) ;
#2078 = AXIS2_PLACEMENT_3D ( 'NONE', #1652, #2489, #2226 ) ;
#2079 = ORIENTED_EDGE ( 'NONE', *, *, #3073, .F. ) ;
#2080 = AXIS2_PLACEMENT_3D ( 'NONE', #43, #3358, #3322 ) ;
#2081 = DIRECTION ( 'NONE',  ( 1.445602896647339903E-16, 0.0000000000000000000, 1.000000000000000000 ) ) ;
#2082 = LINE ( 'NONE', #3418, #1345 ) ;
#2083 = VECTOR ( 'NONE', #1886, 39.37007874015748143 ) ;
#2084 = CIRCLE ( 'NONE', #2762, 0.005905511811023620231 ) ;
#2085 = EDGE_LOOP ( 'NONE', ( #808, #820, #2731, #385 ) ) ;
#2086 = CIRCLE ( 'NONE', #1581, 0.007874015748031499423 ) ;
#2087 = CARTESIAN_POINT ( 'NONE',  ( 0.1338584372998307126, -0.03149606299212598381, -0.07480314960629921850 ) ) ;
#2088 = CARTESIAN_POINT ( 'NONE',  ( -0.1185480476730569055, -0.06118778250134625923, -0.1023622047244094474 ) ) ;
#2089 = VECTOR ( 'NONE', #764, 39.37007874015748143 ) ;
#2090 = LINE ( 'NONE', #441, #150 ) ;
#2091 = EDGE_LOOP ( 'NONE', ( #1016, #657, #2151, #2116, #2515, #1634 ) ) ;
#2092 = VECTOR ( 'NONE', #3176, 39.37007874015748143 ) ;
#2093 = CARTESIAN_POINT ( 'NONE',  ( 0.1181102362204724532, 0.1299212598425196763, -0.1181102362204724532 ) ) ;
#2094 = CARTESIAN_POINT ( 'NONE',  ( 0.1189390950157675347, -0.001605939811570186943, -0.1023622047244094474 ) ) ;
#2095 = EDGE_CURVE ( 'NONE', #7, #109, #3002, .T. ) ;
#2096 = CIRCLE ( 'NONE', #209, 0.06889763779527559306 ) ;
#2097 = SURFACE_SIDE_STYLE ('',( #2380 ) ) ;
#2098 = ORIENTED_EDGE ( 'NONE', *, *, #2457, .F. ) ;
#2099 = LINE ( 'NONE', #1501, #81 ) ;
#2100 = DIRECTION ( 'NONE',  ( 0.0000000000000000000, -1.000000000000000000, 0.0000000000000000000 ) ) ;
#2101 = DIRECTION ( 'NONE',  ( 0.0000000000000000000, 0.0000000000000000000, -1.000000000000000000 ) ) ;
#2102 = DIRECTION ( 'NONE',  ( 0.8887958910435519444, 0.4583032446580520558, 0.0000000000000000000 ) ) ;
#2103 = EDGE_LOOP ( 'NONE', ( #2254, #703, #1588, #11 ) ) ;
#2104 = EDGE_CURVE ( 'NONE', #2841, #1054, #901, .T. ) ;
#2105 = DIRECTION ( 'NONE',  ( 0.0000000000000000000, 0.0000000000000000000, -1.000000000000000000 ) ) ;
#2106 = CARTESIAN_POINT ( 'NONE',  ( 0.08858267716535432601, 0.1377952755905511861, 0.08858267716535432601 ) ) ;
#2107 = PRESENTATION_LAYER_ASSIGNMENT (  '', '', ( #3294 ) ) ;
#2108 = ADVANCED_FACE ( 'NONE', ( #2225 ), #2451, .F. ) ;
#2109 = VERTEX_POINT ( 'NONE', #3336 ) ;
#2110 = CARTESIAN_POINT ( 'NONE',  ( 0.08858267716535432601, 0.1377952755905511861, -0.08858267716535432601 ) ) ;
#2111 = ORIENTED_EDGE ( 'NONE', *, *, #967, .F. ) ;
#2112 = ORIENTED_EDGE ( 'NONE', *, *, #3160, .F. ) ;
#2113 = CARTESIAN_POINT ( 'NONE',  ( 0.1181102362204724532, 0.1377952755905511861, -0.1181102362204724532 ) ) ;
#2114 = CARTESIAN_POINT ( 'NONE',  ( 0.08858267716535432601, 0.1299212598425196763, -0.06496062992125983815 ) ) ;
#2115 = PRESENTATION_STYLE_ASSIGNMENT (( #3470 ) ) ;
#2116 = ORIENTED_EDGE ( 'NONE', *, *, #480, .T. ) ;
#2117 = ORIENTED_EDGE ( 'NONE', *, *, #214, .F. ) ;
#2118 = DIRECTION ( 'NONE',  ( 0.0000000000000000000, 0.0000000000000000000, -1.000000000000000000 ) ) ;
#2119 = LINE ( 'NONE', #2984, #2202 ) ;
#2120 = DIRECTION ( 'NONE',  ( 0.4583032446580520558, -0.8887958910435519444, 0.0000000000000000000 ) ) ;
#2121 = ORIENTED_EDGE ( 'NONE', *, *, #3087, .T. ) ;
#2122 = EDGE_CURVE ( 'NONE', #1885, #2538, #2484, .T. ) ;
#2123 = DIRECTION ( 'NONE',  ( 0.0000000000000000000, 1.000000000000000000, 0.0000000000000000000 ) ) ;
#2124 = CARTESIAN_POINT ( 'NONE',  ( 0.1122047244094488277, 0.1299212598425196763, 0.1122047244094488277 ) ) ;
#2125 = ORIENTED_EDGE ( 'NONE', *, *, #2974, .F. ) ;
#2126 = DIRECTION ( 'NONE',  ( 0.0000000000000000000, -1.000000000000000000, 0.0000000000000000000 ) ) ;
#2127 = CARTESIAN_POINT ( 'NONE',  ( 0.1259842519685039353, 0.001910576577067480157, 0.1023622047244094474 ) ) ;
#2128 = CARTESIAN_POINT ( 'NONE',  ( 0.08858267716535432601, 0.1299212598425196763, -0.1122047244094488139 ) ) ;
#2129 = EDGE_LOOP ( 'NONE', ( #3356, #799, #3052, #1067, #1663, #2850 ) ) ;
#2130 = CARTESIAN_POINT ( 'NONE',  ( -0.1352200082310885954, -0.04603634211220338640, 0.07480314960629921850 ) ) ;
#2131 = VERTEX_POINT ( 'NONE', #2745 ) ;
#2132 = SURFACE_SIDE_STYLE ('',( #1105 ) ) ;
#2133 = CARTESIAN_POINT ( 'NONE',  ( 0.1083935435132570846, -0.03220340707415822457, -0.1023622047244094474 ) ) ;
#2134 = EDGE_LOOP ( 'NONE', ( #3383, #398, #1567, #597 ) ) ;
#2135 = CARTESIAN_POINT ( 'NONE',  ( 0.1352200082310885954, -0.04603634211220338640, 0.07480314960629921850 ) ) ;
#2136 = EDGE_CURVE ( 'NONE', #1562, #914, #1092, .T. ) ;
#2137 = CIRCLE ( 'NONE', #1448, 0.02362204724409448092 ) ;
#2138 = AXIS2_PLACEMENT_3D ( 'NONE', #3499, #1869, #530 ) ;
#2139 = AXIS2_PLACEMENT_3D ( 'NONE', #1068, #2189, #3267 ) ;
#2140 = AXIS2_PLACEMENT_3D ( 'NONE', #149, #2858, #2901 ) ;
#2141 = COLOUR_RGB ( '',0.8313725490196077761, 0.8392156862745098200, 0.8313725490196077761 ) ;
#2142 = DIRECTION ( 'NONE',  ( -0.4465975813569838526, -0.8947349329975285981, 0.0000000000000000000 ) ) ;
#2143 = ORIENTED_EDGE ( 'NONE', *, *, #2414, .T. ) ;
#2144 = ORIENTED_EDGE ( 'NONE', *, *, #1399, .F. ) ;
#2145 = EDGE_CURVE ( 'NONE', #3194, #1601, #2206, .T. ) ;
#2146 = LINE ( 'NONE', #793, #2952 ) ;
#2147 = VECTOR ( 'NONE', #1160, 39.37007874015748143 ) ;
#2148 = LINE ( 'NONE', #2743, #537 ) ;
#2149 = CIRCLE ( 'NONE', #204, 0.02362204724409448092 ) ;
#2150 = VERTEX_POINT ( 'NONE', #1377 ) ;
#2151 = ORIENTED_EDGE ( 'NONE', *, *, #760, .F. ) ;
#2152 = DIRECTION ( 'NONE',  ( -0.8887958910435519444, 0.4583032446580520558, 0.0000000000000000000 ) ) ;
#2153 = VECTOR ( 'NONE', #1987, 39.37007874015748143 ) ;
#2154 = CARTESIAN_POINT ( 'NONE',  ( -0.1181102362204724532, 0.03543307086614173179, 0.1023622047244094474 ) ) ;
#2155 = ORIENTED_EDGE ( 'NONE', *, *, #3421, .T. ) ;
#2156 = DIRECTION ( 'NONE',  ( 0.8887958910435519444, -0.4583032446580520558, 0.0000000000000000000 ) ) ;
#2157 = DIRECTION ( 'NONE',  ( 0.8947349329975287091, -0.4465975813569839081, 0.0000000000000000000 ) ) ;
#2158 = EDGE_CURVE ( 'NONE', #607, #3410, #49, .T. ) ;
#2159 =( NAMED_UNIT ( * ) SI_UNIT ( $, .STERADIAN. ) SOLID_ANGLE_UNIT ( ) );
#2160 = UNCERTAINTY_MEASURE_WITH_UNIT (LENGTH_MEASURE( 1.000000000000000082E-05 ), #3255, 'distance_accuracy_value', 'NONE');
#2161 = AXIS2_PLACEMENT_3D ( 'NONE', #1592, #2632, #224 ) ;
#2162 = CARTESIAN_POINT ( 'NONE',  ( 0.08858267716535432601, 0.1377952755905511861, -0.1122047244094488139 ) ) ;
#2163 = ORIENTED_EDGE ( 'NONE', *, *, #215, .F. ) ;
#2164 = EDGE_CURVE ( 'NONE', #3070, #3449, #2542, .T. ) ;
#2165 = DIRECTION ( 'NONE',  ( 0.0000000000000000000, 1.000000000000000000, 0.0000000000000000000 ) ) ;
#2166 = SPHERICAL_SURFACE ( 'NONE', #2809, 0.03937007874015747977 ) ;
#2167 = ORIENTED_EDGE ( 'NONE', *, *, #1290, .T. ) ;
#2168 = VERTEX_POINT ( 'NONE', #1965 ) ;
#2169 =( NAMED_UNIT ( * ) PLANE_ANGLE_UNIT ( ) SI_UNIT ( $, .RADIAN. ) );
#2170 = LINE ( 'NONE', #736, #1866 ) ;
#2171 = EDGE_CURVE ( 'NONE', #3443, #3522, #1685, .T. ) ;
#2172 = LINE ( 'NONE', #1110, #2260 ) ;
#2173 = CARTESIAN_POINT ( 'NONE',  ( 0.1189390950157675347, -0.001605939811570186943, 0.07480314960629921850 ) ) ;
#2174 = ORIENTED_EDGE ( 'NONE', *, *, #680, .F. ) ;
#2175 = DIRECTION ( 'NONE',  ( -0.4153637994577553672, 0.8055226371389487827, 0.4226182617407003850 ) ) ;
#2176 = CARTESIAN_POINT ( 'NONE',  ( 0.1181102362204724532, 0.1377952755905511861, -0.1122047244094488277 ) ) ;
#2177 = DIMENSIONAL_EXPONENTS ( 1.000000000000000000, 0.0000000000000000000, 0.0000000000000000000, 0.0000000000000000000, 0.0000000000000000000, 0.0000000000000000000, 0.0000000000000000000 ) ;
#2178 = CARTESIAN_POINT ( 'NONE',  ( -0.1338584372998307126, -0.03149606299212598381, 0.07480314960629921850 ) ) ;
#2179 = ORIENTED_EDGE ( 'NONE', *, *, #1078, .T. ) ;
#2180 = CARTESIAN_POINT ( 'NONE',  ( 0.0000000000000000000, 0.1299212598425196763, 0.0000000000000000000 ) ) ;
#2181 = EDGE_CURVE ( 'NONE', #3472, #220, #2259, .T. ) ;
#2182 = DIRECTION ( 'NONE',  ( 0.0000000000000000000, -1.000000000000000000, 0.0000000000000000000 ) ) ;
#2183 = ORIENTED_EDGE ( 'NONE', *, *, #2104, .F. ) ;
#2184 = ORIENTED_EDGE ( 'NONE', *, *, #2789, .T. ) ;
#2185 = DIRECTION ( 'NONE',  ( -1.000000000000000000, 0.0000000000000000000, 2.168404344971010347E-16 ) ) ;
#2186 = LINE ( 'NONE', #3003, #1069 ) ;
#2187 = DIRECTION ( 'NONE',  ( 0.0000000000000000000, 0.0000000000000000000, 1.000000000000000000 ) ) ;
#2188 = VERTEX_POINT ( 'NONE', #1950 ) ;
#2189 = DIRECTION ( 'NONE',  ( -0.1936873206075089282, 0.3756213745151028016, -0.9063077870366496036 ) ) ;
#2190 = ADVANCED_FACE ( 'NONE', ( #609 ), #1920, .F. ) ;
#2191 = AXIS2_PLACEMENT_3D ( 'NONE', #1027, #1579, #1292 ) ;
#2192 = CIRCLE ( 'NONE', #2078, 0.02362204724409448092 ) ;
#2193 = ORIENTED_EDGE ( 'NONE', *, *, #2924, .T. ) ;
#2194 = VECTOR ( 'NONE', #1083, 39.37007874015748143 ) ;
#2195 = CARTESIAN_POINT ( 'NONE',  ( 0.08858267716535432601, 0.1496062992125984370, -0.08858267716535432601 ) ) ;
#2196 = DIMENSIONAL_EXPONENTS ( 1.000000000000000000, 0.0000000000000000000, 0.0000000000000000000, 0.0000000000000000000, 0.0000000000000000000, 0.0000000000000000000, 0.0000000000000000000 ) ;
#2197 = VECTOR ( 'NONE', #1043, 39.37007874015748143 ) ;
#2198 = VECTOR ( 'NONE', #633, 39.37007874015748143 ) ;
#2199 = CARTESIAN_POINT ( 'NONE',  ( 0.1352200082310885954, -0.04603634211220338640, 0.07480314960629921850 ) ) ;
#2200 = ORIENTED_EDGE ( 'NONE', *, *, #458, .F. ) ;
#2201 = ORIENTED_EDGE ( 'NONE', *, *, #3476, .T. ) ;
#2202 = VECTOR ( 'NONE', #809, 39.37007874015748143 ) ;
#2203 = CIRCLE ( 'NONE', #656, 0.06889763779527559306 ) ;
#2204 =( NAMED_UNIT ( * ) SI_UNIT ( $, .STERADIAN. ) SOLID_ANGLE_UNIT ( ) );
#2205 = EDGE_CURVE ( 'NONE', #2531, #71, #3262, .T. ) ;
#2206 = LINE ( 'NONE', #845, #1121 ) ;
#2207 = VECTOR ( 'NONE', #2582, 39.37007874015748143 ) ;
#2208 = DIRECTION ( 'NONE',  ( -1.000000000000000000, 0.0000000000000000000, 0.0000000000000000000 ) ) ;
#2209 = DIRECTION ( 'NONE',  ( 0.0000000000000000000, 0.0000000000000000000, -1.000000000000000000 ) ) ;
#2210 = LINE ( 'NONE', #3286, #1283 ) ;
#2211 = ORIENTED_EDGE ( 'NONE', *, *, #813, .F. ) ;
#2212 = DIRECTION ( 'NONE',  ( 1.000000000000000000, 0.0000000000000000000, 0.0000000000000000000 ) ) ;
#2213 = CARTESIAN_POINT ( 'NONE',  ( 0.1352200082310885954, -0.04603634211220338640, -0.07480314960629921850 ) ) ;
#2214 = CIRCLE ( 'NONE', #1124, 0.007874015748031499423 ) ;
#2215 = DIRECTION ( 'NONE',  ( 0.0000000000000000000, 0.0000000000000000000, 1.000000000000000000 ) ) ;
#2216 = CIRCLE ( 'NONE', #3401, 0.02362204724409448092 ) ;
#2217 = EDGE_CURVE ( 'NONE', #1315, #2922, #2778, .T. ) ;
#2218 = VERTEX_POINT ( 'NONE', #338 ) ;
#2219 = SURFACE_SIDE_STYLE ('',( #3025 ) ) ;
#2220 = EDGE_LOOP ( 'NONE', ( #1781, #1158, #579, #1079 ) ) ;
#2221 = CYLINDRICAL_SURFACE ( 'NONE', #551, 0.02362204724409448092 ) ;
#2222 = AXIS2_PLACEMENT_3D ( 'NONE', #2110, #2126, #3207 ) ;
#2223 = VERTEX_POINT ( 'NONE', #2794 ) ;
#2224 = PRESENTATION_STYLE_ASSIGNMENT (( #2793 ) ) ;
#2225 = FACE_OUTER_BOUND ( 'NONE', #2544, .T. ) ;
#2226 = DIRECTION ( 'NONE',  ( 0.0000000000000000000, 0.0000000000000000000, 1.000000000000000000 ) ) ;
#2227 = EDGE_LOOP ( 'NONE', ( #528, #2822, #2871, #2575 ) ) ;
#2228 = DIRECTION ( 'NONE',  ( -0.4583032446580520558, -0.8887958910435519444, 0.0000000000000000000 ) ) ;
#2229 = DIRECTION ( 'NONE',  ( 0.0000000000000000000, -1.000000000000000000, 0.0000000000000000000 ) ) ;
#2230 = ADVANCED_FACE ( 'NONE', ( #1411 ), #1428, .T. ) ;
#2231 = ORIENTED_EDGE ( 'NONE', *, *, #645, .T. ) ;
#2232 = VERTEX_POINT ( 'NONE', #1211 ) ;
#2233 = CARTESIAN_POINT ( 'NONE',  ( -0.1122047244094488277, 0.1299212598425196763, -0.1122047244094488277 ) ) ;
#2234 = EDGE_CURVE ( 'NONE', #1995, #1848, #2000, .T. ) ;
#2235 = EDGE_LOOP ( 'NONE', ( #3435, #2009, #3497, #2412 ) ) ;
#2236 = DIRECTION ( 'NONE',  ( 0.0000000000000000000, -1.000000000000000000, 0.0000000000000000000 ) ) ;
#2237 = DIRECTION ( 'NONE',  ( 0.4583032446580521113, -0.8887958910435520554, 0.0000000000000000000 ) ) ;
#2238 = VERTEX_POINT ( 'NONE', #3108 ) ;
#2239 = CARTESIAN_POINT ( 'NONE',  ( 0.1338584372998307126, -0.03149606299212598381, 0.1023622047244094474 ) ) ;
#2240 = CARTESIAN_POINT ( 'NONE',  ( -0.08858267716535432601, 0.1299212598425196763, -0.1122047244094488139 ) ) ;
#2241 = VERTEX_POINT ( 'NONE', #1523 ) ;
#2242 = ORIENTED_EDGE ( 'NONE', *, *, #1618, .T. ) ;
#2243 = EDGE_CURVE ( 'NONE', #1384, #1152, #835, .T. ) ;
#2244 = CARTESIAN_POINT ( 'NONE',  ( 0.1282216153882259901, -0.04242765514639196961, -0.1023622047244094474 ) ) ;
#2245 = ORIENTED_EDGE ( 'NONE', *, *, #3009, .T. ) ;
#2246 = CARTESIAN_POINT ( 'NONE',  ( 0.1122047244094488277, 0.1377952755905511861, -0.1122047244094488277 ) ) ;
#2247 = CIRCLE ( 'NONE', #2304, 0.02362204724409448092 ) ;
#2248 = ORIENTED_EDGE ( 'NONE', *, *, #2034, .T. ) ;
#2249 = VECTOR ( 'NONE', #3291, 39.37007874015748854 ) ;
#2250 = CIRCLE ( 'NONE', #3329, 0.02362204724409448092 ) ;
#2251 = DIRECTION ( 'NONE',  ( 0.0000000000000000000, 0.0000000000000000000, -1.000000000000000000 ) ) ;
#2252 = EDGE_CURVE ( 'NONE', #2513, #82, #3229, .T. ) ;
#2253 = VECTOR ( 'NONE', #181, 39.37007874015748143 ) ;
#2254 = ORIENTED_EDGE ( 'NONE', *, *, #2338, .F. ) ;
#2255 = VECTOR ( 'NONE', #1276, 39.37007874015748143 ) ;
#2256 = DIRECTION ( 'NONE',  ( -0.4583032446580520558, -0.8887958910435519444, 0.0000000000000000000 ) ) ;
#2257 = CARTESIAN_POINT ( 'NONE',  ( -0.1409035942525671270, -0.02797954660348830891, -0.1023622047244094474 ) ) ;
#2258 = FACE_BOUND ( 'NONE', #1297, .T. ) ;
#2259 = CIRCLE ( 'NONE', #1631, 0.007874015748031499423 ) ;
#2260 = VECTOR ( 'NONE', #3284, 39.37007874015748143 ) ;
#2261 = ORIENTED_EDGE ( 'NONE', *, *, #1355, .F. ) ;
#2262 = CARTESIAN_POINT ( 'NONE',  ( -0.1122047244094488277, 0.0000000000000000000, 0.1181102362204724532 ) ) ;
#2263 = ORIENTED_EDGE ( 'NONE', *, *, #2234, .T. ) ;
#2264 = DIRECTION ( 'NONE',  ( -1.000000000000000000, 0.0000000000000000000, 0.0000000000000000000 ) ) ;
#2265 = EDGE_CURVE ( 'NONE', #2856, #590, #1253, .T. ) ;
#2266 = EDGE_CURVE ( 'NONE', #670, #3281, #2811, .T. ) ;
#2267 = ORIENTED_EDGE ( 'NONE', *, *, #3330, .F. ) ;
#2268 = ORIENTED_EDGE ( 'NONE', *, *, #2983, .F. ) ;
#2269 = AXIS2_PLACEMENT_3D ( 'NONE', #2920, #2885, #1856 ) ;
#2270 = CARTESIAN_POINT ( 'NONE',  ( 0.0000000000000000000, 0.0000000000000000000, 0.0000000000000000000 ) ) ;
#2271 = CARTESIAN_POINT ( 'NONE',  ( 0.1408568301426933178, -0.03510474995793744224, 0.1023622047244094474 ) ) ;
#2272 = DIRECTION ( 'NONE',  ( 0.0000000000000000000, 1.000000000000000000, 0.0000000000000000000 ) ) ;
#2273 = ORIENTED_EDGE ( 'NONE', *, *, #269, .F. ) ;
#2274 = DIRECTION ( 'NONE',  ( 1.000000000000000000, 0.0000000000000000000, 0.0000000000000000000 ) ) ;
#2275 = DIRECTION ( 'NONE',  ( 0.4465975813569838526, -0.8947349329975285981, 0.0000000000000000000 ) ) ;
#2276 =( NAMED_UNIT ( * ) PLANE_ANGLE_UNIT ( ) SI_UNIT ( $, .RADIAN. ) );
#2277 = ADVANCED_FACE ( 'NONE', ( #388 ), #1233, .T. ) ;
#2278 = ORIENTED_EDGE ( 'NONE', *, *, #1745, .T. ) ;
#2279 = EDGE_LOOP ( 'NONE', ( #119, #2689, #2755, #959 ) ) ;
#2280 = ORIENTED_EDGE ( 'NONE', *, *, #124, .F. ) ;
#2281 = LINE ( 'NONE', #2293, #2498 ) ;
#2282 = ORIENTED_EDGE ( 'NONE', *, *, #2898, .F. ) ;
#2283 = DIRECTION ( 'NONE',  ( 1.000000000000000000, 0.0000000000000000000, 0.0000000000000000000 ) ) ;
#2284 = EDGE_CURVE ( 'NONE', #3153, #1246, #370, .T. ) ;
#2285 = CARTESIAN_POINT ( 'NONE',  ( 0.1181102362204724532, 0.0000000000000000000, 0.04921259842519685318 ) ) ;
#2286 = ORIENTED_EDGE ( 'NONE', *, *, #240, .F. ) ;
#2287 = CYLINDRICAL_SURFACE ( 'NONE', #2031, 0.02362204724409448092 ) ;
#2288 = FACE_OUTER_BOUND ( 'NONE', #334, .T. ) ;
#2289 = ORIENTED_EDGE ( 'NONE', *, *, #1901, .F. ) ;
#2290 = EDGE_CURVE ( 'NONE', #2480, #2223, #2149, .T. ) ;
#2291 = CARTESIAN_POINT ( 'NONE',  ( -0.1259842519685039353, 0.001910576577067480157, 0.1023622047244094474 ) ) ;
#2292 = ORIENTED_EDGE ( 'NONE', *, *, #546, .T. ) ;
#2293 = CARTESIAN_POINT ( 'NONE',  ( -0.1083935435132570846, -0.03220340707415822457, -0.1023622047244094474 ) ) ;
#2294 = ORIENTED_EDGE ( 'NONE', *, *, #1133, .T. ) ;
#2295 = CARTESIAN_POINT ( 'NONE',  ( -0.1408568301426933178, -0.03510474995793744224, -0.07480314960629921850 ) ) ;
#2296 = CARTESIAN_POINT ( 'NONE',  ( -0.1555118110236220763, 0.003937007874015747977, 0.04921259842519685318 ) ) ;
#2297 = CARTESIAN_POINT ( 'NONE',  ( 0.1259842519685039353, 0.02755905511811023584, 0.07480314960629921850 ) ) ;
#2298 = AXIS2_PLACEMENT_3D ( 'NONE', #695, #3372, #934 ) ;
#2299 = DIRECTION ( 'NONE',  ( 0.0000000000000000000, 0.0000000000000000000, 1.000000000000000000 ) ) ;
#2300 = CARTESIAN_POINT ( 'NONE',  ( -0.1181102362204724532, 0.02755905511811023584, 0.1023622047244094474 ) ) ;
#2301 = VERTEX_POINT ( 'NONE', #2321 ) ;
#2302 = EDGE_CURVE ( 'NONE', #3443, #3153, #1812, .T. ) ;
#2303 = CARTESIAN_POINT ( 'NONE',  ( 0.0000000000000000000, 0.1299212598425196763, 0.0000000000000000000 ) ) ;
#2304 = AXIS2_PLACEMENT_3D ( 'NONE', #3304, #2467, #574 ) ;
#2305 = CIRCLE ( 'NONE', #1574, 0.005905511811023620231 ) ;
#2306 = CARTESIAN_POINT ( 'NONE',  ( 0.1259842519685039353, 0.001910576577067484277, -0.07480314960629921850 ) ) ;
#2307 = STYLED_ITEM ( 'NONE', ( #2115 ), #1527 ) ;
#2308 = MECHANICAL_DESIGN_GEOMETRIC_PRESENTATION_REPRESENTATION (  '', ( #707 ), #133 ) ;
#2309 = VERTEX_POINT ( 'NONE', #1198 ) ;
#2310 = ADVANCED_FACE ( 'NONE', ( #2848 ), #1443, .F. ) ;
#2311 = DIRECTION ( 'NONE',  ( -1.000000000000000000, 0.0000000000000000000, 0.0000000000000000000 ) ) ;
#2312 = VECTOR ( 'NONE', #1479, 39.37007874015748143 ) ;
#2313 = CIRCLE ( 'NONE', #2486, 0.02362204724409448092 ) ;
#2314 = ORIENTED_EDGE ( 'NONE', *, *, #755, .F. ) ;
#2315 = CARTESIAN_POINT ( 'NONE',  ( -0.1259842519685039353, 0.001910576577067484277, -0.1023622047244094474 ) ) ;
#2316 = AXIS2_PLACEMENT_3D ( 'NONE', #2985, #846, #2 ) ;
#2317 = ADVANCED_FACE ( 'NONE', ( #2568 ), #115, .T. ) ;
#2318 = STYLED_ITEM ( 'NONE', ( #457 ), #3028 ) ;
#2319 = ORIENTED_EDGE ( 'NONE', *, *, #2122, .F. ) ;
#2320 = LINE ( 'NONE', #1155, #32 ) ;
#2321 = CARTESIAN_POINT ( 'NONE',  ( 0.08858267716535432601, 0.1299212598425196763, 0.06496062992125983815 ) ) ;
#2322 = DIRECTION ( 'NONE',  ( 1.445602896647339903E-16, 0.0000000000000000000, 1.000000000000000000 ) ) ;
#2323 = ORIENTED_EDGE ( 'NONE', *, *, #3082, .T. ) ;
#2324 = CARTESIAN_POINT ( 'NONE',  ( 0.1259842519685039353, 0.02755905511811023584, 0.1023622047244094474 ) ) ;
#2325 = CARTESIAN_POINT ( 'NONE',  ( 0.1181102362204724532, 0.02755905511811023584, -0.1023622047244094474 ) ) ;
#2326 = LINE ( 'NONE', #3413, #26 ) ;
#2327 = MECHANICAL_DESIGN_GEOMETRIC_PRESENTATION_REPRESENTATION (  '', ( #3294 ), #963 ) ;
#2328 = CARTESIAN_POINT ( 'NONE',  ( 0.1255464405159194829, -0.06479646946715768296, 0.08464566929133858497 ) ) ;
#2329 = VERTEX_POINT ( 'NONE', #3354 ) ;
#2330 = DIRECTION ( 'NONE',  ( 1.000000000000000000, 0.0000000000000000000, 0.0000000000000000000 ) ) ;
#2331 = LINE ( 'NONE', #2348, #891 ) ;
#2332 = EDGE_CURVE ( 'NONE', #2342, #1648, #2071, .T. ) ;
#2333 = VERTEX_POINT ( 'NONE', #3388 ) ;
#2334 = DIRECTION ( 'NONE',  ( -1.000000000000000000, 0.0000000000000000000, 0.0000000000000000000 ) ) ;
#2335 = DIRECTION ( 'NONE',  ( 0.0000000000000000000, 0.0000000000000000000, 1.000000000000000000 ) ) ;
#2336 = DIRECTION ( 'NONE',  ( 0.0000000000000000000, 0.0000000000000000000, 1.000000000000000000 ) ) ;
#2337 = ORIENTED_EDGE ( 'NONE', *, *, #3476, .F. ) ;
#2338 = EDGE_CURVE ( 'NONE', #2538, #1653, #1973, .T. ) ;
#2339 = ADVANCED_FACE ( 'NONE', ( #1754 ), #135, .T. ) ;
#2340 = DIRECTION ( 'NONE',  ( -0.4153637994577553672, 0.8055226371389487827, 0.4226182617407003850 ) ) ;
#2341 = FACE_OUTER_BOUND ( 'NONE', #1600, .T. ) ;
#2342 = VERTEX_POINT ( 'NONE', #85 ) ;
#2343 = FACE_OUTER_BOUND ( 'NONE', #3204, .T. ) ;
#2344 = SURFACE_SIDE_STYLE ('',( #2642 ) ) ;
#2345 = DIRECTION ( 'NONE',  ( 0.0000000000000000000, 1.000000000000000000, 0.0000000000000000000 ) ) ;
#2346 = EDGE_LOOP ( 'NONE', ( #2144, #1045, #2507, #1807 ) ) ;
#2347 = CARTESIAN_POINT ( 'NONE',  ( -0.1338584372998307126, -0.03149606299212598381, -0.07480314960629921850 ) ) ;
#2348 = CARTESIAN_POINT ( 'NONE',  ( -0.1189390950157675347, -0.001605939811570186943, -0.07480314960629921850 ) ) ;
#2349 = ORIENTED_EDGE ( 'NONE', *, *, #962, .T. ) ;
#2350 = ADVANCED_FACE ( 'NONE', ( #1768 ), #1785, .F. ) ;
#2351 = DIRECTION ( 'NONE',  ( 0.0000000000000000000, 0.0000000000000000000, 1.000000000000000000 ) ) ;
#2352 = DIRECTION ( 'NONE',  ( -4.273955692857149504E-18, -0.9993908270190957621, -0.03489949670250103164 ) ) ;
#2353 = ORIENTED_EDGE ( 'NONE', *, *, #2613, .F. ) ;
#2354 = CARTESIAN_POINT ( 'NONE',  ( 0.1083935435132570846, -0.03220340707415822457, -0.07480314960629921850 ) ) ;
#2355 = CARTESIAN_POINT ( 'NONE',  ( -0.1259842519685039353, 0.02755905511811023584, 0.07480314960629921850 ) ) ;
#2356 = CARTESIAN_POINT ( 'NONE',  ( 0.1181102362204724532, 0.03543307086614173179, 0.1023622047244094474 ) ) ;
#2357 = ORIENTED_EDGE ( 'NONE', *, *, #1977, .T. ) ;
#2358 = CARTESIAN_POINT ( 'NONE',  ( -0.1122047244094488277, 0.1377952755905511861, 0.1122047244094488277 ) ) ;
#2359 = LINE ( 'NONE', #3490, #824 ) ;
#2360 = VECTOR ( 'NONE', #1755, 39.37007874015748143 ) ;
#2361 = ORIENTED_EDGE ( 'NONE', *, *, #1559, .F. ) ;
#2362 = AXIS2_PLACEMENT_3D ( 'NONE', #3205, #1280, #2616 ) ;
#2363 = DIRECTION ( 'NONE',  ( 1.224646799147353207E-16, 0.0000000000000000000, -1.000000000000000000 ) ) ;
#2364 = CARTESIAN_POINT ( 'NONE',  ( -0.1122047244094488277, 0.1299212598425196763, -0.1181102362204724532 ) ) ;
#2365 = PRESENTATION_LAYER_ASSIGNMENT (  '', '', ( #1114 ) ) ;
#2366 = AXIS2_PLACEMENT_3D ( 'NONE', #2837, #1400, #3096 ) ;
#2367 = ORIENTED_EDGE ( 'NONE', *, *, #2852, .T. ) ;
#2368 = AXIS2_PLACEMENT_3D ( 'NONE', #375, #2491, #3357 ) ;
#2369 = DIRECTION ( 'NONE',  ( -0.8887958910435519444, -0.4583032446580520558, 0.0000000000000000000 ) ) ;
#2370 = LINE ( 'NONE', #2127, #2883 ) ;
#2371 = AXIS2_PLACEMENT_3D ( 'NONE', #3033, #1392, #586 ) ;
#2372 = SURFACE_SIDE_STYLE ('',( #1269 ) ) ;
#2373 = ORIENTED_EDGE ( 'NONE', *, *, #3123, .T. ) ;
#2374 = AXIS2_PLACEMENT_3D ( 'NONE', #1378, #250, #1922 ) ;
#2375 = PLANE ( 'NONE',  #2603 ) ;
#2376 = DIRECTION ( 'NONE',  ( 0.0000000000000000000, 0.0000000000000000000, -1.000000000000000000 ) ) ;
#2377 = EDGE_CURVE ( 'NONE', #994, #921, #3053, .T. ) ;
#2378 = EDGE_CURVE ( 'NONE', #1147, #1100, #2994, .T. ) ;
#2379 = AXIS2_PLACEMENT_3D ( 'NONE', #3121, #1438, #674 ) ;
#2380 = SURFACE_STYLE_FILL_AREA ( #2849 ) ;
#2381 = ORIENTED_EDGE ( 'NONE', *, *, #3495, .F. ) ;
#2382 = FACE_OUTER_BOUND ( 'NONE', #1338, .T. ) ;
#2383 = CARTESIAN_POINT ( 'NONE',  ( 0.0000000000000000000, 0.1377952755905511861, 0.07283464566929134798 ) ) ;
#2384 = ORIENTED_EDGE ( 'NONE', *, *, #1925, .T. ) ;
#2385 = CARTESIAN_POINT ( 'NONE',  ( -0.1282216153882259901, -0.04242765514639196961, 0.1023622047244094474 ) ) ;
#2386 = ADVANCED_FACE ( 'NONE', ( #527 ), #3256, .F. ) ;
#2387 = LINE ( 'NONE', #784, #543 ) ;
#2388 = CARTESIAN_POINT ( 'NONE',  ( -0.08858267716535432601, 0.1299212598425196763, 0.08858267716535432601 ) ) ;
#2389 = CIRCLE ( 'NONE', #333, 0.007874015748031499423 ) ;
#2390 = EDGE_LOOP ( 'NONE', ( #781, #188 ) ) ;
#2391 = DIRECTION ( 'NONE',  ( -1.000000000000000000, 0.0000000000000000000, 0.0000000000000000000 ) ) ;
#2392 = CARTESIAN_POINT ( 'NONE',  ( 0.1352200082310885954, -0.04603634211220338640, -0.07480314960629921850 ) ) ;
#2393 = CYLINDRICAL_SURFACE ( 'NONE', #893, 0.005905511811023620231 ) ;
#2394 = EDGE_LOOP ( 'NONE', ( #348, #555, #1815, #276 ) ) ;
#2395 = VERTEX_POINT ( 'NONE', #226 ) ;
#2396 =( LENGTH_UNIT ( ) NAMED_UNIT ( * ) SI_UNIT ( $, .METRE. ) );
#2397 = LINE ( 'NONE', #794, #2197 ) ;
#2398 = ORIENTED_EDGE ( 'NONE', *, *, #855, .T. ) ;
#2399 = ORIENTED_EDGE ( 'NONE', *, *, #1787, .T. ) ;
#2400 = PLANE ( 'NONE',  #2533 ) ;
#2401 = EDGE_CURVE ( 'NONE', #2879, #472, #83, .T. ) ;
#2402 = CARTESIAN_POINT ( 'NONE',  ( 0.1122047244094488277, 0.1299212598425196763, 0.1181102362204724532 ) ) ;
#2403 = DIRECTION ( 'NONE',  ( 0.0000000000000000000, 0.0000000000000000000, 1.000000000000000000 ) ) ;
#2404 = EDGE_LOOP ( 'NONE', ( #554, #1852, #3402, #108, #3115, #1518 ) ) ;
#2405 = PLANE ( 'NONE',  #2139 ) ;
#2406 = DIRECTION ( 'NONE',  ( 0.0000000000000000000, -1.000000000000000000, 0.0000000000000000000 ) ) ;
#2407 = EDGE_CURVE ( 'NONE', #2241, #408, #1870, .T. ) ;
#2408 = ORIENTED_EDGE ( 'NONE', *, *, #2664, .F. ) ;
#2409 = DIRECTION ( 'NONE',  ( 0.4153637994577553672, -0.8055226371389487827, -0.4226182617407003850 ) ) ;
#2410 =( NAMED_UNIT ( * ) PLANE_ANGLE_UNIT ( ) SI_UNIT ( $, .RADIAN. ) );
#2411 = VERTEX_POINT ( 'NONE', #3230 ) ;
#2412 = ORIENTED_EDGE ( 'NONE', *, *, #2941, .F. ) ;
#2413 = DIRECTION ( 'NONE',  ( 0.0000000000000000000, 0.0000000000000000000, -1.000000000000000000 ) ) ;
#2414 = EDGE_CURVE ( 'NONE', #3177, #2711, #1010, .T. ) ;
#2415 = DIRECTION ( 'NONE',  ( 0.0000000000000000000, 0.0000000000000000000, -1.000000000000000000 ) ) ;
#2416 = ORIENTED_EDGE ( 'NONE', *, *, #2966, .T. ) ;
#2417 = CLOSED_SHELL ( 'NONE', ( #73, #740, #3081, #2732, #823, #2076, #1241, #1193, #1215, #918, #1138, #3191, #2108, #519, #282 ) ) ;
#2418 = DIRECTION ( 'NONE',  ( 0.0000000000000000000, 1.000000000000000000, 0.0000000000000000000 ) ) ;
#2419 = FACE_OUTER_BOUND ( 'NONE', #380, .T. ) ;
#2420 = DIRECTION ( 'NONE',  ( 0.0000000000000000000, 0.0000000000000000000, 1.000000000000000000 ) ) ;
#2421 = CIRCLE ( 'NONE', #771, 0.02362204724409448092 ) ;
#2422 = EDGE_CURVE ( 'NONE', #2792, #3104, #2819, .T. ) ;
#2423 = EDGE_CURVE ( 'NONE', #3211, #1643, #1052, .T. ) ;
#2424 = VECTOR ( 'NONE', #3538, 39.37007874015748143 ) ;
#2425 = AXIS2_PLACEMENT_3D ( 'NONE', #523, #2441, #541 ) ;
#2426 = AXIS2_PLACEMENT_3D ( 'NONE', #1097, #2785, #328 ) ;
#2427 = CYLINDRICAL_SURFACE ( 'NONE', #1746, 0.005905511811023620231 ) ;
#2428 = ORIENTED_EDGE ( 'NONE', *, *, #2777, .F. ) ;
#2429 = DIRECTION ( 'NONE',  ( 0.0000000000000000000, 0.0000000000000000000, -1.000000000000000000 ) ) ;
#2430 = AXIS2_PLACEMENT_3D ( 'NONE', #2178, #3209, #1337 ) ;
#2431 = CARTESIAN_POINT ( 'NONE',  ( -0.1189390950157675347, -0.001605939811570186943, 0.1023622047244094474 ) ) ;
#2432 = VECTOR ( 'NONE', #2272, 39.37007874015748143 ) ;
#2433 = ORIENTED_EDGE ( 'NONE', *, *, #1673, .F. ) ;
#2434 = ORIENTED_EDGE ( 'NONE', *, *, #2565, .T. ) ;
#2435 = DIRECTION ( 'NONE',  ( 0.0000000000000000000, 0.0000000000000000000, -1.000000000000000000 ) ) ;
#2436 = VECTOR ( 'NONE', #1933, 39.37007874015748143 ) ;
#2437 = LINE ( 'NONE', #1686, #837 ) ;
#2438 = DIRECTION ( 'NONE',  ( 0.0000000000000000000, 0.0000000000000000000, -1.000000000000000000 ) ) ;
#2439 = VERTEX_POINT ( 'NONE', #2162 ) ;
#2440 = VECTOR ( 'NONE', #1961, 39.37007874015748143 ) ;
#2441 = DIRECTION ( 'NONE',  ( 0.1936873206075088449, 0.3756213745151027461, 0.9063077870366497146 ) ) ;
#2442 = CARTESIAN_POINT ( 'NONE',  ( -0.1189390950157675347, -0.001605939811570186943, 0.07480314960629921850 ) ) ;
#2443 = VECTOR ( 'NONE', #2369, 39.37007874015748143 ) ;
#2444 = ADVANCED_FACE ( 'NONE', ( #211 ), #2393, .T. ) ;
#2445 = DIRECTION ( 'NONE',  ( 0.0000000000000000000, 1.000000000000000000, 0.0000000000000000000 ) ) ;
#2446 = EDGE_LOOP ( 'NONE', ( #2672, #926, #2323, #1441 ) ) ;
#2447 = FACE_OUTER_BOUND ( 'NONE', #1526, .T. ) ;
#2448 = DIRECTION ( 'NONE',  ( 1.000000000000000000, 0.0000000000000000000, 0.0000000000000000000 ) ) ;
#2449 = EDGE_CURVE ( 'NONE', #3281, #1029, #1310, .T. ) ;
#2450 = ORIENTED_EDGE ( 'NONE', *, *, #2407, .T. ) ;
#2451 = PLANE ( 'NONE',  #1742 ) ;
#2452 = CARTESIAN_POINT ( 'NONE',  ( -0.1417324530478622224, -0.03149606299212598381, 0.07480314960629921850 ) ) ;
#2453 = DIRECTION ( 'NONE',  ( 0.0000000000000000000, 0.0000000000000000000, -1.000000000000000000 ) ) ;
#2454 = VERTEX_POINT ( 'NONE', #2963 ) ;
#2455 = DIRECTION ( 'NONE',  ( -1.000000000000000000, 0.0000000000000000000, 0.0000000000000000000 ) ) ;
#2456 = APPLICATION_PROTOCOL_DEFINITION ( 'draft international standard', 'automotive_design', 1998, #274 ) ;
#2457 = EDGE_CURVE ( 'NONE', #1949, #382, #3245, .T. ) ;
#2458 = DIRECTION ( 'NONE',  ( 0.0000000000000000000, 0.0000000000000000000, 1.000000000000000000 ) ) ;
#2459 = ORIENTED_EDGE ( 'NONE', *, *, #981, .F. ) ;
#2460 = FACE_OUTER_BOUND ( 'NONE', #2446, .T. ) ;
#2461 = LINE ( 'NONE', #1343, #3164 ) ;
#2462 = EDGE_LOOP ( 'NONE', ( #624, #2408, #1917, #2060 ) ) ;
#2463 = ORIENTED_EDGE ( 'NONE', *, *, #1532, .T. ) ;
#2464 = DIRECTION ( 'NONE',  ( 1.000000000000000000, 0.0000000000000000000, 0.0000000000000000000 ) ) ;
#2465 = EDGE_CURVE ( 'NONE', #796, #3001, #510, .T. ) ;
#2466 = DIRECTION ( 'NONE',  ( -0.4465975813569838526, -0.8947349329975285981, 0.0000000000000000000 ) ) ;
#2467 = DIRECTION ( 'NONE',  ( 0.0000000000000000000, 1.000000000000000000, 0.0000000000000000000 ) ) ;
#2468 = ORIENTED_EDGE ( 'NONE', *, *, #198, .T. ) ;
#2469 = DIRECTION ( 'NONE',  ( 0.8887958910435519444, -0.4583032446580520558, 0.0000000000000000000 ) ) ;
#2470 = CARTESIAN_POINT ( 'NONE',  ( -0.1338584372998307126, -0.03149606299212598381, -0.1023622047244094474 ) ) ;
#2471 = AXIS2_PLACEMENT_3D ( 'NONE', #1670, #305, #922 ) ;
#2472 = DIRECTION ( 'NONE',  ( 0.0000000000000000000, 0.0000000000000000000, 1.000000000000000000 ) ) ;
#2473 = CIRCLE ( 'NONE', #1390, 0.07283464566929134798 ) ;
#2474 = VERTEX_POINT ( 'NONE', #3482 ) ;
#2475 = CIRCLE ( 'NONE', #75, 0.06765548959564783582 ) ;
#2476 = LINE ( 'NONE', #30, #1640 ) ;
#2477 = CIRCLE ( 'NONE', #942, 0.005905511811023620231 ) ;
#2478 =( GEOMETRIC_REPRESENTATION_CONTEXT ( 3 ) GLOBAL_UNCERTAINTY_ASSIGNED_CONTEXT ( ( #2943 ) ) GLOBAL_UNIT_ASSIGNED_CONTEXT ( ( #84, #1766, #731 ) ) REPRESENTATION_CONTEXT ( 'NONE', 'WORKASPACE' ) );
#2479 = ORIENTED_EDGE ( 'NONE', *, *, #251, .T. ) ;
#2480 = VERTEX_POINT ( 'NONE', #2128 ) ;
#2481 = VECTOR ( 'NONE', #3186, 39.37007874015748143 ) ;
#2482 = AXIS2_PLACEMENT_3D ( 'NONE', #3393, #3127, #3142 ) ;
#2483 = EDGE_CURVE ( 'NONE', #2772, #217, #3278, .T. ) ;
#2484 = LINE ( 'NONE', #3301, #544 ) ;
#2485 = ADVANCED_FACE ( 'NONE', ( #3516 ), #2427, .T. ) ;
#2486 = AXIS2_PLACEMENT_3D ( 'NONE', #185, #1779, #2335 ) ;
#2487 = CARTESIAN_POINT ( 'NONE',  ( -0.1338584372998307126, -0.03149606299212598381, -0.1023622047244094474 ) ) ;
#2488 = CARTESIAN_POINT ( 'NONE',  ( -8.437527159479795937E-18, 0.1299212598425196763, -0.06889763779527559306 ) ) ;
#2489 = DIRECTION ( 'NONE',  ( 0.0000000000000000000, 1.000000000000000000, 0.0000000000000000000 ) ) ;
#2490 = ORIENTED_EDGE ( 'NONE', *, *, #2706, .T. ) ;
#2491 = DIRECTION ( 'NONE',  ( 0.0000000000000000000, 0.0000000000000000000, 1.000000000000000000 ) ) ;
#2492 = DIRECTION ( 'NONE',  ( -1.000000000000000000, 0.0000000000000000000, 0.0000000000000000000 ) ) ;
#2493 = AXIS2_PLACEMENT_3D ( 'NONE', #969, #2038, #1482 ) ;
#2494 = FACE_OUTER_BOUND ( 'NONE', #1827, .T. ) ;
#2495 = MECHANICAL_DESIGN_GEOMETRIC_PRESENTATION_REPRESENTATION (  '', ( #2318 ), #722 ) ;
#2496 = ADVANCED_FACE ( 'NONE', ( #3533 ), #1843, .T. ) ;
#2497 = EDGE_CURVE ( 'NONE', #1765, #3458, #2313, .T. ) ;
#2498 = VECTOR ( 'NONE', #927, 39.37007874015748143 ) ;
#2499 = ORIENTED_EDGE ( 'NONE', *, *, #1859, .T. ) ;
#2500 = CARTESIAN_POINT ( 'NONE',  ( -0.1259842519685039353, 0.001910576577067484277, 0.1023622047244094474 ) ) ;
#2501 = VECTOR ( 'NONE', #439, 39.37007874015748143 ) ;
#2502 = ORIENTED_EDGE ( 'NONE', *, *, #3396, .T. ) ;
#2503 = DIRECTION ( 'NONE',  ( 1.000000000000000000, 0.0000000000000000000, 0.0000000000000000000 ) ) ;
#2504 = DIRECTION ( 'NONE',  ( 0.0000000000000000000, -1.000000000000000000, 0.0000000000000000000 ) ) ;
#2505 = DIRECTION ( 'NONE',  ( 0.0000000000000000000, 0.0000000000000000000, 1.000000000000000000 ) ) ;
#2506 = CARTESIAN_POINT ( 'NONE',  ( 0.1122047244094488277, 0.1377952755905511861, 0.1122047244094488277 ) ) ;
#2507 = ORIENTED_EDGE ( 'NONE', *, *, #1224, .T. ) ;
#2508 = EDGE_CURVE ( 'NONE', #1192, #169, #2635, .T. ) ;
#2509 = LINE ( 'NONE', #2239, #2708 ) ;
#2510 = CARTESIAN_POINT ( 'NONE',  ( -0.1181102362204724532, 0.02755905511811023584, -0.1023622047244094474 ) ) ;
#2511 = SURFACE_SIDE_STYLE ('',( #924 ) ) ;
#2512 = VERTEX_POINT ( 'NONE', #454 ) ;
#2513 = VERTEX_POINT ( 'NONE', #3151 ) ;
#2514 = CYLINDRICAL_SURFACE ( 'NONE', #3292, 0.005905511811023620231 ) ;
#2515 = ORIENTED_EDGE ( 'NONE', *, *, #838, .T. ) ;
#2516 = VERTEX_POINT ( 'NONE', #1805 ) ;
#2517 = DIRECTION ( 'NONE',  ( 0.0000000000000000000, 0.0000000000000000000, -1.000000000000000000 ) ) ;
#2518 = CARTESIAN_POINT ( 'NONE',  ( 0.08858267716535432601, 0.1496062992125984370, 0.08858267716535432601 ) ) ;
#2519 = CARTESIAN_POINT ( 'NONE',  ( -0.1417324530478622224, -0.03149606299212598381, 0.1023622047244094474 ) ) ;
#2520 = FACE_OUTER_BOUND ( 'NONE', #1326, .T. ) ;
#2521 = ORIENTED_EDGE ( 'NONE', *, *, #838, .F. ) ;
#2522 = CARTESIAN_POINT ( 'NONE',  ( -0.1181102362204724532, 0.1299212598425196763, -0.1181102362204724532 ) ) ;
#2523 = DIRECTION ( 'NONE',  ( 0.0000000000000000000, 1.000000000000000000, 0.0000000000000000000 ) ) ;
#2524 = CARTESIAN_POINT ( 'NONE',  ( 0.1181102362204724532, 0.1299212598425196763, 0.1181102362204724532 ) ) ;
#2525 = EDGE_CURVE ( 'NONE', #1182, #2792, #2887, .T. ) ;
#2526 = EDGE_CURVE ( 'NONE', #1949, #3215, #2945, .T. ) ;
#2527 = CARTESIAN_POINT ( 'NONE',  ( -0.1352200082310885954, -0.04603634211220338640, -0.1023622047244094474 ) ) ;
#2528 = ORIENTED_EDGE ( 'NONE', *, *, #2122, .T. ) ;
#2529 = FACE_OUTER_BOUND ( 'NONE', #2579, .T. ) ;
#2530 = VECTOR ( 'NONE', #598, 39.37007874015748143 ) ;
#2531 = VERTEX_POINT ( 'NONE', #153 ) ;
#2532 = LENGTH_MEASURE_WITH_UNIT ( LENGTH_MEASURE( 0.02539999999999999897 ), #863 );
#2533 = AXIS2_PLACEMENT_3D ( 'NONE', #2681, #3239, #3216 ) ;
#2534 = CARTESIAN_POINT ( 'NONE',  ( -0.08858267716535432601, 0.1496062992125984370, -0.08858267716535432601 ) ) ;
#2535 = PLANE ( 'NONE',  #887 ) ;
#2536 = DIRECTION ( 'NONE',  ( 1.000000000000000000, 0.0000000000000000000, 0.0000000000000000000 ) ) ;
#2537 = AXIS2_PLACEMENT_3D ( 'NONE', #3011, #3485, #3212 ) ;
#2538 = VERTEX_POINT ( 'NONE', #1557 ) ;
#2539 = VECTOR ( 'NONE', #2014, 39.37007874015748143 ) ;
#2540 = CARTESIAN_POINT ( 'NONE',  ( -0.08858267716535432601, 0.1496062992125984370, 0.06496062992125983815 ) ) ;
#2541 = CARTESIAN_POINT ( 'NONE',  ( 0.1189390950157675347, -0.001605939811570186943, -0.07480314960629921850 ) ) ;
#2542 = CIRCLE ( 'NONE', #2371, 0.02362204724409448092 ) ;
#2543 = VECTOR ( 'NONE', #660, 39.37007874015748143 ) ;
#2544 = EDGE_LOOP ( 'NONE', ( #1894, #2073, #131, #3282, #2618, #2797, #3000, #2268, #1845, #2063, #1878 ) ) ;
#2545 = AXIS2_PLACEMENT_3D ( 'NONE', #2315, #1748, #3365 ) ;
#2546 = FACE_OUTER_BOUND ( 'NONE', #1464, .T. ) ;
#2547 = EDGE_LOOP ( 'NONE', ( #2969, #2651, #396, #2624 ) ) ;
#2548 = EDGE_CURVE ( 'NONE', #397, #1643, #440, .T. ) ;
#2549 = DIRECTION ( 'NONE',  ( 0.0000000000000000000, -1.000000000000000000, 0.0000000000000000000 ) ) ;
#2550 = CARTESIAN_POINT ( 'NONE',  ( 0.1189390950157675347, -0.001605939811570186943, -0.07480314960629921850 ) ) ;
#2551 = EDGE_LOOP ( 'NONE', ( #531, #1697 ) ) ;
#2552 = ORIENTED_EDGE ( 'NONE', *, *, #2483, .T. ) ;
#2553 = CIRCLE ( 'NONE', #849, 0.007874015748031499423 ) ;
#2554 = CARTESIAN_POINT ( 'NONE',  ( 0.1259842519685039353, 0.02755905511811023584, 0.1023622047244094474 ) ) ;
#2555 = EDGE_CURVE ( 'NONE', #2922, #3281, #417, .T. ) ;
#2556 = LINE ( 'NONE', #902, #357 ) ;
#2557 = DIRECTION ( 'NONE',  ( -1.000000000000000000, 0.0000000000000000000, 0.0000000000000000000 ) ) ;
#2558 = ORIENTED_EDGE ( 'NONE', *, *, #2266, .T. ) ;
#2559 = CARTESIAN_POINT ( 'NONE',  ( 0.1181102362204724532, 0.003937007874015747977, -0.04921259842519685318 ) ) ;
#2560 = CARTESIAN_POINT ( 'NONE',  ( 0.08858267716535432601, 0.1299212598425196763, 0.08858267716535432601 ) ) ;
#2561 = EDGE_LOOP ( 'NONE', ( #673, #1324 ) ) ;
#2562 = ORIENTED_EDGE ( 'NONE', *, *, #1477, .F. ) ;
#2563 = ORIENTED_EDGE ( 'NONE', *, *, #1598, .F. ) ;
#2564 = LINE ( 'NONE', #915, #668 ) ;
#2565 = EDGE_CURVE ( 'NONE', #890, #1562, #432, .T. ) ;
#2566 = ORIENTED_EDGE ( 'NONE', *, *, #389, .F. ) ;
#2567 = DIRECTION ( 'NONE',  ( 1.000000000000000000, 0.0000000000000000000, 0.0000000000000000000 ) ) ;
#2568 = FACE_OUTER_BOUND ( 'NONE', #3310, .T. ) ;
#2569 = CARTESIAN_POINT ( 'NONE',  ( 0.1259842519685039353, 0.001910576577067484277, -0.1023622047244094474 ) ) ;
#2570 = PLANE ( 'NONE',  #1405 ) ;
#2571 = ORIENTED_EDGE ( 'NONE', *, *, #235, .T. ) ;
#2572 = DIRECTION ( 'NONE',  ( 0.0000000000000000000, 0.0000000000000000000, 1.000000000000000000 ) ) ;
#2573 = PRESENTATION_STYLE_ASSIGNMENT (( #682 ) ) ;
#2574 = CARTESIAN_POINT ( 'NONE',  ( -0.1417324530478622224, -0.03149606299212598381, -0.1023622047244094474 ) ) ;
#2575 = ORIENTED_EDGE ( 'NONE', *, *, #61, .T. ) ;
#2576 = EDGE_CURVE ( 'NONE', #2411, #1841, #3515, .T. ) ;
#2577 = ORIENTED_EDGE ( 'NONE', *, *, #1707, .F. ) ;
#2578 = DIRECTION ( 'NONE',  ( 0.0000000000000000000, 1.000000000000000000, 0.0000000000000000000 ) ) ;
#2579 = EDGE_LOOP ( 'NONE', ( #89, #3083, #402, #1730, #3097, #1679, #675, #1452, #1947, #1435, #843 ) ) ;
#2580 = DIRECTION ( 'NONE',  ( 0.0000000000000000000, 1.000000000000000000, 0.0000000000000000000 ) ) ;
#2581 = DIRECTION ( 'NONE',  ( 0.0000000000000000000, 0.0000000000000000000, -1.000000000000000000 ) ) ;
#2582 = DIRECTION ( 'NONE',  ( 0.0000000000000000000, 0.0000000000000000000, -1.000000000000000000 ) ) ;
#2583 = VECTOR ( 'NONE', #1550, 39.37007874015748143 ) ;
#2584 = PLANE ( 'NONE',  #1057 ) ;
#2585 = ORIENTED_EDGE ( 'NONE', *, *, #1880, .T. ) ;
#2586 = CARTESIAN_POINT ( 'NONE',  ( -0.1338584372998307126, -0.03149606299212598381, -0.1023622047244094474 ) ) ;
#2587 = VECTOR ( 'NONE', #2953, 39.37007874015748143 ) ;
#2588 = ADVANCED_FACE ( 'NONE', ( #1286 ), #662, .T. ) ;
#2589 = AXIS2_PLACEMENT_3D ( 'NONE', #2347, #1821, #2330 ) ;
#2590 = EDGE_CURVE ( 'NONE', #3522, #1246, #2370, .T. ) ;
#2591 = DIRECTION ( 'NONE',  ( 0.0000000000000000000, -1.000000000000000000, 0.0000000000000000000 ) ) ;
#2592 = MECHANICAL_DESIGN_GEOMETRIC_PRESENTATION_REPRESENTATION (  '', ( #258 ), #1228 ) ;
#2593 = DIRECTION ( 'NONE',  ( 0.0000000000000000000, 1.000000000000000000, 0.0000000000000000000 ) ) ;
#2594 = EDGE_LOOP ( 'NONE', ( #78, #1074, #1596, #33, #1298, #3029 ) ) ;
#2595 = CARTESIAN_POINT ( 'NONE',  ( 7.803557178039512243E-18, 0.1653543307086614012, -0.06372088004045453613 ) ) ;
#2596 = VECTOR ( 'NONE', #1483, 39.37007874015748143 ) ;
#2597 = DIRECTION ( 'NONE',  ( 0.0000000000000000000, -1.000000000000000000, 0.0000000000000000000 ) ) ;
#2598 = EDGE_CURVE ( 'NONE', #2970, #3012, #168, .T. ) ;
#2599 = ORIENTED_EDGE ( 'NONE', *, *, #2867, .T. ) ;
#2600 = FACE_OUTER_BOUND ( 'NONE', #1225, .T. ) ;
#2601 = CIRCLE ( 'NONE', #2658, 0.06372088004045453613 ) ;
#2602 = DIRECTION ( 'NONE',  ( 0.4465975813569838526, -0.8947349329975285981, 0.0000000000000000000 ) ) ;
#2603 = AXIS2_PLACEMENT_3D ( 'NONE', #2093, #3424, #3484 ) ;
#2604 = ORIENTED_EDGE ( 'NONE', *, *, #165, .T. ) ;
#2605 = LINE ( 'NONE', #443, #899 ) ;
#2606 = CARTESIAN_POINT ( 'NONE',  ( -0.1181102362204724532, 0.03543307086614173179, -0.07480314960629921850 ) ) ;
#2607 = DIRECTION ( 'NONE',  ( 0.0000000000000000000, -1.000000000000000000, 0.0000000000000000000 ) ) ;
#2608 = CARTESIAN_POINT ( 'NONE',  ( -0.1408568301426933178, -0.03510474995793744224, 0.07480314960629921850 ) ) ;
#2609 = VERTEX_POINT ( 'NONE', #1575 ) ;
#2610 = CARTESIAN_POINT ( 'NONE',  ( -0.1189390950157675347, -0.001605939811570186943, 0.07480314960629921850 ) ) ;
#2611 = DIRECTION ( 'NONE',  ( 0.0000000000000000000, -1.000000000000000000, 0.0000000000000000000 ) ) ;
#2612 = SURFACE_SIDE_STYLE ('',( #431 ) ) ;
#2613 = EDGE_CURVE ( 'NONE', #1885, #3194, #2715, .T. ) ;
#2614 = LINE ( 'NONE', #2077, #3158 ) ;
#2615 = VERTEX_POINT ( 'NONE', #763 ) ;
#2616 = DIRECTION ( 'NONE',  ( 1.000000000000000000, 0.0000000000000000000, 0.0000000000000000000 ) ) ;
#2617 = DIRECTION ( 'NONE',  ( -0.4153637994577553672, -0.8055226371389487827, -0.4226182617407003850 ) ) ;
#2618 = ORIENTED_EDGE ( 'NONE', *, *, #3102, .F. ) ;
#2619 = CARTESIAN_POINT ( 'NONE',  ( -0.1181102362204724532, 0.03543307086614173179, 0.1023622047244094474 ) ) ;
#2620 = ORIENTED_EDGE ( 'NONE', *, *, #2158, .F. ) ;
#2621 = DIRECTION ( 'NONE',  ( 0.0000000000000000000, 0.0000000000000000000, 1.000000000000000000 ) ) ;
#2622 =( NAMED_UNIT ( * ) PLANE_ANGLE_UNIT ( ) SI_UNIT ( $, .RADIAN. ) );
#2623 = DIRECTION ( 'NONE',  ( 1.000000000000000000, 0.0000000000000000000, 0.0000000000000000000 ) ) ;
#2624 = ORIENTED_EDGE ( 'NONE', *, *, #1613, .F. ) ;
#2625 = FACE_OUTER_BOUND ( 'NONE', #1442, .T. ) ;
#2626 = FACE_OUTER_BOUND ( 'NONE', #53, .T. ) ;
#2627 = LINE ( 'NONE', #1015, #940 ) ;
#2628 = EDGE_LOOP ( 'NONE', ( #1194, #1197, #767, #2294 ) ) ;
#2629 = CARTESIAN_POINT ( 'NONE',  ( -0.1259842519685039353, 0.001910576577067480157, 0.07480314960629921850 ) ) ;
#2630 = CARTESIAN_POINT ( 'NONE',  ( 0.1408568301426933178, -0.03510474995793744224, -0.1023622047244094474 ) ) ;
#2631 = EDGE_LOOP ( 'NONE', ( #3305, #2862 ) ) ;
#2632 = DIRECTION ( 'NONE',  ( 0.0000000000000000000, 0.0000000000000000000, -1.000000000000000000 ) ) ;
#2633 = EDGE_CURVE ( 'NONE', #1054, #2856, #1000, .T. ) ;
#2634 = EDGE_CURVE ( 'NONE', #1801, #3237, #3172, .T. ) ;
#2635 = LINE ( 'NONE', #2065, #783 ) ;
#2636 = ORIENTED_EDGE ( 'NONE', *, *, #3042, .T. ) ;
#2637 = FACE_OUTER_BOUND ( 'NONE', #2394, .T. ) ;
#2638 =( NAMED_UNIT ( * ) SI_UNIT ( $, .STERADIAN. ) SOLID_ANGLE_UNIT ( ) );
#2639 = CARTESIAN_POINT ( 'NONE',  ( 0.1338584372998307126, -0.03149606299212598381, 0.1023622047244094474 ) ) ;
#2640 = ORIENTED_EDGE ( 'NONE', *, *, #2867, .F. ) ;
#2641 = ORIENTED_EDGE ( 'NONE', *, *, #330, .T. ) ;
#2642 = SURFACE_STYLE_FILL_AREA ( #718 ) ;
#2643 = VECTOR ( 'NONE', #3414, 39.37007874015748143 ) ;
#2644 = CARTESIAN_POINT ( 'NONE',  ( -0.08858267716535432601, 0.1496062992125984370, -0.1122047244094488139 ) ) ;
#2645 = AXIS2_PLACEMENT_3D ( 'NONE', #2569, #2505, #372 ) ;
#2646 = EDGE_LOOP ( 'NONE', ( #721, #3238, #2566, #858 ) ) ;
#2647 = AXIS2_PLACEMENT_3D ( 'NONE', #2900, #1796, #2311 ) ;
#2648 = DIRECTION ( 'NONE',  ( -2.168404344971010446E-15, -1.000000000000000000, 0.0000000000000000000 ) ) ;
#2649 = CARTESIAN_POINT ( 'NONE',  ( -0.1181102362204724532, 0.1377952755905511861, 0.1122047244094488277 ) ) ;
#2650 = AXIS2_PLACEMENT_3D ( 'NONE', #542, #2157, #3254 ) ;
#2651 = ORIENTED_EDGE ( 'NONE', *, *, #3442, .F. ) ;
#2652 = DIRECTION ( 'NONE',  ( 0.0000000000000000000, -1.000000000000000000, 0.0000000000000000000 ) ) ;
#2653 = DIRECTION ( 'NONE',  ( 0.0000000000000000000, 0.0000000000000000000, -1.000000000000000000 ) ) ;
#2654 = VECTOR ( 'NONE', #2709, 39.37007874015748143 ) ;
#2655 = EDGE_CURVE ( 'NONE', #112, #1351, #2601, .T. ) ;
#2656 = ORIENTED_EDGE ( 'NONE', *, *, #2284, .F. ) ;
#2657 = ORIENTED_EDGE ( 'NONE', *, *, #1007, .T. ) ;
#2658 = AXIS2_PLACEMENT_3D ( 'NONE', #3370, #65, #1430 ) ;
#2659 = CARTESIAN_POINT ( 'NONE',  ( 0.08858267716535432601, 0.1377952755905511861, 0.06496062992125983815 ) ) ;
#2660 = PLANE ( 'NONE',  #364 ) ;
#2661 = CIRCLE ( 'NONE', #1126, 0.02362204724409448092 ) ;
#2662 = ORIENTED_EDGE ( 'NONE', *, *, #3131, .F. ) ;
#2663 = ORIENTED_EDGE ( 'NONE', *, *, #405, .T. ) ;
#2664 = EDGE_CURVE ( 'NONE', #1841, #2879, #391, .T. ) ;
#2665 = DIRECTION ( 'NONE',  ( 0.0000000000000000000, 0.0000000000000000000, 1.000000000000000000 ) ) ;
#2666 = ORIENTED_EDGE ( 'NONE', *, *, #447, .T. ) ;
#2667 = DIRECTION ( 'NONE',  ( 0.0000000000000000000, -1.000000000000000000, 0.0000000000000000000 ) ) ;
#2668 = DIRECTION ( 'NONE',  ( -0.4583032446580520558, -0.8887958910435519444, 0.0000000000000000000 ) ) ;
#2669 = CARTESIAN_POINT ( 'NONE',  ( 0.1338584372998307126, -0.03149606299212598381, -0.1023622047244094474 ) ) ;
#2670 = EDGE_CURVE ( 'NONE', #445, #3449, #1469, .T. ) ;
#2671 = CARTESIAN_POINT ( 'NONE',  ( -0.08858267716535432601, 0.1496062992125984370, -0.08858267716535432601 ) ) ;
#2672 = ORIENTED_EDGE ( 'NONE', *, *, #548, .F. ) ;
#2673 = ORIENTED_EDGE ( 'NONE', *, *, #981, .T. ) ;
#2674 = LINE ( 'NONE', #2659, #3283 ) ;
#2675 = SURFACE_STYLE_USAGE ( .BOTH. , #2372 ) ;
#2676 = DIRECTION ( 'NONE',  ( 0.4465975813569838526, -0.8947349329975285981, 0.0000000000000000000 ) ) ;
#2677 = ADVANCED_FACE ( 'NONE', ( #1146 ), #3075, .F. ) ;
#2678 = DIRECTION ( 'NONE',  ( 0.0000000000000000000, 0.0000000000000000000, 1.000000000000000000 ) ) ;
#2679 = ORIENTED_EDGE ( 'NONE', *, *, #1871, .T. ) ;
#2680 = EDGE_LOOP ( 'NONE', ( #1453, #3423, #647, #1275 ) ) ;
#2681 = CARTESIAN_POINT ( 'NONE',  ( 0.1083935435132570846, -0.03220340707415822457, 0.07480314960629921850 ) ) ;
#2682 = EDGE_CURVE ( 'NONE', #2773, #2309, #629, .T. ) ;
#2683 = ADVANCED_FACE ( 'NONE', ( #2520 ), #2020, .T. ) ;
#2684 = CARTESIAN_POINT ( 'NONE',  ( -0.1259842519685039353, 0.001910576577067484277, 0.1023622047244094474 ) ) ;
#2685 = ORIENTED_EDGE ( 'NONE', *, *, #1051, .F. ) ;
#2686 = DIRECTION ( 'NONE',  ( 0.0000000000000000000, 0.0000000000000000000, -1.000000000000000000 ) ) ;
#2687 = FACE_OUTER_BOUND ( 'NONE', #2628, .T. ) ;
#2688 = CARTESIAN_POINT ( 'NONE',  ( 0.1181102362204724532, 0.001910576577067484277, 0.1023622047244094474 ) ) ;
#2689 = ORIENTED_EDGE ( 'NONE', *, *, #1896, .F. ) ;
#2690 = DIRECTION ( 'NONE',  ( -1.000000000000000000, 0.0000000000000000000, 0.0000000000000000000 ) ) ;
#2691 = DIMENSIONAL_EXPONENTS ( 1.000000000000000000, 0.0000000000000000000, 0.0000000000000000000, 0.0000000000000000000, 0.0000000000000000000, 0.0000000000000000000, 0.0000000000000000000 ) ;
#2692 = ORIENTED_EDGE ( 'NONE', *, *, #358, .T. ) ;
#2693 = ORIENTED_EDGE ( 'NONE', *, *, #2576, .T. ) ;
#2694 =( CONVERSION_BASED_UNIT ( 'INCH', #247 ) LENGTH_UNIT ( ) NAMED_UNIT ( #525 ) );
#2695 = PLANE ( 'NONE',  #2374 ) ;
#2696 = CARTESIAN_POINT ( 'NONE',  ( -0.1185480476730569055, -0.06118778250134625923, 0.08464566929133858497 ) ) ;
#2697 = EDGE_LOOP ( 'NONE', ( #2656, #1911, #212, #2781 ) ) ;
#2698 = ADVANCED_FACE ( 'NONE', ( #612 ), #2570, .T. ) ;
#2699 = LINE ( 'NONE', #256, #1795 ) ;
#2700 = FACE_OUTER_BOUND ( 'NONE', #966, .T. ) ;
#2701 = VECTOR ( 'NONE', #2914, 39.37007874015748143 ) ;
#2702 = CIRCLE ( 'NONE', #130, 0.007874015748031499423 ) ;
#2703 = AXIS2_PLACEMENT_3D ( 'NONE', #117, #3319, #2299 ) ;
#2704 =( NAMED_UNIT ( * ) PLANE_ANGLE_UNIT ( ) SI_UNIT ( $, .RADIAN. ) );
#2705 = MECHANICAL_DESIGN_GEOMETRIC_PRESENTATION_REPRESENTATION (  '', ( #1970 ), #1289 ) ;
#2706 = EDGE_CURVE ( 'NONE', #3472, #890, #664, .T. ) ;
#2707 = CONICAL_SURFACE ( 'NONE', #3455, 0.06889763779527559306, 0.03490658503988665340 ) ;
#2708 = VECTOR ( 'NONE', #2228, 39.37007874015748143 ) ;
#2709 = DIRECTION ( 'NONE',  ( -0.8887958910435519444, 0.4583032446580520558, 0.0000000000000000000 ) ) ;
#2710 = EDGE_LOOP ( 'NONE', ( #3487, #980, #2769, #2815 ) ) ;
#2711 = VERTEX_POINT ( 'NONE', #88 ) ;
#2712 = CARTESIAN_POINT ( 'NONE',  ( -0.08858267716535432601, 0.1299212598425196763, 0.1122047244094488139 ) ) ;
#2713 = AXIS2_PLACEMENT_3D ( 'NONE', #1706, #2185, #627 ) ;
#2714 = DIRECTION ( 'NONE',  ( 0.0000000000000000000, -1.000000000000000000, 0.0000000000000000000 ) ) ;
#2715 = CIRCLE ( 'NONE', #1071, 0.007874015748031499423 ) ;
#2716 = ORIENTED_EDGE ( 'NONE', *, *, #1931, .T. ) ;
#2717 = CYLINDRICAL_SURFACE ( 'NONE', #831, 0.007874015748031499423 ) ;
#2718 = AXIS2_PLACEMENT_3D ( 'NONE', #3467, #1809, #213 ) ;
#2719 = FACE_OUTER_BOUND ( 'NONE', #3120, .T. ) ;
#2720 = EDGE_LOOP ( 'NONE', ( #2056, #2292, #3039, #2098 ) ) ;
#2721 = DIRECTION ( 'NONE',  ( 0.0000000000000000000, 0.0000000000000000000, 1.000000000000000000 ) ) ;
#2722 = DIRECTION ( 'NONE',  ( 1.000000000000000000, 0.0000000000000000000, 0.0000000000000000000 ) ) ;
#2723 = ADVANCED_FACE ( 'NONE', ( #1485 ), #1186, .T. ) ;
#2724 = VECTOR ( 'NONE', #468, 39.37007874015748143 ) ;
#2725 = UNCERTAINTY_MEASURE_WITH_UNIT (LENGTH_MEASURE( 1.000000000000000082E-05 ), #3473, 'distance_accuracy_value', 'NONE');
#2726 = DIRECTION ( 'NONE',  ( -0.9779175499833030472, 0.0000000000000000000, -0.2089910654421710257 ) ) ;
#2727 = ORIENTED_EDGE ( 'NONE', *, *, #3338, .F. ) ;
#2728 = CARTESIAN_POINT ( 'NONE',  ( 0.08858267716535432601, 0.1377952755905511861, 0.08858267716535432601 ) ) ;
#2729 = CARTESIAN_POINT ( 'NONE',  ( 0.1181102362204724532, 0.1377952755905511861, 0.1181102362204724532 ) ) ;
#2730 = ORIENTED_EDGE ( 'NONE', *, *, #2664, .T. ) ;
#2731 = ORIENTED_EDGE ( 'NONE', *, *, #961, .T. ) ;
#2732 = ADVANCED_FACE ( 'NONE', ( #3091 ), #3320, .T. ) ;
#2733 = LINE ( 'NONE', #556, #1740 ) ;
#2734 = DIRECTION ( 'NONE',  ( -2.168404344971010446E-15, -1.000000000000000000, 0.0000000000000000000 ) ) ;
#2735 = LINE ( 'NONE', #1887, #1053 ) ;
#2736 = ORIENTED_EDGE ( 'NONE', *, *, #2234, .F. ) ;
#2737 = LINE ( 'NONE', #1942, #478 ) ;
#2738 = FACE_BOUND ( 'NONE', #3293, .T. ) ;
#2739 = LINE ( 'NONE', #3445, #3390 ) ;
#2740 = ORIENTED_EDGE ( 'NONE', *, *, #1613, .T. ) ;
#2741 = ADVANCED_FACE ( 'NONE', ( #2780 ), #1130, .T. ) ;
#2742 = LINE ( 'NONE', #805, #2886 ) ;
#2743 = CARTESIAN_POINT ( 'NONE',  ( -0.1259842519685039353, 0.02755905511811023584, 0.1023622047244094474 ) ) ;
#2744 = EDGE_LOOP ( 'NONE', ( #1611, #1547 ) ) ;
#2745 = CARTESIAN_POINT ( 'NONE',  ( -0.1181102362204724532, 0.1299212598425196763, -0.1122047244094488277 ) ) ;
#2746 = CARTESIAN_POINT ( 'NONE',  ( 0.1181102362204724532, 0.001910576577067484277, 0.07480314960629921850 ) ) ;
#2747 = CARTESIAN_POINT ( 'NONE',  ( 0.1255464405159194829, -0.06479646946715768296, 0.09251968503937008093 ) ) ;
#2748 = ORIENTED_EDGE ( 'NONE', *, *, #146, .T. ) ;
#2749 = DIRECTION ( 'NONE',  ( 0.4583032446580520558, -0.8887958910435519444, 0.0000000000000000000 ) ) ;
#2750 = FACE_OUTER_BOUND ( 'NONE', #449, .T. ) ;
#2751 = FACE_BOUND ( 'NONE', #3478, .T. ) ;
#2752 = ORIENTED_EDGE ( 'NONE', *, *, #632, .T. ) ;
#2753 = AXIS2_PLACEMENT_3D ( 'NONE', #1302, #2593, #976 ) ;
#2754 = CARTESIAN_POINT ( 'NONE',  ( -0.1181102362204724532, 0.1299212598425196763, 0.1122047244094488277 ) ) ;
#2755 = ORIENTED_EDGE ( 'NONE', *, *, #1859, .F. ) ;
#2756 = CIRCLE ( 'NONE', #772, 0.02362204724409448092 ) ;
#2757 = CARTESIAN_POINT ( 'NONE',  ( -0.1181102362204724532, 0.1299212598425196763, -0.04921259842519685318 ) ) ;
#2758 = CIRCLE ( 'NONE', #2138, 0.007874015748031499423 ) ;
#2759 = AXIS2_PLACEMENT_3D ( 'NONE', #3431, #1238, #1257 ) ;
#2760 = ADVANCED_FACE ( 'NONE', ( #827 ), #2695, .F. ) ;
#2761 = ORIENTED_EDGE ( 'NONE', *, *, #2633, .F. ) ;
#2762 = AXIS2_PLACEMENT_3D ( 'NONE', #2124, #436, #1591 ) ;
#2763 = VECTOR ( 'NONE', #2070, 39.37007874015748143 ) ;
#2764 = CARTESIAN_POINT ( 'NONE',  ( -0.1122047244094488277, 0.1299212598425196763, -0.1181102362204724532 ) ) ;
#2765 = VECTOR ( 'NONE', #301, 39.37007874015748143 ) ;
#2766 = CARTESIAN_POINT ( 'NONE',  ( 0.08858267716535432601, 0.1377952755905511861, -0.06496062992125983815 ) ) ;
#2767 = CARTESIAN_POINT ( 'NONE',  ( 0.1338584372998307126, -0.03149606299212598381, 0.1023622047244094474 ) ) ;
#2768 = CARTESIAN_POINT ( 'NONE',  ( -0.1408568301426933178, -0.03510474995793744224, -0.1023622047244094474 ) ) ;
#2769 = ORIENTED_EDGE ( 'NONE', *, *, #2457, .T. ) ;
#2770 = DIRECTION ( 'NONE',  ( -0.4465975813569838526, 0.8947349329975285981, 0.0000000000000000000 ) ) ;
#2771 = FACE_OUTER_BOUND ( 'NONE', #2091, .T. ) ;
#2772 = VERTEX_POINT ( 'NONE', #2452 ) ;
#2773 = VERTEX_POINT ( 'NONE', #588 ) ;
#2774 = EDGE_LOOP ( 'NONE', ( #2641, #2840, #996, #601 ) ) ;
#2775 = CARTESIAN_POINT ( 'NONE',  ( 0.0000000000000000000, 0.1299212598425196763, 0.0000000000000000000 ) ) ;
#2776 = ORIENTED_EDGE ( 'NONE', *, *, #1372, .F. ) ;
#2777 = EDGE_CURVE ( 'NONE', #2978, #1303, #1349, .T. ) ;
#2778 = LINE ( 'NONE', #321, #1296 ) ;
#2779 = DIRECTION ( 'NONE',  ( 0.8887958910435520554, 0.4583032446580521113, 0.0000000000000000000 ) ) ;
#2780 = FACE_OUTER_BOUND ( 'NONE', #1311, .T. ) ;
#2781 = ORIENTED_EDGE ( 'NONE', *, *, #2590, .T. ) ;
#2782 = LINE ( 'NONE', #54, #937 ) ;
#2783 = LINE ( 'NONE', #55, #650 ) ;
#2784 = EDGE_CURVE ( 'NONE', #1505, #3246, #2186, .T. ) ;
#2785 = DIRECTION ( 'NONE',  ( 0.8947349329975287091, -0.4465975813569839081, 0.0000000000000000000 ) ) ;
#2786 = CARTESIAN_POINT ( 'NONE',  ( 0.08858267716535432601, 0.1496062992125984370, -0.06496062992125983815 ) ) ;
#2787 = VERTEX_POINT ( 'NONE', #1951 ) ;
#2788 = CYLINDRICAL_SURFACE ( 'NONE', #3055, 0.02362204724409448092 ) ;
#2789 = EDGE_CURVE ( 'NONE', #1384, #2531, #2437, .T. ) ;
#2790 = ORIENTED_EDGE ( 'NONE', *, *, #458, .T. ) ;
#2791 = FACE_OUTER_BOUND ( 'NONE', #2547, .T. ) ;
#2792 = VERTEX_POINT ( 'NONE', #13 ) ;
#2793 = SURFACE_STYLE_USAGE ( .BOTH. , #1389 ) ;
#2794 = CARTESIAN_POINT ( 'NONE',  ( 0.08858267716535432601, 0.1299212598425196763, -0.06496062992125983815 ) ) ;
#2795 = CARTESIAN_POINT ( 'NONE',  ( 0.0000000000000000000, 0.1692913385826771699, 0.06372088004045453613 ) ) ;
#2796 = DIRECTION ( 'NONE',  ( 0.4583032446580521113, -0.8887958910435520554, 0.0000000000000000000 ) ) ;
#2797 = ORIENTED_EDGE ( 'NONE', *, *, #359, .F. ) ;
#2798 = CYLINDRICAL_SURFACE ( 'NONE', #1294, 0.007874015748031499423 ) ;
#2799 = DIRECTION ( 'NONE',  ( 0.0000000000000000000, 0.0000000000000000000, -1.000000000000000000 ) ) ;
#2800 = SURFACE_STYLE_USAGE ( .BOTH. , #2511 ) ;
#2801 = EDGE_CURVE ( 'NONE', #3177, #2516, #2172, .T. ) ;
#2802 = ORIENTED_EDGE ( 'NONE', *, *, #1109, .F. ) ;
#2803 = ORIENTED_EDGE ( 'NONE', *, *, #359, .T. ) ;
#2804 = CARTESIAN_POINT ( 'NONE',  ( 0.1185480476730569055, -0.06118778250134625923, -0.09251968503937008093 ) ) ;
#2805 = ADVANCED_FACE ( 'NONE', ( #3525 ), #1080, .F. ) ;
#2806 = VECTOR ( 'NONE', #1819, 39.37007874015748143 ) ;
#2807 = VECTOR ( 'NONE', #1879, 39.37007874015748143 ) ;
#2808 = ORIENTED_EDGE ( 'NONE', *, *, #961, .F. ) ;
#2809 = AXIS2_PLACEMENT_3D ( 'NONE', #1103, #2182, #3248 ) ;
#2810 = LINE ( 'NONE', #711, #2543 ) ;
#2811 = LINE ( 'NONE', #2832, #1348 ) ;
#2812 = DIRECTION ( 'NONE',  ( 0.0000000000000000000, 1.000000000000000000, 0.0000000000000000000 ) ) ;
#2813 = CARTESIAN_POINT ( 'NONE',  ( -0.1185480476730569055, -0.06118778250134625923, 0.1023622047244094474 ) ) ;
#2814 = AXIS2_PLACEMENT_3D ( 'NONE', #1108, #1650, #3072 ) ;
#2815 = ORIENTED_EDGE ( 'NONE', *, *, #1223, .F. ) ;
#2816 = CIRCLE ( 'NONE', #1173, 0.007874015748031499423 ) ;
#2817 = DIRECTION ( 'NONE',  ( 0.0000000000000000000, 1.000000000000000000, 0.0000000000000000000 ) ) ;
#2818 = DIRECTION ( 'NONE',  ( 0.0000000000000000000, 0.0000000000000000000, 1.000000000000000000 ) ) ;
#2819 = CIRCLE ( 'NONE', #2997, 0.005905511811023620231 ) ;
#2820 = ORIENTED_EDGE ( 'NONE', *, *, #2655, .T. ) ;
#2821 = AXIS2_PLACEMENT_3D ( 'NONE', #2487, #572, #1393 ) ;
#2822 = ORIENTED_EDGE ( 'NONE', *, *, #3031, .F. ) ;
#2823 = EDGE_CURVE ( 'NONE', #3528, #2223, #3017, .T. ) ;
#2824 = AXIS2_PLACEMENT_3D ( 'NONE', #2246, #384, #3331 ) ;
#2825 = ORIENTED_EDGE ( 'NONE', *, *, #1880, .F. ) ;
#2826 = CARTESIAN_POINT ( 'NONE',  ( -0.1338584372998307126, -0.03149606299212598381, -0.07480314960629921850 ) ) ;
#2827 = EDGE_CURVE ( 'NONE', #397, #2513, #2999, .T. ) ;
#2828 = VERTEX_POINT ( 'NONE', #1666 ) ;
#2829 = CARTESIAN_POINT ( 'NONE',  ( 0.1181102362204724532, 0.03543307086614173179, -0.1023622047244094474 ) ) ;
#2830 = AXIS2_PLACEMENT_3D ( 'NONE', #23, #241, #545 ) ;
#2831 = CARTESIAN_POINT ( 'NONE',  ( 0.1338584372998307126, -0.03149606299212598381, 0.1023622047244094474 ) ) ;
#2832 = CARTESIAN_POINT ( 'NONE',  ( 0.1255464405159194829, -0.06479646946715768296, -0.1023622047244094474 ) ) ;
#2833 = DIRECTION ( 'NONE',  ( 1.000000000000000000, 0.0000000000000000000, 0.0000000000000000000 ) ) ;
#2834 = VERTEX_POINT ( 'NONE', #302 ) ;
#2835 = DIRECTION ( 'NONE',  ( 1.445602896647339903E-16, 0.0000000000000000000, 1.000000000000000000 ) ) ;
#2836 = PLANE ( 'NONE',  #3511 ) ;
#2837 = CARTESIAN_POINT ( 'NONE',  ( 0.0000000000000000000, 0.1377952755905511861, 0.0000000000000000000 ) ) ;
#2838 = ADVANCED_FACE ( 'NONE', ( #1632 ), #38, .T. ) ;
#2839 = ORIENTED_EDGE ( 'NONE', *, *, #2924, .F. ) ;
#2840 = ORIENTED_EDGE ( 'NONE', *, *, #1133, .F. ) ;
#2841 = VERTEX_POINT ( 'NONE', #403 ) ;
#2842 = CARTESIAN_POINT ( 'NONE',  ( 0.1181102362204724532, 0.1377952755905511861, 0.1122047244094488277 ) ) ;
#2843 = EDGE_CURVE ( 'NONE', #700, #1659, #206, .T. ) ;
#2844 = EDGE_CURVE ( 'NONE', #1601, #1500, #1252, .T. ) ;
#2845 = ORIENTED_EDGE ( 'NONE', *, *, #1150, .T. ) ;
#2846 = CARTESIAN_POINT ( 'NONE',  ( -0.1181102362204724532, 0.03543307086614173179, -0.1023622047244094474 ) ) ;
#2847 = CARTESIAN_POINT ( 'NONE',  ( 0.08858267716535432601, 0.1377952755905511861, -0.1122047244094488139 ) ) ;
#2848 = FACE_OUTER_BOUND ( 'NONE', #1849, .T. ) ;
#2849 = FILL_AREA_STYLE ('',( #1009 ) ) ;
#2850 = ORIENTED_EDGE ( 'NONE', *, *, #3185, .T. ) ;
#2851 = FACE_OUTER_BOUND ( 'NONE', #2227, .T. ) ;
#2852 = EDGE_CURVE ( 'NONE', #683, #1595, #2015, .T. ) ;
#2853 = DIRECTION ( 'NONE',  ( 0.0000000000000000000, 0.0000000000000000000, 1.000000000000000000 ) ) ;
#2854 = EDGE_CURVE ( 'NONE', #2711, #1104, #2810, .T. ) ;
#2855 = DIRECTION ( 'NONE',  ( 0.0000000000000000000, 1.000000000000000000, 0.0000000000000000000 ) ) ;
#2856 = VERTEX_POINT ( 'NONE', #1210 ) ;
#2857 = CARTESIAN_POINT ( 'NONE',  ( -0.08858267716535432601, 0.1299212598425196763, -0.08858267716535432601 ) ) ;
#2858 = DIRECTION ( 'NONE',  ( 0.0000000000000000000, 1.000000000000000000, 0.0000000000000000000 ) ) ;
#2859 = ORIENTED_EDGE ( 'NONE', *, *, #116, .T. ) ;
#2860 = CARTESIAN_POINT ( 'NONE',  ( -0.1352200082310885954, -0.04603634211220338640, 0.07480314960629921850 ) ) ;
#2861 = CARTESIAN_POINT ( 'NONE',  ( -0.1409035942525671270, -0.02797954660348830891, -0.1023622047244094474 ) ) ;
#2862 = ORIENTED_EDGE ( 'NONE', *, *, #1223, .T. ) ;
#2863 = FACE_OUTER_BOUND ( 'NONE', #2129, .T. ) ;
#2864 = CARTESIAN_POINT ( 'NONE',  ( -0.08858267716535432601, 0.1377952755905511861, -0.08858267716535432601 ) ) ;
#2865 = PLANE ( 'NONE',  #86 ) ;
#2866 = DIRECTION ( 'NONE',  ( 0.0000000000000000000, 0.0000000000000000000, -1.000000000000000000 ) ) ;
#2867 = EDGE_CURVE ( 'NONE', #2949, #3298, #1753, .T. ) ;
#2868 = VECTOR ( 'NONE', #1094, 39.37007874015748143 ) ;
#2869 = CIRCLE ( 'NONE', #1964, 0.06372088004045453613 ) ;
#2870 = LINE ( 'NONE', #1546, #1509 ) ;
#2871 = ORIENTED_EDGE ( 'NONE', *, *, #698, .F. ) ;
#2872 = PLANE ( 'NONE',  #2298 ) ;
#2873 = AXIS2_PLACEMENT_3D ( 'NONE', #3486, #1375, #1884 ) ;
#2874 = VECTOR ( 'NONE', #106, 39.37007874015748143 ) ;
#2875 = FILL_AREA_STYLE ('',( #1792 ) ) ;
#2876 = COLOUR_RGB ( '',0.8313725490196077761, 0.8392156862745098200, 0.8313725490196077761 ) ;
#2877 = AXIS2_PLACEMENT_3D ( 'NONE', #1465, #1427, #2517 ) ;
#2878 = CARTESIAN_POINT ( 'NONE',  ( -0.1185480476730569055, -0.06118778250134625923, -0.09251968503937008093 ) ) ;
#2879 = VERTEX_POINT ( 'NONE', #2053 ) ;
#2880 = FACE_OUTER_BOUND ( 'NONE', #3065, .T. ) ;
#2881 = AXIS2_PLACEMENT_3D ( 'NONE', #2534, #3368, #678 ) ;
#2882 = CARTESIAN_POINT ( 'NONE',  ( 0.1181102362204724532, 0.001910576577067484277, -0.1023622047244094474 ) ) ;
#2883 = VECTOR ( 'NONE', #3464, 39.37007874015748143 ) ;
#2884 = ORIENTED_EDGE ( 'NONE', *, *, #3131, .T. ) ;
#2885 = DIRECTION ( 'NONE',  ( 0.0000000000000000000, 1.000000000000000000, 0.0000000000000000000 ) ) ;
#2886 = VECTOR ( 'NONE', #2996, 39.37007874015748143 ) ;
#2887 = LINE ( 'NONE', #745, #949 ) ;
#2888 = DIRECTION ( 'NONE',  ( 0.0000000000000000000, 0.0000000000000000000, 1.000000000000000000 ) ) ;
#2889 = LINE ( 'NONE', #187, #2312 ) ;
#2890 = ORIENTED_EDGE ( 'NONE', *, *, #57, .F. ) ;
#2891 = CARTESIAN_POINT ( 'NONE',  ( 0.1181102362204724532, 0.1377952755905511861, 0.1122047244094488277 ) ) ;
#2892 = FACE_OUTER_BOUND ( 'NONE', #538, .T. ) ;
#2893 = FACE_OUTER_BOUND ( 'NONE', #1423, .T. ) ;
#2894 = ORIENTED_EDGE ( 'NONE', *, *, #287, .T. ) ;
#2895 = DIRECTION ( 'NONE',  ( 0.0000000000000000000, -0.9238015285048950531, 0.3828716964363119701 ) ) ;
#2896 = CARTESIAN_POINT ( 'NONE',  ( -0.08858267716535432601, 0.1496062992125984370, -0.1122047244094488139 ) ) ;
#2897 = ORIENTED_EDGE ( 'NONE', *, *, #1490, .F. ) ;
#2898 = EDGE_CURVE ( 'NONE', #2342, #315, #606, .T. ) ;
#2899 = EDGE_CURVE ( 'NONE', #1177, #3346, #3124, .T. ) ;
#2900 = CARTESIAN_POINT ( 'NONE',  ( -0.1338584372998307126, -0.03149606299212598381, 0.1023622047244094474 ) ) ;
#2901 = DIRECTION ( 'NONE',  ( 0.0000000000000000000, 0.0000000000000000000, 1.000000000000000000 ) ) ;
#2902 = ORIENTED_EDGE ( 'NONE', *, *, #2423, .F. ) ;
#2903 = CARTESIAN_POINT ( 'NONE',  ( 0.1181102362204724532, 0.02755905511811023584, 0.1023622047244094474 ) ) ;
#2904 = DIRECTION ( 'NONE',  ( 0.0000000000000000000, -1.000000000000000000, 0.0000000000000000000 ) ) ;
#2905 = CARTESIAN_POINT ( 'NONE',  ( 0.1259842519685039353, 0.001910576577067484277, 0.1023622047244094474 ) ) ;
#2906 = VERTEX_POINT ( 'NONE', #1999 ) ;
#2907 = PLANE ( 'NONE',  #2718 ) ;
#2908 = DIRECTION ( 'NONE',  ( -0.4583032446580520558, -0.8887958910435519444, 0.0000000000000000000 ) ) ;
#2909 = DIRECTION ( 'NONE',  ( 0.0000000000000000000, 1.000000000000000000, 0.0000000000000000000 ) ) ;
#2910 = CYLINDRICAL_SURFACE ( 'NONE', #1221, 0.007874015748031499423 ) ;
#2911 = ORIENTED_EDGE ( 'NONE', *, *, #1571, .T. ) ;
#2912 = CARTESIAN_POINT ( 'NONE',  ( 0.1189390950157675347, -0.001605939811570186943, 0.1023622047244094474 ) ) ;
#2913 = DIRECTION ( 'NONE',  ( 0.0000000000000000000, 0.0000000000000000000, -1.000000000000000000 ) ) ;
#2914 = DIRECTION ( 'NONE',  ( 0.4153637994577553672, 0.8055226371389487827, 0.4226182617407003850 ) ) ;
#2915 = ORIENTED_EDGE ( 'NONE', *, *, #3512, .T. ) ;
#2916 = PLANE ( 'NONE',  #1737 ) ;
#2917 = DIRECTION ( 'NONE',  ( -0.8887958910435519444, 0.4583032446580520558, 0.0000000000000000000 ) ) ;
#2918 = ADVANCED_FACE ( 'NONE', ( #1784 ), #2865, .F. ) ;
#2919 = ORIENTED_EDGE ( 'NONE', *, *, #1571, .F. ) ;
#2920 = CARTESIAN_POINT ( 'NONE',  ( -0.08858267716535432601, 0.1377952755905511861, 0.08858267716535432601 ) ) ;
#2921 = CARTESIAN_POINT ( 'NONE',  ( 0.0000000000000000000, 0.1653543307086614012, 0.0000000000000000000 ) ) ;
#2922 = VERTEX_POINT ( 'NONE', #114 ) ;
#2923 = ORIENTED_EDGE ( 'NONE', *, *, #2407, .F. ) ;
#2924 = EDGE_CURVE ( 'NONE', #2439, #2480, #951, .T. ) ;
#2925 = CARTESIAN_POINT ( 'NONE',  ( 0.1185480476730569055, -0.06118778250134625923, -0.1023622047244094474 ) ) ;
#2926 = FACE_OUTER_BOUND ( 'NONE', #3300, .T. ) ;
#2927 = CARTESIAN_POINT ( 'NONE',  ( -0.1338584372998307126, -0.03149606299212598381, 0.1023622047244094474 ) ) ;
#2928 = EDGE_LOOP ( 'NONE', ( #2028, #2463 ) ) ;
#2929 = VERTEX_POINT ( 'NONE', #2606 ) ;
#2930 = VECTOR ( 'NONE', #576, 39.37007874015748143 ) ;
#2931 = DIRECTION ( 'NONE',  ( -1.000000000000000000, 0.0000000000000000000, 0.0000000000000000000 ) ) ;
#2932 = VECTOR ( 'NONE', #2120, 39.37007874015748143 ) ;
#2933 = VERTEX_POINT ( 'NONE', #1466 ) ;
#2934 = VECTOR ( 'NONE', #800, 39.37007874015748143 ) ;
#2935 = DIRECTION ( 'NONE',  ( 1.000000000000000000, -0.0000000000000000000, 1.224646799147353207E-16 ) ) ;
#2936 = LINE ( 'NONE', #451, #423 ) ;
#2937 = VECTOR ( 'NONE', #407, 39.37007874015748143 ) ;
#2938 = AXIS2_PLACEMENT_3D ( 'NONE', #34, #1782, #386 ) ;
#2939 = PRESENTATION_LAYER_ASSIGNMENT (  '', '', ( #1628 ) ) ;
#2940 = AXIS2_PLACEMENT_3D ( 'NONE', #1432, #3342, #1692 ) ;
#2941 = EDGE_CURVE ( 'NONE', #1648, #683, #1014, .T. ) ;
#2942 = DIRECTION ( 'NONE',  ( 0.0000000000000000000, 0.0000000000000000000, -1.000000000000000000 ) ) ;
#2943 = UNCERTAINTY_MEASURE_WITH_UNIT (LENGTH_MEASURE( 1.000000000000000082E-05 ), #84, 'distance_accuracy_value', 'NONE');
#2944 = DIRECTION ( 'NONE',  ( 1.000000000000000000, 0.0000000000000000000, 0.0000000000000000000 ) ) ;
#2945 = CIRCLE ( 'NONE', #1404, 0.02362204724409448092 ) ;
#2946 = DIRECTION ( 'NONE',  ( 1.000000000000000000, 0.0000000000000000000, 0.0000000000000000000 ) ) ;
#2947 = ORIENTED_EDGE ( 'NONE', *, *, #3271, .T. ) ;
#2948 = EDGE_CURVE ( 'NONE', #1054, #2218, #2320, .T. ) ;
#2949 = VERTEX_POINT ( 'NONE', #2244 ) ;
#2950 = VECTOR ( 'NONE', #677, 39.37007874015748143 ) ;
#2951 = CARTESIAN_POINT ( 'NONE',  ( -0.1338584372998307126, -0.03149606299212598381, 0.07480314960629921850 ) ) ;
#2952 = VECTOR ( 'NONE', #1865, 39.37007874015748143 ) ;
#2953 = DIRECTION ( 'NONE',  ( -0.4583032446580520558, -0.8887958910435519444, 0.0000000000000000000 ) ) ;
#2954 = ORIENTED_EDGE ( 'NONE', *, *, #548, .T. ) ;
#2955 = EDGE_LOOP ( 'NONE', ( #2201, #1493, #1962, #881 ) ) ;
#2956 = LINE ( 'NONE', #1875, #313 ) ;
#2957 = EDGE_CURVE ( 'NONE', #220, #7, #95, .T. ) ;
#2958 = DIRECTION ( 'NONE',  ( 0.0000000000000000000, 1.000000000000000000, 0.0000000000000000000 ) ) ;
#2959 = VERTEX_POINT ( 'NONE', #2262 ) ;
#2960 = FACE_OUTER_BOUND ( 'NONE', #3345, .T. ) ;
#2961 = CYLINDRICAL_SURFACE ( 'NONE', #829, 0.02362204724409448092 ) ;
#2962 =( LENGTH_UNIT ( ) NAMED_UNIT ( * ) SI_UNIT ( $, .METRE. ) );
#2963 = CARTESIAN_POINT ( 'NONE',  ( -0.1259842519685039353, 0.02755905511811023584, -0.1023622047244094474 ) ) ;
#2964 = VERTEX_POINT ( 'NONE', #2527 ) ;
#2965 = DIRECTION ( 'NONE',  ( 1.000000000000000000, 0.0000000000000000000, 0.0000000000000000000 ) ) ;
#2966 = EDGE_CURVE ( 'NONE', #2309, #1500, #892, .T. ) ;
#2967 = EDGE_CURVE ( 'NONE', #2454, #3540, #360, .T. ) ;
#2968 = CARTESIAN_POINT ( 'NONE',  ( 0.1259842519685039353, 0.001910576577067480157, -0.07480314960629921850 ) ) ;
#2969 = ORIENTED_EDGE ( 'NONE', *, *, #3297, .F. ) ;
#2970 = VERTEX_POINT ( 'NONE', #3347 ) ;
#2971 = CARTESIAN_POINT ( 'NONE',  ( -0.1122047244094488277, 0.1377952755905511861, 0.1181102362204724532 ) ) ;
#2972 = ORIENTED_EDGE ( 'NONE', *, *, #1871, .F. ) ;
#2973 = LINE ( 'NONE', #3290, #2934 ) ;
#2974 = EDGE_CURVE ( 'NONE', #2218, #2834, #913, .T. ) ;
#2975 = ADVANCED_FACE ( 'NONE', ( #2546 ), #2788, .T. ) ;
#2976 = LINE ( 'NONE', #815, #1288 ) ;
#2977 = DIRECTION ( 'NONE',  ( 0.0000000000000000000, 0.0000000000000000000, -1.000000000000000000 ) ) ;
#2978 = VERTEX_POINT ( 'NONE', #50 ) ;
#2979 = CARTESIAN_POINT ( 'NONE',  ( -0.1408568301426933178, -0.03510474995793744224, 0.1023622047244094474 ) ) ;
#2980 = PLANE ( 'NONE',  #129 ) ;
#2981 = EDGE_LOOP ( 'NONE', ( #2184, #1095, #2727, #1690 ) ) ;
#2982 = CARTESIAN_POINT ( 'NONE',  ( -0.1282216153882259901, -0.04242765514639196961, -0.07480314960629921850 ) ) ;
#2983 = EDGE_CURVE ( 'NONE', #830, #1475, #2214, .T. ) ;
#2984 = CARTESIAN_POINT ( 'NONE',  ( 0.1181102362204724532, 0.1299212598425196763, -0.1181102362204724532 ) ) ;
#2985 = CARTESIAN_POINT ( 'NONE',  ( -0.1181102362204724532, 0.1299212598425196763, -0.1181102362204724532 ) ) ;
#2986 = DIRECTION ( 'NONE',  ( 0.0000000000000000000, -1.000000000000000000, 0.0000000000000000000 ) ) ;
#2987 = ORIENTED_EDGE ( 'NONE', *, *, #582, .T. ) ;
#2988 = CARTESIAN_POINT ( 'NONE',  ( 0.1338584372998307126, -0.03149606299212598381, -0.1023622047244094474 ) ) ;
#2989 = AXIS2_PLACEMENT_3D ( 'NONE', #1185, #2812, #1721 ) ;
#2990 = VECTOR ( 'NONE', #3242, 39.37007874015748854 ) ;
#2991 =( LENGTH_UNIT ( ) NAMED_UNIT ( * ) SI_UNIT ( $, .METRE. ) );
#2992 = AXIS2_PLACEMENT_3D ( 'NONE', #1299, #197, #1759 ) ;
#2993 = VECTOR ( 'NONE', #1123, 39.37007874015748143 ) ;
#2994 = LINE ( 'NONE', #789, #2089 ) ;
#2995 = ORIENTED_EDGE ( 'NONE', *, *, #2145, .F. ) ;
#2996 = DIRECTION ( 'NONE',  ( 0.0000000000000000000, 0.0000000000000000000, -1.000000000000000000 ) ) ;
#2997 = AXIS2_PLACEMENT_3D ( 'NONE', #1073, #2445, #1909 ) ;
#2998 = CARTESIAN_POINT ( 'NONE',  ( -0.1255464405159194829, -0.06479646946715768296, 0.09251968503937008093 ) ) ;
#2999 = CIRCLE ( 'NONE', #2821, 0.007874015748031499423 ) ;
#3000 = ORIENTED_EDGE ( 'NONE', *, *, #1982, .F. ) ;
#3001 = VERTEX_POINT ( 'NONE', #2746 ) ;
#3002 = LINE ( 'NONE', #571, #1293 ) ;
#3003 = CARTESIAN_POINT ( 'NONE',  ( -0.1189390950157675347, -0.001605939811570186943, -0.1023622047244094474 ) ) ;
#3004 = DIRECTION ( 'NONE',  ( 0.0000000000000000000, 1.000000000000000000, -2.168404344971010446E-15 ) ) ;
#3005 = ORIENTED_EDGE ( 'NONE', *, *, #1386, .F. ) ;
#3006 = CARTESIAN_POINT ( 'NONE',  ( -0.1408568301426933178, -0.03510474995793744224, 0.07480314960629921850 ) ) ;
#3007 = LINE ( 'NONE', #2442, #2249 ) ;
#3008 = ADVANCED_FACE ( 'NONE', ( #3285 ), #847, .T. ) ;
#3009 = EDGE_CURVE ( 'NONE', #1029, #639, #1412, .T. ) ;
#3010 = AXIS2_PLACEMENT_3D ( 'NONE', #3227, #1099, #787 ) ;
#3011 = CARTESIAN_POINT ( 'NONE',  ( -0.1181102362204724532, 0.03543307086614173179, -0.1023622047244094474 ) ) ;
#3012 = VERTEX_POINT ( 'NONE', #2488 ) ;
#3013 = LINE ( 'NONE', #584, #493 ) ;
#3014 = EDGE_LOOP ( 'NONE', ( #2897, #506, #159, #2845 ) ) ;
#3015 = ORIENTED_EDGE ( 'NONE', *, *, #2941, .T. ) ;
#3016 = CARTESIAN_POINT ( 'NONE',  ( -0.1259842519685039353, 0.001910576577067484277, 0.07480314960629921850 ) ) ;
#3017 = LINE ( 'NONE', #2766, #1975 ) ;
#3018 = CARTESIAN_POINT ( 'NONE',  ( 0.1181102362204724532, 0.003937007874015747977, 0.04921259842519685318 ) ) ;
#3019 = EDGE_LOOP ( 'NONE', ( #1270, #630 ) ) ;
#3020 = CARTESIAN_POINT ( 'NONE',  ( -0.08858267716535432601, 0.1377952755905511861, 0.08858267716535432601 ) ) ;
#3021 = CARTESIAN_POINT ( 'NONE',  ( -0.1259842519685039353, 0.02755905511811023584, 0.1023622047244094474 ) ) ;
#3022 = ADVANCED_FACE ( 'NONE', ( #865 ), #2066, .T. ) ;
#3023 = DIRECTION ( 'NONE',  ( 0.8887958910435520554, 0.4583032446580521113, 0.0000000000000000000 ) ) ;
#3024 = ORIENTED_EDGE ( 'NONE', *, *, #2555, .T. ) ;
#3025 = SURFACE_STYLE_FILL_AREA ( #1641 ) ;
#3026 = EDGE_CURVE ( 'NONE', #1882, #2828, #2090, .T. ) ;
#3027 = DIRECTION ( 'NONE',  ( -0.4465975813569838526, 0.8947349329975285981, 0.0000000000000000000 ) ) ;
#3028 = MANIFOLD_SOLID_BREP ( 'Imported6', #884 ) ;
#3029 = ORIENTED_EDGE ( 'NONE', *, *, #3042, .F. ) ;
#3030 = CARTESIAN_POINT ( 'NONE',  ( 8.919671568592926781E-18, 0.1299212598425196763, -0.07283464566929134798 ) ) ;
#3031 = EDGE_CURVE ( 'NONE', #2232, #3194, #2146, .T. ) ;
#3032 = ORIENTED_EDGE ( 'NONE', *, *, #1982, .T. ) ;
#3033 = CARTESIAN_POINT ( 'NONE',  ( -0.08858267716535432601, 0.1299212598425196763, 0.08858267716535432601 ) ) ;
#3034 = DIRECTION ( 'NONE',  ( 0.0000000000000000000, 0.0000000000000000000, 1.000000000000000000 ) ) ;
#3035 = DIRECTION ( 'NONE',  ( 0.0000000000000000000, 0.0000000000000000000, 1.000000000000000000 ) ) ;
#3036 = ORIENTED_EDGE ( 'NONE', *, *, #3297, .T. ) ;
#3037 = LINE ( 'NONE', #1941, #2930 ) ;
#3038 = LINE ( 'NONE', #3078, #2198 ) ;
#3039 = ORIENTED_EDGE ( 'NONE', *, *, #56, .F. ) ;
#3040 = ORIENTED_EDGE ( 'NONE', *, *, #3202, .F. ) ;
#3041 = VECTOR ( 'NONE', #699, 39.37007874015748143 ) ;
#3042 = EDGE_CURVE ( 'NONE', #3324, #2834, #2605, .T. ) ;
#3043 = CIRCLE ( 'NONE', #2703, 0.005905511811023620231 ) ;
#3044 = ORIENTED_EDGE ( 'NONE', *, *, #269, .T. ) ;
#3045 = VECTOR ( 'NONE', #1775, 39.37007874015748854 ) ;
#3046 = DIRECTION ( 'NONE',  ( 0.0000000000000000000, 0.0000000000000000000, -1.000000000000000000 ) ) ;
#3047 = VECTOR ( 'NONE', #1840, 39.37007874015748854 ) ;
#3048 = VECTOR ( 'NONE', #3201, 39.37007874015748143 ) ;
#3049 = ADVANCED_FACE ( 'NONE', ( #189 ), #2375, .F. ) ;
#3050 = ADVANCED_FACE ( 'NONE', ( #2637 ), #498, .T. ) ;
#3051 = CARTESIAN_POINT ( 'NONE',  ( 0.1280139404404702919, -0.04283040298287204423, 0.07501445166377776474 ) ) ;
#3052 = ORIENTED_EDGE ( 'NONE', *, *, #1478, .F. ) ;
#3053 = CIRCLE ( 'NONE', #262, 0.02362204724409448092 ) ;
#3054 = CARTESIAN_POINT ( 'NONE',  ( 0.1259842519685039353, 0.02755905511811023584, 0.1023622047244094474 ) ) ;
#3055 = AXIS2_PLACEMENT_3D ( 'NONE', #1687, #2504, #2209 ) ;
#3056 = CARTESIAN_POINT ( 'NONE',  ( 0.0000000000000000000, 0.1377952755905511861, 0.0000000000000000000 ) ) ;
#3057 = CARTESIAN_POINT ( 'NONE',  ( -0.1185480476730569055, -0.06118778250134625923, -0.1023622047244094474 ) ) ;
#3058 = EDGE_LOOP ( 'NONE', ( #1082, #2021, #3353, #2839 ) ) ;
#3059 = FACE_OUTER_BOUND ( 'NONE', #1206, .T. ) ;
#3060 = CYLINDRICAL_SURFACE ( 'NONE', #2080, 0.007874015748031499423 ) ;
#3061 = VECTOR ( 'NONE', #3196, 39.37007874015748143 ) ;
#3062 = EDGE_CURVE ( 'NONE', #3298, #1029, #3233, .T. ) ;
#3063 = CIRCLE ( 'NONE', #788, 0.007874015748031499423 ) ;
#3064 = VERTEX_POINT ( 'NONE', #1003 ) ;
#3065 = EDGE_LOOP ( 'NONE', ( #2562, #1213, #2552, #581 ) ) ;
#3066 = ADVANCED_FACE ( 'NONE', ( #1597 ), #2907, .F. ) ;
#3067 = DIRECTION ( 'NONE',  ( 0.0000000000000000000, 0.0000000000000000000, 1.000000000000000000 ) ) ;
#3068 = ORIENTED_EDGE ( 'NONE', *, *, #69, .T. ) ;
#3069 = CARTESIAN_POINT ( 'NONE',  ( -0.08858267716535432601, 0.1496062992125984370, 0.06496062992125983815 ) ) ;
#3070 = VERTEX_POINT ( 'NONE', #475 ) ;
#3071 = CARTESIAN_POINT ( 'NONE',  ( 0.1338584372998307126, -0.03149606299212598381, -0.07480314960629921850 ) ) ;
#3072 = DIRECTION ( 'NONE',  ( 0.0000000000000000000, 0.0000000000000000000, -1.000000000000000000 ) ) ;
#3073 = EDGE_CURVE ( 'NONE', #2329, #2879, #1560, .T. ) ;
#3074 = LINE ( 'NONE', #1145, #1572 ) ;
#3075 = PLANE ( 'NONE',  #1636 ) ;
#3076 = ORIENTED_EDGE ( 'NONE', *, *, #2465, .T. ) ;
#3077 = DIRECTION ( 'NONE',  ( 0.0000000000000000000, 0.0000000000000000000, 1.000000000000000000 ) ) ;
#3078 = CARTESIAN_POINT ( 'NONE',  ( -0.1181102362204724532, 0.03543307086614173179, 0.07480314960629921850 ) ) ;
#3079 = APPLICATION_CONTEXT ( 'automotive_design' ) ;
#3080 = FACE_BOUND ( 'NONE', #46, .T. ) ;
#3081 = ADVANCED_FACE ( 'NONE', ( #2863 ), #749, .F. ) ;
#3082 = EDGE_CURVE ( 'NONE', #3220, #374, #2674, .T. ) ;
#3083 = ORIENTED_EDGE ( 'NONE', *, *, #2252, .F. ) ;
#3084 = PRODUCT ( 'CUI_DEVICES_TS02-66-43-BK-100-SCR-D', 'CUI_DEVICES_TS02-66-43-BK-100-SCR-D', '', ( #509 ) ) ;
#3085 = ORIENTED_EDGE ( 'NONE', *, *, #2598, .F. ) ;
#3086 = DIRECTION ( 'NONE',  ( 0.0000000000000000000, -1.000000000000000000, 0.0000000000000000000 ) ) ;
#3087 = EDGE_CURVE ( 'NONE', #3298, #670, #155, .T. ) ;
#3088 = VERTEX_POINT ( 'NONE', #2130 ) ;
#3089 = DIRECTION ( 'NONE',  ( 0.0000000000000000000, 0.0000000000000000000, 1.000000000000000000 ) ) ;
#3090 = CARTESIAN_POINT ( 'NONE',  ( -0.1255464405159194829, -0.06479646946715768296, -0.09251968503937008093 ) ) ;
#3091 = FACE_OUTER_BOUND ( 'NONE', #2680, .T. ) ;
#3092 = ORIENTED_EDGE ( 'NONE', *, *, #3493, .F. ) ;
#3093 = ADVANCED_FACE ( 'NONE', ( #1055 ), #769, .T. ) ;
#3094 = FACE_OUTER_BOUND ( 'NONE', #2346, .T. ) ;
#3095 = CARTESIAN_POINT ( 'NONE',  ( 0.1122047244094488277, 0.0000000000000000000, 0.1181102362204724532 ) ) ;
#3096 = DIRECTION ( 'NONE',  ( 1.000000000000000000, 0.0000000000000000000, 0.0000000000000000000 ) ) ;
#3097 = ORIENTED_EDGE ( 'NONE', *, *, #2967, .F. ) ;
#3098 = ORIENTED_EDGE ( 'NONE', *, *, #1373, .T. ) ;
#3099 = ORIENTED_EDGE ( 'NONE', *, *, #698, .T. ) ;
#3100 = AXIS2_PLACEMENT_3D ( 'NONE', #172, #3468, #2376 ) ;
#3101 = FACE_OUTER_BOUND ( 'NONE', #585, .T. ) ;
#3102 = EDGE_CURVE ( 'NONE', #1570, #2772, #3063, .T. ) ;
#3103 = AXIS2_PLACEMENT_3D ( 'NONE', #1096, #3253, #3508 ) ;
#3104 = VERTEX_POINT ( 'NONE', #2891 ) ;
#3105 = PLANE ( 'NONE',  #2017 ) ;
#3106 = AXIS2_PLACEMENT_3D ( 'NONE', #3530, #2215, #2722 ) ;
#3107 = CARTESIAN_POINT ( 'NONE',  ( 0.1408568301426933178, -0.03510474995793744224, 0.07480314960629921850 ) ) ;
#3108 = CARTESIAN_POINT ( 'NONE',  ( 0.1122047244094488277, 0.1299212598425196763, 0.1181102362204724532 ) ) ;
#3109 = LINE ( 'NONE', #663, #477 ) ;
#3110 = CIRCLE ( 'NONE', #1062, 0.02362204724409448092 ) ;
#3111 = ORIENTED_EDGE ( 'NONE', *, *, #1892, .T. ) ;
#3112 = CIRCLE ( 'NONE', #1867, 0.02362204724409448092 ) ;
#3113 = CARTESIAN_POINT ( 'NONE',  ( -0.08858267716535432601, 0.1299212598425196763, -0.08858267716535432601 ) ) ;
#3114 = CARTESIAN_POINT ( 'NONE',  ( 0.1122047244094488277, 0.1299212598425196763, -0.1122047244094488277 ) ) ;
#3115 = ORIENTED_EDGE ( 'NONE', *, *, #99, .F. ) ;
#3116 = VECTOR ( 'NONE', #3303, 39.37007874015748143 ) ;
#3117 = ORIENTED_EDGE ( 'NONE', *, *, #2899, .F. ) ;
#3118 = EDGE_CURVE ( 'NONE', #1396, #1192, #2742, .T. ) ;
#3119 = ADVANCED_FACE ( 'NONE', ( #2460 ), #1621, .F. ) ;
#3120 = EDGE_LOOP ( 'NONE', ( #1838, #2361, #1060, #1415 ) ) ;
#3121 = CARTESIAN_POINT ( 'NONE',  ( -0.1122047244094488277, 0.1377952755905511861, 0.1122047244094488277 ) ) ;
#3122 = ORIENTED_EDGE ( 'NONE', *, *, #296, .T. ) ;
#3123 = EDGE_CURVE ( 'NONE', #3195, #1995, #1356, .T. ) ;
#3124 = LINE ( 'NONE', #1767, #897 ) ;
#3125 = DIRECTION ( 'NONE',  ( -0.8947349329975287091, -0.4465975813569839081, 0.0000000000000000000 ) ) ;
#3126 = ORIENTED_EDGE ( 'NONE', *, *, #3309, .F. ) ;
#3127 = DIRECTION ( 'NONE',  ( 1.000000000000000000, 0.0000000000000000000, 0.0000000000000000000 ) ) ;
#3128 = FILL_AREA_STYLE_COLOUR ( '', #1169 ) ;
#3129 = LINE ( 'NONE', #1489, #778 ) ;
#3130 = ORIENTED_EDGE ( 'NONE', *, *, #1892, .F. ) ;
#3131 = EDGE_CURVE ( 'NONE', #795, #1141, #1948, .T. ) ;
#3132 = DIRECTION ( 'NONE',  ( 0.0000000000000000000, 1.000000000000000000, 0.0000000000000000000 ) ) ;
#3133 = LINE ( 'NONE', #1245, #3047 ) ;
#3134 = ORIENTED_EDGE ( 'NONE', *, *, #3031, .T. ) ;
#3135 = EDGE_CURVE ( 'NONE', #2029, #3012, #2096, .T. ) ;
#3136 = DIRECTION ( 'NONE',  ( 0.0000000000000000000, -1.000000000000000000, 0.0000000000000000000 ) ) ;
#3137 = ORIENTED_EDGE ( 'NONE', *, *, #3062, .F. ) ;
#3138 = DIRECTION ( 'NONE',  ( 0.0000000000000000000, 0.0000000000000000000, -1.000000000000000000 ) ) ;
#3139 = DIRECTION ( 'NONE',  ( -0.4465975813569838526, 0.8947349329975285981, 0.0000000000000000000 ) ) ;
#3140 = CYLINDRICAL_SURFACE ( 'NONE', #253, 0.007874015748031499423 ) ;
#3141 = EDGE_LOOP ( 'NONE', ( #1491, #2245, #939, #932, #2242, #2599 ) ) ;
#3142 = DIRECTION ( 'NONE',  ( 0.0000000000000000000, 1.000000000000000000, 0.0000000000000000000 ) ) ;
#3143 = DIRECTION ( 'NONE',  ( -0.8887958910435519444, 0.4583032446580520558, 0.0000000000000000000 ) ) ;
#3144 = CARTESIAN_POINT ( 'NONE',  ( -0.08858267716535432601, 0.1299212598425196763, -0.1122047244094488139 ) ) ;
#3145 = DIRECTION ( 'NONE',  ( 0.0000000000000000000, -1.000000000000000000, 0.0000000000000000000 ) ) ;
#3146 = ORIENTED_EDGE ( 'NONE', *, *, #1335, .F. ) ;
#3147 = DIRECTION ( 'NONE',  ( 0.0000000000000000000, 1.000000000000000000, 0.0000000000000000000 ) ) ;
#3148 = LINE ( 'NONE', #2630, #1689 ) ;
#3149 = ORIENTED_EDGE ( 'NONE', *, *, #3535, .F. ) ;
#3150 = DIRECTION ( 'NONE',  ( -0.8887958910435519444, -0.4583032446580520558, 0.0000000000000000000 ) ) ;
#3151 = CARTESIAN_POINT ( 'NONE',  ( -0.1417324530478622224, -0.03149606299212598381, -0.1023622047244094474 ) ) ;
#3152 = EDGE_CURVE ( 'NONE', #2933, #2301, #3013, .T. ) ;
#3153 = VERTEX_POINT ( 'NONE', #1140 ) ;
#3154 = DIRECTION ( 'NONE',  ( 0.0000000000000000000, 0.0000000000000000000, 1.000000000000000000 ) ) ;
#3155 = SURFACE_STYLE_FILL_AREA ( #1231 ) ;
#3156 = DIRECTION ( 'NONE',  ( 0.4465975813569838526, -0.8947349329975285981, 0.0000000000000000000 ) ) ;
#3157 = CARTESIAN_POINT ( 'NONE',  ( 0.1417324530478622224, -0.03149606299212598381, 0.1023622047244094474 ) ) ;
#3158 = VECTOR ( 'NONE', #3433, 39.37007874015748143 ) ;
#3159 = AXIS2_PLACEMENT_3D ( 'NONE', #1693, #2799, #3307 ) ;
#3160 = EDGE_CURVE ( 'NONE', #71, #2131, #1304, .T. ) ;
#3161 = CYLINDRICAL_SURFACE ( 'NONE', #1168, 0.02362204724409448092 ) ;
#3162 = ORIENTED_EDGE ( 'NONE', *, *, #2526, .F. ) ;
#3163 = FACE_OUTER_BOUND ( 'NONE', #3405, .T. ) ;
#3164 = VECTOR ( 'NONE', #1916, 39.37007874015748143 ) ;
#3165 = CARTESIAN_POINT ( 'NONE',  ( 0.1338584372998307126, -0.03149606299212598381, 0.1023622047244094474 ) ) ;
#3166 = VECTOR ( 'NONE', #3450, 39.37007874015748143 ) ;
#3167 = DIRECTION ( 'NONE',  ( 0.0000000000000000000, -1.000000000000000000, 0.0000000000000000000 ) ) ;
#3168 = ORIENTED_EDGE ( 'NONE', *, *, #330, .F. ) ;
#3169 = DIRECTION ( 'NONE',  ( 0.0000000000000000000, 0.0000000000000000000, 1.000000000000000000 ) ) ;
#3170 = EDGE_CURVE ( 'NONE', #3472, #830, #1883, .T. ) ;
#3171 = CARTESIAN_POINT ( 'NONE',  ( 0.1181102362204724532, 0.03543307086614173179, -0.07480314960629921850 ) ) ;
#3172 = CIRCLE ( 'NONE', #491, 0.02362204724409448092 ) ;
#3173 = VERTEX_POINT ( 'NONE', #1644 ) ;
#3174 = FACE_OUTER_BOUND ( 'NONE', #3058, .T. ) ;
#3175 = AXIS2_PLACEMENT_3D ( 'NONE', #2500, #567, #2965 ) ;
#3176 = DIRECTION ( 'NONE',  ( 0.0000000000000000000, 0.0000000000000000000, 1.000000000000000000 ) ) ;
#3177 = VERTEX_POINT ( 'NONE', #3030 ) ;
#3178 = CARTESIAN_POINT ( 'NONE',  ( -0.1338584372998307126, -0.03149606299212598381, 0.1023622047244094474 ) ) ;
#3179 = FACE_OUTER_BOUND ( 'NONE', #100, .T. ) ;
#3180 = DIRECTION ( 'NONE',  ( 0.0000000000000000000, 0.0000000000000000000, 1.000000000000000000 ) ) ;
#3181 = ORIENTED_EDGE ( 'NONE', *, *, #1336, .T. ) ;
#3182 = LINE ( 'NONE', #717, #1854 ) ;
#3183 = CIRCLE ( 'NONE', #2161, 0.007874015748031499423 ) ;
#3184 = LINE ( 'NONE', #735, #3224 ) ;
#3185 = EDGE_CURVE ( 'NONE', #3192, #217, #2476, .T. ) ;
#3186 = DIRECTION ( 'NONE',  ( 0.0000000000000000000, 1.000000000000000000, 0.0000000000000000000 ) ) ;
#3187 = FACE_OUTER_BOUND ( 'NONE', #3141, .T. ) ;
#3188 = ORIENTED_EDGE ( 'NONE', *, *, #2966, .F. ) ;
#3189 = LINE ( 'NONE', #3399, #1222 ) ;
#3190 = DIRECTION ( 'NONE',  ( 0.0000000000000000000, -1.000000000000000000, 0.0000000000000000000 ) ) ;
#3191 = ADVANCED_FACE ( 'NONE', ( #1680 ), #1075, .T. ) ;
#3192 = VERTEX_POINT ( 'NONE', #2979 ) ;
#3193 = CARTESIAN_POINT ( 'NONE',  ( 0.08858267716535432601, 0.1377952755905511861, -0.06496062992125983815 ) ) ;
#3194 = VERTEX_POINT ( 'NONE', #1340 ) ;
#3195 = VERTEX_POINT ( 'NONE', #529 ) ;
#3196 = DIRECTION ( 'NONE',  ( -1.000000000000000000, 0.0000000000000000000, 0.0000000000000000000 ) ) ;
#3197 = CARTESIAN_POINT ( 'NONE',  ( 0.1409035942525671270, -0.02797954660348830891, 0.07480314960629921850 ) ) ;
#3198 = CARTESIAN_POINT ( 'NONE',  ( 0.08858267716535432601, 0.1496062992125984370, 0.08858267716535432601 ) ) ;
#3199 = VERTEX_POINT ( 'NONE', #2712 ) ;
#3200 = ORIENTED_EDGE ( 'NONE', *, *, #2957, .T. ) ;
#3201 = DIRECTION ( 'NONE',  ( 0.0000000000000000000, -1.000000000000000000, 0.0000000000000000000 ) ) ;
#3202 = EDGE_CURVE ( 'NONE', #3195, #346, #1913, .T. ) ;
#3203 = LINE ( 'NONE', #2059, #3217 ) ;
#3204 = EDGE_LOOP ( 'NONE', ( #207, #126, #1030, #2267 ) ) ;
#3205 = CARTESIAN_POINT ( 'NONE',  ( 0.0000000000000000000, 0.0000000000000000000, 0.0000000000000000000 ) ) ;
#3206 = EDGE_LOOP ( 'NONE', ( #3122, #1940, #1953, #94, #3523, #420, #2995, #2353, #2528, #1542, #2666 ) ) ;
#3207 = DIRECTION ( 'NONE',  ( 0.0000000000000000000, 0.0000000000000000000, -1.000000000000000000 ) ) ;
#3208 = DIRECTION ( 'NONE',  ( 0.0000000000000000000, 1.000000000000000000, 0.0000000000000000000 ) ) ;
#3209 = DIRECTION ( 'NONE',  ( 0.0000000000000000000, 0.0000000000000000000, 1.000000000000000000 ) ) ;
#3210 = ORIENTED_EDGE ( 'NONE', *, *, #261, .F. ) ;
#3211 = VERTEX_POINT ( 'NONE', #285 ) ;
#3212 = DIRECTION ( 'NONE',  ( 0.0000000000000000000, 1.000000000000000000, -2.168404344971010446E-15 ) ) ;
#3213 = CARTESIAN_POINT ( 'NONE',  ( 0.1338584372998307126, -0.03149606299212598381, -0.1023622047244094474 ) ) ;
#3214 = ORIENTED_EDGE ( 'NONE', *, *, #1991, .F. ) ;
#3215 = VERTEX_POINT ( 'NONE', #1374 ) ;
#3216 = DIRECTION ( 'NONE',  ( 0.0000000000000000000, -0.9238015285048950531, 0.3828716964363119701 ) ) ;
#3217 = VECTOR ( 'NONE', #3145, 39.37007874015748143 ) ;
#3218 = LINE ( 'NONE', #2644, #2583 ) ;
#3219 = CIRCLE ( 'NONE', #1395, 0.02362204724409448092 ) ;
#3220 = VERTEX_POINT ( 'NONE', #513 ) ;
#3221 = VECTOR ( 'NONE', #2081, 39.37007874015748143 ) ;
#3222 = LINE ( 'NONE', #782, #2874 ) ;
#3223 = CIRCLE ( 'NONE', #1623, 0.007874015748031499423 ) ;
#3224 = VECTOR ( 'NONE', #1834, 39.37007874015748143 ) ;
#3225 = AXIS2_PLACEMENT_3D ( 'NONE', #1263, #413, #2917 ) ;
#3226 = CIRCLE ( 'NONE', #485, 0.007874015748031499423 ) ;
#3227 = CARTESIAN_POINT ( 'NONE',  ( 0.0000000000000000000, 0.0000000000000000000, 0.0000000000000000000 ) ) ;
#3228 = EDGE_CURVE ( 'NONE', #82, #2964, #268, .T. ) ;
#3229 = CIRCLE ( 'NONE', #317, 0.007874015748031499423 ) ;
#3230 = CARTESIAN_POINT ( 'NONE',  ( -0.1181102362204724532, 0.1299212598425196763, -0.1122047244094488277 ) ) ;
#3231 = ORIENTED_EDGE ( 'NONE', *, *, #3170, .F. ) ;
#3232 = AXIS2_PLACEMENT_3D ( 'NONE', #1248, #1309, #470 ) ;
#3233 = LINE ( 'NONE', #2925, #1017 ) ;
#3234 = CARTESIAN_POINT ( 'NONE',  ( -0.1409035942525671270, -0.02797954660348830891, 0.07480314960629921850 ) ) ;
#3235 = ADVANCED_FACE ( 'NONE', ( #2447 ), #2221, .T. ) ;
#3236 = EDGE_CURVE ( 'NONE', #1832, #3317, #3299, .T. ) ;
#3237 = VERTEX_POINT ( 'NONE', #859 ) ;
#3238 = ORIENTED_EDGE ( 'NONE', *, *, #2049, .F. ) ;
#3239 = DIRECTION ( 'NONE',  ( -0.1936873206075088727, -0.3756213745151029682, -0.9063077870366494926 ) ) ;
#3240 = DIRECTION ( 'NONE',  ( 0.0000000000000000000, 0.0000000000000000000, 1.000000000000000000 ) ) ;
#3241 = VERTEX_POINT ( 'NONE', #316 ) ;
#3242 = DIRECTION ( 'NONE',  ( -0.4465975813569838526, -0.8947349329975285981, 0.0000000000000000000 ) ) ;
#3243 = DIRECTION ( 'NONE',  ( 0.0000000000000000000, -1.000000000000000000, 0.0000000000000000000 ) ) ;
#3244 = EDGE_CURVE ( 'NONE', #1794, #1832, #3519, .T. ) ;
#3245 = LINE ( 'NONE', #6, #31 ) ;
#3246 = VERTEX_POINT ( 'NONE', #3247 ) ;
#3247 = CARTESIAN_POINT ( 'NONE',  ( -0.1338584372998307126, -0.03149606299212598381, -0.1023622047244094474 ) ) ;
#3248 = DIRECTION ( 'NONE',  ( 1.000000000000000000, 0.0000000000000000000, 0.0000000000000000000 ) ) ;
#3249 = EDGE_LOOP ( 'NONE', ( #2319, #761, #2790, #3465 ) ) ;
#3250 = FACE_OUTER_BOUND ( 'NONE', #2103, .T. ) ;
#3251 = CARTESIAN_POINT ( 'NONE',  ( -0.08858267716535432601, 0.1377952755905511861, -0.08858267716535432601 ) ) ;
#3252 = ORIENTED_EDGE ( 'NONE', *, *, #2497, .T. ) ;
#3253 = DIRECTION ( 'NONE',  ( 0.0000000000000000000, 1.000000000000000000, 0.0000000000000000000 ) ) ;
#3254 = DIRECTION ( 'NONE',  ( 0.0000000000000000000, 0.0000000000000000000, -1.000000000000000000 ) ) ;
#3255 =( CONVERSION_BASED_UNIT ( 'INCH', #295 ) LENGTH_UNIT ( ) NAMED_UNIT ( #2177 ) );
#3256 = PLANE ( 'NONE',  #1921 ) ;
#3257 = ORIENTED_EDGE ( 'NONE', *, *, #1440, .F. ) ;
#3258 = DIRECTION ( 'NONE',  ( 0.0000000000000000000, -1.000000000000000000, 0.0000000000000000000 ) ) ;
#3259 = EDGE_LOOP ( 'NONE', ( #1344, #1329, #681, #1888, #1956, #2808 ) ) ;
#3260 = FACE_OUTER_BOUND ( 'NONE', #2011, .T. ) ;
#3261 = EDGE_CURVE ( 'NONE', #1659, #700, #2216, .T. ) ;
#3262 = LINE ( 'NONE', #2764, #2147 ) ;
#3263 = ADVANCED_FACE ( 'NONE', ( #2529 ), #335, .T. ) ;
#3264 = CARTESIAN_POINT ( 'NONE',  ( 0.08858267716535432601, 0.1181102362204724532, 0.08858267716535432601 ) ) ;
#3265 = LINE ( 'NONE', #2696, #765 ) ;
#3266 = ORIENTED_EDGE ( 'NONE', *, *, #2401, .T. ) ;
#3267 = DIRECTION ( 'NONE',  ( -0.9779175499833030472, 0.0000000000000000000, 0.2089910654421710257 ) ) ;
#3268 = FACE_OUTER_BOUND ( 'NONE', #365, .T. ) ;
#3269 = AXIS2_PLACEMENT_3D ( 'NONE', #2154, #40, #3004 ) ;
#3270 = VECTOR ( 'NONE', #2469, 39.37007874015748143 ) ;
#3271 = EDGE_CURVE ( 'NONE', #82, #408, #2564, .T. ) ;
#3272 = AXIS2_PLACEMENT_3D ( 'NONE', #568, #500, #819 ) ;
#3273 = VECTOR ( 'NONE', #2152, 39.37007874015748143 ) ;
#3274 = VECTOR ( 'NONE', #1364, 39.37007874015748143 ) ;
#3275 = CIRCLE ( 'NONE', #1387, 0.02362204724409448092 ) ;
#3276 = ORIENTED_EDGE ( 'NONE', *, *, #1439, .F. ) ;
#3277 = DIRECTION ( 'NONE',  ( 0.0000000000000000000, -1.000000000000000000, 0.0000000000000000000 ) ) ;
#3278 = CIRCLE ( 'NONE', #2430, 0.007874015748031499423 ) ;
#3279 = CARTESIAN_POINT ( 'NONE',  ( -0.1122047244094488277, 0.1299212598425196763, -0.1122047244094488277 ) ) ;
#3280 = VECTOR ( 'NONE', #3302, 39.37007874015748143 ) ;
#3281 = VERTEX_POINT ( 'NONE', #1717 ) ;
#3282 = ORIENTED_EDGE ( 'NONE', *, *, #2483, .F. ) ;
#3283 = VECTOR ( 'NONE', #1312, 39.37007874015748143 ) ;
#3284 = DIRECTION ( 'NONE',  ( 0.0000000000000000000, 1.000000000000000000, 0.0000000000000000000 ) ) ;
#3285 = FACE_OUTER_BOUND ( 'NONE', #2235, .T. ) ;
#3286 = CARTESIAN_POINT ( 'NONE',  ( -0.1185480476730569055, -0.06118778250134625923, 0.1023622047244094474 ) ) ;
#3287 = VERTEX_POINT ( 'NONE', #2826 ) ;
#3288 = EDGE_CURVE ( 'NONE', #1848, #1182, #3463, .T. ) ;
#3289 = FACE_OUTER_BOUND ( 'NONE', #3377, .T. ) ;
#3290 = CARTESIAN_POINT ( 'NONE',  ( 0.1185480476730569055, -0.06118778250134625923, 0.1023622047244094474 ) ) ;
#3291 = DIRECTION ( 'NONE',  ( -0.4465975813569838526, -0.8947349329975285981, 0.0000000000000000000 ) ) ;
#3292 = AXIS2_PLACEMENT_3D ( 'NONE', #399, #3086, #3046 ) ;
#3293 = EDGE_LOOP ( 'NONE', ( #411, #1204 ) ) ;
#3294 = STYLED_ITEM ( 'NONE', ( #1122 ), #70 ) ;
#3295 = UNCERTAINTY_MEASURE_WITH_UNIT (LENGTH_MEASURE( 1.000000000000000082E-05 ), #2694, 'distance_accuracy_value', 'NONE');
#3296 = LINE ( 'NONE', #2355, #3332 ) ;
#3297 = EDGE_CURVE ( 'NONE', #1712, #2329, #840, .T. ) ;
#3298 = VERTEX_POINT ( 'NONE', #2804 ) ;
#3299 = LINE ( 'NONE', #2757, #1813 ) ;
#3300 = EDGE_LOOP ( 'NONE', ( #481, #3188, #3483, #3098 ) ) ;
#3301 = CARTESIAN_POINT ( 'NONE',  ( 0.1181102362204724532, 0.03543307086614173179, -0.07480314960629921850 ) ) ;
#3302 = DIRECTION ( 'NONE',  ( 1.000000000000000000, 0.0000000000000000000, 0.0000000000000000000 ) ) ;
#3303 = DIRECTION ( 'NONE',  ( 0.4153637994577553672, 0.8055226371389487827, 0.4226182617407003850 ) ) ;
#3304 = CARTESIAN_POINT ( 'NONE',  ( 0.08858267716535432601, 0.1377952755905511861, 0.08858267716535432601 ) ) ;
#3305 = ORIENTED_EDGE ( 'NONE', *, *, #56, .T. ) ;
#3306 = CARTESIAN_POINT ( 'NONE',  ( 0.1259842519685039353, 0.001910576577067484277, 0.07480314960629921850 ) ) ;
#3307 = DIRECTION ( 'NONE',  ( 1.000000000000000000, 0.0000000000000000000, 0.0000000000000000000 ) ) ;
#3308 = DIRECTION ( 'NONE',  ( -0.0000000000000000000, 1.000000000000000000, 0.0000000000000000000 ) ) ;
#3309 = EDGE_CURVE ( 'NONE', #2933, #1177, #2661, .T. ) ;
#3310 = EDGE_LOOP ( 'NONE', ( #1470, #817, #2261, #3076 ) ) ;
#3311 = ORIENTED_EDGE ( 'NONE', *, *, #2243, .T. ) ;
#3312 = ADVANCED_FACE ( 'NONE', ( #945 ), #957, .T. ) ;
#3313 = EDGE_CURVE ( 'NONE', #1702, #2168, #1764, .T. ) ;
#3314 = VERTEX_POINT ( 'NONE', #1700 ) ;
#3315 = CARTESIAN_POINT ( 'NONE',  ( -0.1122047244094488277, 0.1299212598425196763, 0.1122047244094488277 ) ) ;
#3316 = ORIENTED_EDGE ( 'NONE', *, *, #2332, .T. ) ;
#3317 = VERTEX_POINT ( 'NONE', #896 ) ;
#3318 = DIRECTION ( 'NONE',  ( 0.0000000000000000000, -1.000000000000000000, 0.0000000000000000000 ) ) ;
#3319 = DIRECTION ( 'NONE',  ( 0.0000000000000000000, 1.000000000000000000, 0.0000000000000000000 ) ) ;
#3320 = PLANE ( 'NONE',  #1808 ) ;
#3321 = ORIENTED_EDGE ( 'NONE', *, *, #3152, .T. ) ;
#3322 = DIRECTION ( 'NONE',  ( 1.000000000000000000, 0.0000000000000000000, 0.0000000000000000000 ) ) ;
#3323 = ORIENTED_EDGE ( 'NONE', *, *, #2598, .T. ) ;
#3324 = VERTEX_POINT ( 'NONE', #3349 ) ;
#3325 = AXIS2_PLACEMENT_3D ( 'NONE', #3251, #1131, #3504 ) ;
#3326 = CIRCLE ( 'NONE', #249, 0.07283464566929134798 ) ;
#3327 = CIRCLE ( 'NONE', #1576, 0.005905511811023620231 ) ;
#3328 = ORIENTED_EDGE ( 'NONE', *, *, #1047, .T. ) ;
#3329 = AXIS2_PLACEMENT_3D ( 'NONE', #2560, #2523, #1472 ) ;
#3330 = EDGE_CURVE ( 'NONE', #844, #2333, #79, .T. ) ;
#3331 = DIRECTION ( 'NONE',  ( 0.0000000000000000000, 0.0000000000000000000, 1.000000000000000000 ) ) ;
#3332 = VECTOR ( 'NONE', #499, 39.37007874015748143 ) ;
#3333 = AXIS2_PLACEMENT_3D ( 'NONE', #3114, #2229, #327 ) ;
#3334 = ORIENTED_EDGE ( 'NONE', *, *, #2205, .F. ) ;
#3335 = AXIS2_PLACEMENT_3D ( 'NONE', #2270, #917, #1733 ) ;
#3336 = CARTESIAN_POINT ( 'NONE',  ( -0.1282216153882259901, -0.04242765514639196961, 0.07480314960629921850 ) ) ;
#3337 = VECTOR ( 'NONE', #1722, 39.37007874015748854 ) ;
#3338 = EDGE_CURVE ( 'NONE', #1002, #71, #875, .T. ) ;
#3339 = FACE_OUTER_BOUND ( 'NONE', #3259, .T. ) ;
#3340 = CARTESIAN_POINT ( 'NONE',  ( -0.08858267716535432601, 0.1377952755905511861, 0.1122047244094488139 ) ) ;
#3341 = ORIENTED_EDGE ( 'NONE', *, *, #1217, .T. ) ;
#3342 = DIRECTION ( 'NONE',  ( 0.0000000000000000000, 0.0000000000000000000, -1.000000000000000000 ) ) ;
#3343 = CARTESIAN_POINT ( 'NONE',  ( 0.1408568301426933178, -0.03510474995793744224, 0.1023622047244094474 ) ) ;
#3344 = PLANE ( 'NONE',  #1401 ) ;
#3345 = EDGE_LOOP ( 'NONE', ( #1957, #2825, #2286, #1649 ) ) ;
#3346 = VERTEX_POINT ( 'NONE', #602 ) ;
#3347 = CARTESIAN_POINT ( 'NONE',  ( 8.285407877805718279E-18, 0.1654917303019783348, -0.06765548959564783582 ) ) ;
#3348 = ORIENTED_EDGE ( 'NONE', *, *, #2217, .T. ) ;
#3349 = CARTESIAN_POINT ( 'NONE',  ( -0.1352200082310885954, -0.04603634211220338640, -0.07480314960629921850 ) ) ;
#3350 = EDGE_CURVE ( 'NONE', #3104, #2150, #1996, .T. ) ;
#3351 = LINE ( 'NONE', #3051, #651 ) ;
#3352 = EDGE_LOOP ( 'NONE', ( #455, #2620, #1709, #1777 ) ) ;
#3353 = ORIENTED_EDGE ( 'NONE', *, *, #2290, .F. ) ;
#3354 = CARTESIAN_POINT ( 'NONE',  ( 0.1122047244094488277, 0.1377952755905511861, -0.1181102362204724532 ) ) ;
#3355 = DIRECTION ( 'NONE',  ( -0.8887958910435520554, 0.4583032446580521113, 0.0000000000000000000 ) ) ;
#3356 = ORIENTED_EDGE ( 'NONE', *, *, #1456, .T. ) ;
#3357 = DIRECTION ( 'NONE',  ( 1.000000000000000000, 0.0000000000000000000, 0.0000000000000000000 ) ) ;
#3358 = DIRECTION ( 'NONE',  ( 0.0000000000000000000, 0.0000000000000000000, 1.000000000000000000 ) ) ;
#3359 = ADVANCED_FACE ( 'NONE', ( #2791 ), #2514, .T. ) ;
#3360 = DIRECTION ( 'NONE',  ( -2.168404344971010347E-16, 0.0000000000000000000, -1.000000000000000000 ) ) ;
#3361 = EDGE_LOOP ( 'NONE', ( #3032, #1495, #460, #1282 ) ) ;
#3362 = ORIENTED_EDGE ( 'NONE', *, *, #251, .F. ) ;
#3363 = ADVANCED_FACE ( 'NONE', ( #654 ), #1195, .T. ) ;
#3364 = VERTEX_POINT ( 'NONE', #1179 ) ;
#3365 = DIRECTION ( 'NONE',  ( 0.0000000000000000000, -1.000000000000000000, 0.0000000000000000000 ) ) ;
#3366 = VERTEX_POINT ( 'NONE', #2012 ) ;
#3367 = CARTESIAN_POINT ( 'NONE',  ( 0.1255464405159194829, -0.06479646946715768296, -0.09251968503937008093 ) ) ;
#3368 = DIRECTION ( 'NONE',  ( 0.0000000000000000000, -1.000000000000000000, 0.0000000000000000000 ) ) ;
#3369 = CYLINDRICAL_SURFACE ( 'NONE', #20, 0.02362204724409448092 ) ;
#3370 = CARTESIAN_POINT ( 'NONE',  ( 0.0000000000000000000, 0.1692913385826771699, 0.0000000000000000000 ) ) ;
#3371 = ORIENTED_EDGE ( 'NONE', *, *, #2590, .F. ) ;
#3372 = DIRECTION ( 'NONE',  ( 1.000000000000000000, 0.0000000000000000000, -1.445602896647339903E-16 ) ) ;
#3373 = DIRECTION ( 'NONE',  ( -0.4465975813569838526, -0.8947349329975285981, 0.0000000000000000000 ) ) ;
#3374 = EDGE_CURVE ( 'NONE', #2711, #3177, #1076, .T. ) ;
#3375 =( CONVERSION_BASED_UNIT ( 'INCH', #1190 ) LENGTH_UNIT ( ) NAMED_UNIT ( #280 ) );
#3376 = ORIENTED_EDGE ( 'NONE', *, *, #260, .F. ) ;
#3377 = EDGE_LOOP ( 'NONE', ( #2521, #194, #48, #2280, #1170, #1932, #1021, #414, #3015, #2367, #1512 ) ) ;
#3378 = VERTEX_POINT ( 'NONE', #638 ) ;
#3379 = CIRCLE ( 'NONE', #1743, 0.02362204724409448092 ) ;
#3380 = PLANE ( 'NONE',  #438 ) ;
#3381 = CIRCLE ( 'NONE', #418, 0.007874015748031499423 ) ;
#3382 = CIRCLE ( 'NONE', #1510, 0.005905511811023620231 ) ;
#3383 = ORIENTED_EDGE ( 'NONE', *, *, #2508, .T. ) ;
#3384 = ORIENTED_EDGE ( 'NONE', *, *, #2145, .T. ) ;
#3385 = FILL_AREA_STYLE_COLOUR ( '', #1455 ) ;
#3386 = VECTOR ( 'NONE', #2251, 39.37007874015748143 ) ;
#3387 = CIRCLE ( 'NONE', #1862, 0.02362204724409448092 ) ;
#3388 = CARTESIAN_POINT ( 'NONE',  ( -0.08858267716535432601, 0.1299212598425196763, 0.06496062992125983815 ) ) ;
#3389 = LINE ( 'NONE', #1028, #310 ) ;
#3390 = VECTOR ( 'NONE', #564, 39.37007874015748143 ) ;
#3391 = EDGE_LOOP ( 'NONE', ( #2337, #3466 ) ) ;
#3392 = VECTOR ( 'NONE', #461, 39.37007874015748854 ) ;
#3393 = CARTESIAN_POINT ( 'NONE',  ( -0.1259842519685039353, 0.02755905511811023584, 0.1023622047244094474 ) ) ;
#3394 = PLANE ( 'NONE',  #1800 ) ;
#3395 = VECTOR ( 'NONE', #1985, 39.37007874015748143 ) ;
#3396 = EDGE_CURVE ( 'NONE', #2964, #2841, #2281, .T. ) ;
#3397 = ORIENTED_EDGE ( 'NONE', *, *, #2801, .T. ) ;
#3398 = AXIS2_PLACEMENT_3D ( 'NONE', #2831, #3138, #387 ) ;
#3399 = CARTESIAN_POINT ( 'NONE',  ( 0.1185480476730569055, -0.06118778250134625923, 0.08464566929133858497 ) ) ;
#3400 =( LENGTH_UNIT ( ) NAMED_UNIT ( * ) SI_UNIT ( $, .METRE. ) );
#3401 = AXIS2_PLACEMENT_3D ( 'NONE', #1157, #1494, #1981 ) ;
#3402 = ORIENTED_EDGE ( 'NONE', *, *, #1960, .F. ) ;
#3403 = LINE ( 'NONE', #744, #2501 ) ;
#3404 = ADVANCED_FACE ( 'NONE', ( #3101 ), #3380, .T. ) ;
#3405 = EDGE_LOOP ( 'NONE', ( #738, #747, #2571, #2263 ) ) ;
#3406 = LENGTH_MEASURE_WITH_UNIT ( LENGTH_MEASURE( 0.02539999999999999897 ), #676 );
#3407 = CARTESIAN_POINT ( 'NONE',  ( 0.1328516659854228621, -0.03344851307380460742, -0.1070731206436911498 ) ) ;
#3408 = CARTESIAN_POINT ( 'NONE',  ( 0.1259842519685039353, 0.001910576577067484277, -0.07480314960629921850 ) ) ;
#3409 = CARTESIAN_POINT ( 'NONE',  ( 0.1338584372998307126, -0.03149606299212598381, -0.1023622047244094474 ) ) ;
#3410 = VERTEX_POINT ( 'NONE', #1539 ) ;
#3411 = DIRECTION ( 'NONE',  ( 0.0000000000000000000, -1.000000000000000000, 0.0000000000000000000 ) ) ;
#3412 = DIRECTION ( 'NONE',  ( 0.1936873206075088727, -0.3756213745151029682, -0.9063077870366494926 ) ) ;
#3413 = CARTESIAN_POINT ( 'NONE',  ( 0.08858267716535432601, 0.1496062992125984370, -0.06496062992125983815 ) ) ;
#3414 = DIRECTION ( 'NONE',  ( 0.0000000000000000000, -0.9993908270190957621, 0.03489949670250103164 ) ) ;
#3415 = ORIENTED_EDGE ( 'NONE', *, *, #3202, .T. ) ;
#3416 = DIRECTION ( 'NONE',  ( -0.8887958910435519444, 0.4583032446580520558, 0.0000000000000000000 ) ) ;
#3417 = EDGE_CURVE ( 'NONE', #2109, #3088, #3479, .T. ) ;
#3418 = CARTESIAN_POINT ( 'NONE',  ( -0.1083935435132570846, -0.03220340707415822457, 0.1023622047244094474 ) ) ;
#3419 = ORIENTED_EDGE ( 'NONE', *, *, #1077, .T. ) ;
#3420 = LINE ( 'NONE', #762, #1360 ) ;
#3421 = EDGE_CURVE ( 'NONE', #2003, #3070, #1038, .T. ) ;
#3422 = DIRECTION ( 'NONE',  ( 0.0000000000000000000, 0.0000000000000000000, 1.000000000000000000 ) ) ;
#3423 = ORIENTED_EDGE ( 'NONE', *, *, #1203, .T. ) ;
#3424 = DIRECTION ( 'NONE',  ( -1.000000000000000000, 0.0000000000000000000, 2.168404344971010347E-16 ) ) ;
#3425 = DIRECTION ( 'NONE',  ( 0.0000000000000000000, 0.0000000000000000000, 1.000000000000000000 ) ) ;
#3426 = DIRECTION ( 'NONE',  ( 0.0000000000000000000, 0.0000000000000000000, 1.000000000000000000 ) ) ;
#3427 = CARTESIAN_POINT ( 'NONE',  ( -0.1259842519685039353, 0.02755905511811023584, 0.07480314960629921850 ) ) ;
#3428 = EDGE_CURVE ( 'NONE', #1500, #2828, #909, .T. ) ;
#3429 = ORIENTED_EDGE ( 'NONE', *, *, #1639, .F. ) ;
#3430 = DIRECTION ( 'NONE',  ( 0.0000000000000000000, 0.0000000000000000000, 1.000000000000000000 ) ) ;
#3431 = CARTESIAN_POINT ( 'NONE',  ( 0.0000000000000000000, 0.1299212598425196763, 0.0000000000000000000 ) ) ;
#3432 = DIRECTION ( 'NONE',  ( 0.0000000000000000000, -1.000000000000000000, 0.0000000000000000000 ) ) ;
#3433 = DIRECTION ( 'NONE',  ( 0.0000000000000000000, -1.000000000000000000, 0.0000000000000000000 ) ) ;
#3434 = EDGE_CURVE ( 'NONE', #607, #1505, #2389, .T. ) ;
#3435 = ORIENTED_EDGE ( 'NONE', *, *, #2332, .F. ) ;
#3436 = DIRECTION ( 'NONE',  ( 0.0000000000000000000, 0.0000000000000000000, 1.000000000000000000 ) ) ;
#3437 =( NAMED_UNIT ( * ) SI_UNIT ( $, .STERADIAN. ) SOLID_ANGLE_UNIT ( ) );
#3438 = ORIENTED_EDGE ( 'NONE', *, *, #430, .F. ) ;
#3439 = CARTESIAN_POINT ( 'NONE',  ( 0.1259842519685039353, 0.02755905511811023584, 0.1023622047244094474 ) ) ;
#3440 = UNCERTAINTY_MEASURE_WITH_UNIT (LENGTH_MEASURE( 1.000000000000000082E-05 ), #1930, 'distance_accuracy_value', 'NONE');
#3441 = DIRECTION ( 'NONE',  ( -1.000000000000000000, 0.0000000000000000000, 0.0000000000000000000 ) ) ;
#3442 = EDGE_CURVE ( 'NONE', #3378, #1712, #3403, .T. ) ;
#3443 = VERTEX_POINT ( 'NONE', #3439 ) ;
#3444 = DIRECTION ( 'NONE',  ( 0.0000000000000000000, -1.000000000000000000, 0.0000000000000000000 ) ) ;
#3445 = CARTESIAN_POINT ( 'NONE',  ( -0.1181102362204724532, 0.0000000000000000000, 0.1181102362204724532 ) ) ;
#3446 = AXIS2_PLACEMENT_3D ( 'NONE', #2684, #2415, #275 ) ;
#3447 = AXIS2_PLACEMENT_3D ( 'NONE', #221, #1605, #1321 ) ;
#3448 = DIRECTION ( 'NONE',  ( 0.0000000000000000000, -1.000000000000000000, 0.0000000000000000000 ) ) ;
#3449 = VERTEX_POINT ( 'NONE', #152 ) ;
#3450 = DIRECTION ( 'NONE',  ( 2.168404344971010446E-15, -1.000000000000000000, 0.0000000000000000000 ) ) ;
#3451 = VECTOR ( 'NONE', #971, 39.37007874015748143 ) ;
#3452 = CIRCLE ( 'NONE', #776, 0.005905511811023620231 ) ;
#3453 = LINE ( 'NONE', #1013, #24 ) ;
#3454 = ADVANCED_FACE ( 'NONE', ( #3174 ), #982, .F. ) ;
#3455 = AXIS2_PLACEMENT_3D ( 'NONE', #936, #3432, #177 ) ;
#3456 = VECTOR ( 'NONE', #1209, 39.37007874015748143 ) ;
#3457 = LINE ( 'NONE', #2133, #2806 ) ;
#3458 = VERTEX_POINT ( 'NONE', #687 ) ;
#3459 = LINE ( 'NONE', #1018, #1684 ) ;
#3460 = CYLINDRICAL_SURFACE ( 'NONE', #199, 0.02362204724409448092 ) ;
#3461 = ORIENTED_EDGE ( 'NONE', *, *, #69, .F. ) ;
#3462 = DIRECTION ( 'NONE',  ( 0.0000000000000000000, 0.0000000000000000000, -1.000000000000000000 ) ) ;
#3463 = CIRCLE ( 'NONE', #2379, 0.005905511811023620231 ) ;
#3464 = DIRECTION ( 'NONE',  ( 0.0000000000000000000, 0.0000000000000000000, -1.000000000000000000 ) ) ;
#3465 = ORIENTED_EDGE ( 'NONE', *, *, #2050, .T. ) ;
#3466 = ORIENTED_EDGE ( 'NONE', *, *, #792, .F. ) ;
#3467 = CARTESIAN_POINT ( 'NONE',  ( -0.1185480476730569055, -0.06118778250134625923, -0.09251968503937008093 ) ) ;
#3468 = DIRECTION ( 'NONE',  ( 0.0000000000000000000, -1.000000000000000000, 0.0000000000000000000 ) ) ;
#3469 = EDGE_CURVE ( 'NONE', #3192, #392, #3420, .T. ) ;
#3470 = SURFACE_STYLE_USAGE ( .BOTH. , #2097 ) ;
#3471 = ORIENTED_EDGE ( 'NONE', *, *, #2682, .T. ) ;
#3472 = VERTEX_POINT ( 'NONE', #2619 ) ;
#3473 =( CONVERSION_BASED_UNIT ( 'INCH', #446 ) LENGTH_UNIT ( ) NAMED_UNIT ( #1056 ) );
#3474 = LINE ( 'NONE', #1033, #2932 ) ;
#3475 = ORIENTED_EDGE ( 'NONE', *, *, #1355, .T. ) ;
#3476 = EDGE_CURVE ( 'NONE', #2003, #445, #1646, .T. ) ;
#3477 = CARTESIAN_POINT ( 'NONE',  ( 8.044482527922615261E-18, 0.1692913385826771699, -0.06372088004045453613 ) ) ;
#3478 = EDGE_LOOP ( 'NONE', ( #2563, #3362 ) ) ;
#3479 = LINE ( 'NONE', #1842, #2443 ) ;
#3480 = CARTESIAN_POINT ( 'NONE',  ( 0.1181102362204724532, 0.02755905511811023584, -0.07480314960629921850 ) ) ;
#3481 = EDGE_CURVE ( 'NONE', #3540, #3211, #167, .T. ) ;
#3482 = CARTESIAN_POINT ( 'NONE',  ( 0.1282216153882259901, -0.04242765514639196961, 0.07480314960629921850 ) ) ;
#3483 = ORIENTED_EDGE ( 'NONE', *, *, #2682, .F. ) ;
#3484 = DIRECTION ( 'NONE',  ( 0.0000000000000000000, 1.000000000000000000, 0.0000000000000000000 ) ) ;
#3485 = DIRECTION ( 'NONE',  ( 1.000000000000000000, 1.019578823124772320E-44, 4.701977403289159841E-30 ) ) ;
#3486 = CARTESIAN_POINT ( 'NONE',  ( 0.08858267716535432601, 0.1377952755905511861, -0.08858267716535432601 ) ) ;
#3487 = ORIENTED_EDGE ( 'NONE', *, *, #546, .F. ) ;
#3488 = ORIENTED_EDGE ( 'NONE', *, *, #2067, .T. ) ;
#3489 = CYLINDRICAL_SURFACE ( 'NONE', #1624, 0.007874015748031499423 ) ;
#3490 = CARTESIAN_POINT ( 'NONE',  ( -0.1185480476730569055, -0.06118778250134625923, -0.08464566929133858497 ) ) ;
#3491 = ORIENTED_EDGE ( 'NONE', *, *, #1301, .T. ) ;
#3492 = EDGE_CURVE ( 'NONE', #2309, #1882, #2553, .T. ) ;
#3493 = EDGE_CURVE ( 'NONE', #670, #265, #1514, .T. ) ;
#3494 = CARTESIAN_POINT ( 'NONE',  ( -0.1181102362204724532, 0.02755905511811023584, -0.07480314960629921850 ) ) ;
#3495 = EDGE_CURVE ( 'NONE', #2512, #796, #1825, .T. ) ;
#3496 = DIRECTION ( 'NONE',  ( 0.0000000000000000000, 1.000000000000000000, 0.0000000000000000000 ) ) ;
#3497 = ORIENTED_EDGE ( 'NONE', *, *, #946, .T. ) ;
#3498 = CARTESIAN_POINT ( 'NONE',  ( -0.1122047244094488277, 0.1299212598425196763, 0.1122047244094488277 ) ) ;
#3499 = CARTESIAN_POINT ( 'NONE',  ( -0.1259842519685039353, 0.001910576577067484277, 0.07480314960629921850 ) ) ;
#3500 = ORIENTED_EDGE ( 'NONE', *, *, #894, .T. ) ;
#3501 = EDGE_LOOP ( 'NONE', ( #1703, #254, #2416, #1037 ) ) ;
#3502 = CARTESIAN_POINT ( 'NONE',  ( 0.1259842519685039353, 0.001910576577067484277, -0.1023622047244094474 ) ) ;
#3503 = AXIS2_PLACEMENT_3D ( 'NONE', #433, #2855, #2403 ) ;
#3504 = DIRECTION ( 'NONE',  ( 0.0000000000000000000, 0.0000000000000000000, -1.000000000000000000 ) ) ;
#3505 =( GEOMETRIC_REPRESENTATION_CONTEXT ( 3 ) GLOBAL_UNCERTAINTY_ASSIGNED_CONTEXT ( ( #225 ) ) GLOBAL_UNIT_ASSIGNED_CONTEXT ( ( #1599, #2410, #1935 ) ) REPRESENTATION_CONTEXT ( 'NONE', 'WORKASPACE' ) );
#3506 = ORIENTED_EDGE ( 'NONE', *, *, #1477, .T. ) ;
#3507 = CIRCLE ( 'NONE', #2024, 0.02362204724409448092 ) ;
#3508 = DIRECTION ( 'NONE',  ( 0.0000000000000000000, 0.0000000000000000000, 1.000000000000000000 ) ) ;
#3509 = FACE_OUTER_BOUND ( 'NONE', #487, .T. ) ;
#3510 = VECTOR ( 'NONE', #685, 39.37007874015748143 ) ;
#3511 = AXIS2_PLACEMENT_3D ( 'NONE', #2306, #2913, #2611 ) ;
#3512 = EDGE_CURVE ( 'NONE', #2512, #3443, #3183, .T. ) ;
#3513 = VECTOR ( 'NONE', #2039, 39.37007874015748143 ) ;
#3514 = SHAPE_DEFINITION_REPRESENTATION ( #1174, #70 ) ;
#3515 = CIRCLE ( 'NONE', #1749, 0.005905511811023620231 ) ;
#3516 = FACE_OUTER_BOUND ( 'NONE', #2462, .T. ) ;
#3517 = VERTEX_POINT ( 'NONE', #1573 ) ;
#3518 = PRESENTATION_LAYER_ASSIGNMENT (  '', '', ( #2318 ) ) ;
#3519 = LINE ( 'NONE', #1610, #267 ) ;
#3520 = VECTOR ( 'NONE', #2549, 39.37007874015748143 ) ;
#3521 = CARTESIAN_POINT ( 'NONE',  ( -0.08858267716535432601, 0.1496062992125984370, 0.08858267716535432601 ) ) ;
#3522 = VERTEX_POINT ( 'NONE', #184 ) ;
#3523 = ORIENTED_EDGE ( 'NONE', *, *, #3428, .F. ) ;
#3524 = ADVANCED_FACE ( 'NONE', ( #1322 ), #965, .F. ) ;
#3525 = FACE_OUTER_BOUND ( 'NONE', #2981, .T. ) ;
#3526 = DIRECTION ( 'NONE',  ( -1.000000000000000000, 0.0000000000000000000, 0.0000000000000000000 ) ) ;
#3527 = AXIS2_PLACEMENT_3D ( 'NONE', #2775, #2578, #128 ) ;
#3528 = VERTEX_POINT ( 'NONE', #3193 ) ;
#3529 = CARTESIAN_POINT ( 'NONE',  ( -0.1181102362204724532, 0.1299212598425196763, -0.1181102362204724532 ) ) ;
#3530 = CARTESIAN_POINT ( 'NONE',  ( -0.1181102362204724532, 0.02755905511811023584, -0.1023622047244094474 ) ) ;
#3531 = EDGE_CURVE ( 'NONE', #472, #2411, #1308, .T. ) ;
#3532 = SURFACE_STYLE_USAGE ( .BOTH. , #2219 ) ;
#3533 = FACE_OUTER_BOUND ( 'NONE', #895, .T. ) ;
#3534 = ORIENTED_EDGE ( 'NONE', *, *, #587, .F. ) ;
#3535 = EDGE_CURVE ( 'NONE', #3088, #2906, #1778, .T. ) ;
#3536 = ADVANCED_FACE ( 'NONE', ( #2600 ), #1656, .F. ) ;
#3537 = DIRECTION ( 'NONE',  ( 0.0000000000000000000, 1.000000000000000000, 0.0000000000000000000 ) ) ;
#3538 = DIRECTION ( 'NONE',  ( -2.168404344971010347E-16, 0.0000000000000000000, -1.000000000000000000 ) ) ;
#3539 = ORIENTED_EDGE ( 'NONE', *, *, #3236, .F. ) ;
#3540 = VERTEX_POINT ( 'NONE', #857 ) ;
#3541 = DIRECTION ( 'NONE',  ( 0.0000000000000000000, 0.0000000000000000000, 1.000000000000000000 ) ) ;
ENDSEC;
END-ISO-10303-21;
